,time,open,high,low,close,volume
0,2017-01-03,9.41,9.94,9.41,9.94,1008370
1,2017-01-04,10.12,10.25,9.94,10.12,1006570
2,2017-01-05,10.06,10.18,9.87,10.18,892010
3,2017-01-06,9.94,10.55,9.94,10.28,1151370
4,2017-01-09,10.49,10.68,10.37,10.55,1335810
5,2017-01-10,10.49,10.49,10.37,10.43,693510
6,2017-01-11,10.43,10.92,10.43,10.92,2008310
7,2017-01-12,10.92,10.99,10.74,10.86,739950
8,2017-01-13,10.86,10.86,10.65,10.68,623490
9,2017-01-16,10.93,10.93,10.61,10.61,815390
10,2017-01-17,10.81,11.35,10.77,11.35,3003990
11,2017-01-18,11.35,11.74,11.06,11.13,1624550
12,2017-01-19,11.0,11.35,11.0,11.35,1088370
13,2017-01-20,11.35,11.71,11.32,11.51,2339900
14,2017-01-23,11.51,12.25,11.48,11.77,2995710
15,2017-01-24,11.96,12.06,11.64,11.93,2109910
16,2017-01-25,11.9,12.06,11.64,11.93,2442780
17,2017-02-02,11.96,12.22,11.84,12.03,1314520
18,2017-02-03,12.03,12.16,11.71,11.87,2070490
19,2017-02-06,11.8,11.93,11.67,11.77,1384570
20,2017-02-07,11.71,12.0,11.64,11.67,3218470
21,2017-02-08,11.67,11.74,11.45,11.48,2904010
22,2017-02-09,11.55,11.71,11.55,11.61,1592330
23,2017-02-10,11.61,12.03,11.58,11.93,3566190
24,2017-02-13,11.93,12.0,11.8,11.9,1937220
25,2017-02-14,11.87,12.09,11.87,12.0,2680990
26,2017-02-15,12.0,12.48,12.0,12.41,4804180
27,2017-02-16,12.48,12.64,12.22,12.41,5808080
28,2017-02-17,12.35,12.41,12.12,12.16,2778190
29,2017-02-20,12.06,12.22,11.84,11.9,2694060
30,2017-02-21,12.03,12.12,11.77,11.77,2330830
31,2017-02-22,11.84,11.84,11.48,11.58,3853650
32,2017-02-23,11.64,11.67,11.26,11.51,2473690
33,2017-02-24,11.45,11.84,11.39,11.61,1407370
34,2017-02-27,11.51,11.87,11.48,11.77,1522540
35,2017-02-28,11.77,11.9,11.64,11.74,2586140
36,2017-03-01,11.71,11.74,11.42,11.58,1182670
37,2017-03-02,11.71,11.71,11.51,11.55,816410
38,2017-03-03,11.55,11.8,11.39,11.77,1754040
39,2017-03-06,11.87,12.03,11.77,11.84,1718240
40,2017-03-07,11.74,11.9,11.74,11.77,844680
41,2017-03-08,11.74,12.12,11.61,11.8,1972150
42,2017-03-09,11.8,12.03,11.8,11.84,1281380
43,2017-03-10,11.84,12.0,11.71,11.71,969700
44,2017-03-13,11.71,11.74,11.55,11.55,1059150
45,2017-03-14,11.51,11.64,11.45,11.51,1001120
46,2017-03-15,11.51,11.64,11.42,11.45,1048050
47,2017-03-16,11.51,11.64,11.45,11.48,886330
48,2017-03-17,11.58,11.77,11.58,11.61,696990
49,2017-03-20,11.71,11.84,11.58,11.77,1679060
50,2017-03-21,11.87,12.03,11.84,11.9,2470110
51,2017-03-22,12.03,12.16,11.8,11.8,2382120
52,2017-03-23,11.8,11.93,11.74,11.9,932740
53,2017-03-24,11.96,12.12,11.9,12.03,2471790
54,2017-03-27,12.22,12.38,12.03,12.09,1622690
55,2017-03-28,12.09,12.16,11.84,11.9,992200
56,2017-03-29,11.87,11.9,11.77,11.8,1098970
57,2017-03-30,11.84,11.96,11.8,11.8,992300
58,2017-03-31,11.87,11.87,11.58,11.64,1445170
59,2017-04-03,11.67,11.71,11.51,11.58,1573370
60,2017-04-04,11.64,11.67,11.55,11.55,775940
61,2017-04-05,11.61,11.67,11.51,11.58,798240
62,2017-04-07,11.55,11.64,11.48,11.58,681240
63,2017-04-10,11.58,11.67,11.51,11.51,447310
64,2017-04-11,11.51,11.67,11.42,11.64,1238960
65,2017-04-12,11.58,11.77,11.45,11.45,1144700
66,2017-04-13,11.51,11.61,11.42,11.42,954120
67,2017-04-14,11.32,11.42,11.19,11.26,1645800
68,2017-04-17,11.26,11.45,10.93,10.93,1623170
69,2017-04-18,10.93,11.13,10.9,11.13,1077960
70,2017-04-19,11.1,11.19,11.1,11.13,497490
71,2017-04-20,11.19,11.29,11.03,11.19,453700
72,2017-04-21,11.19,11.19,10.97,11.0,652400
73,2017-04-24,11.0,11.06,10.93,10.93,363620
74,2017-04-25,10.93,11.13,10.9,11.0,286970
75,2017-04-26,10.93,11.13,10.93,11.06,475310
76,2017-04-27,11.06,11.19,11.06,11.13,410720
77,2017-04-28,11.13,11.35,11.06,11.16,692930
78,2017-05-03,11.29,11.32,11.16,11.26,474500
79,2017-05-04,11.26,11.58,11.19,11.45,973500
80,2017-05-05,11.39,11.48,11.35,11.42,421560
81,2017-05-08,11.39,11.51,11.32,11.42,703620
82,2017-05-09,11.35,11.58,11.32,11.55,844220
83,2017-05-10,11.55,11.9,11.51,11.77,1931930
84,2017-05-11,11.84,11.84,11.64,11.64,641050
85,2017-05-12,11.58,11.87,11.58,11.67,703260
86,2017-05-15,11.67,11.71,11.48,11.64,1110290
87,2017-05-16,11.55,11.71,11.39,11.45,815770
88,2017-05-17,11.42,11.61,11.32,11.42,654830
89,2017-05-18,11.45,11.74,11.42,11.55,933490
90,2017-05-19,11.58,11.84,11.58,11.71,1091650
91,2017-05-22,11.9,12.51,11.77,12.35,5170640
92,2017-05-23,12.35,12.51,12.03,12.03,1965190
93,2017-05-24,12.09,12.51,11.9,12.38,2068710
94,2017-05-25,12.38,12.48,12.12,12.16,2220180
95,2017-05-26,12.16,12.35,12.09,12.16,1376370
96,2017-05-29,12.32,12.8,12.32,12.58,5590140
97,2017-05-30,12.58,12.67,12.16,12.16,2589230
98,2017-05-31,12.16,12.32,12.03,12.09,1058830
99,2017-06-01,12.09,12.29,12.0,12.0,1658360
100,2017-06-02,12.03,12.06,11.87,12.03,1569140
101,2017-06-05,12.22,12.29,12.06,12.09,968510
102,2017-06-06,12.12,12.38,12.03,12.35,1433850
103,2017-06-07,12.41,12.9,12.41,12.8,6095440
104,2017-06-08,12.74,12.8,12.48,12.58,1285490
105,2017-06-09,12.58,12.77,12.48,12.48,1210820
106,2017-06-12,12.54,12.67,12.41,12.54,1164340
107,2017-06-13,12.54,12.8,12.45,12.74,1257110
108,2017-06-14,12.86,13.15,12.86,13.03,3179340
109,2017-06-15,12.99,13.44,12.99,13.15,2805430
110,2017-06-16,13.03,13.25,13.03,13.12,982090
111,2017-06-19,13.22,13.38,13.12,13.31,1575050
112,2017-06-20,13.44,13.48,13.28,13.44,1962690
113,2017-06-21,13.44,13.44,12.8,13.03,2667760
114,2017-06-22,13.06,13.15,12.83,12.83,1834770
115,2017-06-23,12.8,12.86,12.64,12.86,1351710
116,2017-06-26,12.83,13.22,12.83,13.03,1228390
117,2017-06-27,13.06,13.12,12.86,12.86,1475230
118,2017-06-28,12.93,12.99,12.67,12.96,1301680
119,2017-06-29,12.86,13.19,12.86,12.96,1535240
120,2017-06-30,12.99,13.03,12.93,13.03,860890
121,2017-07-03,13.06,13.28,12.99,13.28,2640680
122,2017-07-04,13.31,13.31,13.03,13.09,708720
123,2017-07-05,13.19,13.19,13.03,13.12,1118490
124,2017-07-06,13.12,13.19,13.03,13.03,1606330
125,2017-07-07,13.09,13.19,12.8,12.8,1805000
126,2017-07-10,12.8,12.93,12.09,12.61,2645310
127,2017-07-11,12.54,12.67,12.35,12.61,1082800
128,2017-07-12,12.67,12.67,12.41,12.54,682010
129,2017-07-13,12.61,12.67,12.41,12.67,1014010
130,2017-07-14,12.67,12.74,12.41,12.45,904080
131,2017-07-17,12.45,12.48,11.96,12.09,2136590
132,2017-07-18,12.09,12.22,11.96,11.96,2311940
133,2017-07-19,12.12,12.16,12.03,12.16,1650820
134,2017-07-20,12.16,12.22,11.93,12.22,1705080
135,2017-07-21,12.22,12.38,11.96,11.96,1833150
136,2017-07-24,11.96,12.06,11.9,11.96,752680
137,2017-07-25,12.03,12.29,12.03,12.29,1131570
138,2017-07-26,12.38,12.64,12.29,12.51,2445580
139,2017-07-27,12.38,12.54,12.35,12.41,1928880
140,2017-07-28,12.41,12.7,12.38,12.54,2971010
141,2017-07-31,12.67,13.12,12.67,13.12,3214090
142,2017-08-01,13.12,13.12,12.86,12.86,2763120
143,2017-08-02,12.67,13.22,12.61,12.96,4382970
144,2017-08-03,13.03,13.25,12.93,12.96,5127760
145,2017-08-04,12.99,13.06,12.64,12.83,3531350
146,2017-08-07,12.9,12.93,12.7,12.83,2733760
147,2017-08-08,12.83,12.96,12.64,12.64,3342970
148,2017-08-09,12.54,12.61,12.03,12.09,4404510
149,2017-08-10,12.03,12.22,11.9,11.93,3819510
150,2017-08-11,12.0,12.22,11.9,12.22,2764010
151,2017-08-14,12.19,12.45,12.19,12.38,1354330
152,2017-08-15,12.38,12.45,12.22,12.25,1337270
153,2017-08-16,12.19,12.25,12.12,12.16,1198460
154,2017-08-17,12.12,12.22,11.93,11.93,1664970
155,2017-08-18,11.9,12.06,11.77,11.96,1447350
156,2017-08-21,11.93,12.03,11.9,11.93,982260
157,2017-08-22,11.93,11.93,11.74,11.74,1344850
158,2017-08-23,11.74,11.84,11.64,11.74,1722930
159,2017-08-24,11.77,12.19,11.74,12.16,2585570
160,2017-08-25,12.19,12.25,12.06,12.12,1455800
161,2017-08-28,12.12,12.16,12.0,12.12,1047150
162,2017-08-29,12.09,12.16,12.0,12.03,1485040
163,2017-08-30,11.96,12.03,11.93,11.93,624790
164,2017-08-31,12.0,12.35,11.96,12.25,2375340
165,2017-09-01,12.25,12.45,12.19,12.25,2074380
166,2017-09-05,12.22,12.25,12.09,12.16,855200
167,2017-09-06,12.16,12.16,12.0,12.06,1004380
168,2017-09-07,12.06,12.25,12.06,12.16,925180
169,2017-09-08,12.16,12.22,12.06,12.06,1102880
170,2017-09-11,12.06,12.12,11.9,11.93,1130490
171,2017-09-12,11.96,12.06,11.93,12.0,711660
172,2017-09-13,12.0,12.06,11.93,11.96,1068550
173,2017-09-14,11.96,12.09,11.96,12.06,1563930
174,2017-09-15,12.06,12.06,12.0,12.03,561770
175,2017-09-18,12.16,12.45,12.16,12.32,3083780
176,2017-09-19,12.25,12.54,12.25,12.41,2042660
177,2017-09-20,12.45,12.61,12.38,12.54,1592350
178,2017-09-21,12.48,12.74,12.48,12.74,2217490
179,2017-09-22,12.74,12.83,12.58,12.58,3031000
180,2017-09-25,12.58,12.61,12.45,12.48,1507280
181,2017-09-26,12.48,12.64,12.38,12.51,1487760
182,2017-09-27,12.74,12.74,12.54,12.54,1170000
183,2017-09-28,12.48,12.61,12.34,12.34,875410
184,2017-09-29,12.34,12.44,12.28,12.34,740690
185,2017-10-02,12.34,12.54,12.31,12.31,627190
186,2017-10-03,12.31,12.41,12.21,12.28,648210
187,2017-10-04,12.31,12.54,12.28,12.54,856890
188,2017-10-05,12.68,12.84,12.58,12.61,2000400
189,2017-10-06,12.51,12.78,12.51,12.74,1040800
190,2017-10-09,12.81,12.91,12.78,12.81,1696810
191,2017-10-10,12.74,12.78,12.64,12.74,1683150
192,2017-10-11,12.74,12.81,12.58,12.61,1764540
193,2017-10-12,12.61,12.68,12.58,12.58,617660
194,2017-10-13,12.58,12.68,12.48,12.68,601900
195,2017-10-16,12.68,12.81,12.68,12.78,1573280
196,2017-10-17,12.74,12.98,12.74,12.94,3031680
197,2017-10-18,13.08,13.24,12.94,13.01,3831330
198,2017-10-19,13.01,13.08,12.91,13.01,1161020
199,2017-10-20,12.98,13.11,12.88,12.98,1536340
200,2017-10-23,12.98,13.11,12.61,12.64,1928540
201,2017-10-24,12.54,12.71,12.54,12.58,932500
202,2017-10-25,12.64,12.78,12.58,12.74,1403530
203,2017-10-26,12.78,12.78,12.54,12.54,1340130
204,2017-10-27,12.51,12.74,12.51,12.74,757670
205,2017-10-30,12.84,12.94,12.64,12.64,2370310
206,2017-10-31,12.61,12.68,12.51,12.51,928260
207,2017-11-01,12.51,12.64,12.48,12.54,833680
208,2017-11-02,12.58,12.74,12.34,12.34,1511390
209,2017-11-03,12.34,12.51,12.28,12.51,1098240
210,2017-11-06,12.64,12.94,12.51,12.94,2844000
211,2017-11-07,12.88,13.18,12.88,13.01,3253350
212,2017-11-08,12.94,13.35,12.94,13.28,4277710
213,2017-11-09,13.28,13.31,13.04,13.14,1263570
214,2017-11-10,13.21,13.75,13.08,13.61,4956130
215,2017-11-13,13.75,13.75,13.51,13.61,3130510
216,2017-11-14,13.65,14.01,13.61,13.95,2725640
217,2017-11-15,13.88,13.95,13.78,13.88,2307390
218,2017-11-16,13.81,14.01,13.81,14.01,3825870
219,2017-11-17,14.08,14.15,13.71,13.75,3115450
220,2017-11-20,13.81,13.98,13.75,13.88,1631580
221,2017-11-21,14.01,14.41,13.95,14.15,5021360
222,2017-11-22,14.21,15.11,14.18,15.11,4538190
223,2017-11-23,15.41,16.08,15.21,15.81,4993910
224,2017-11-24,15.48,16.01,15.48,15.61,6220670
225,2017-11-27,15.51,15.68,15.45,15.61,3818950
226,2017-11-28,15.61,15.61,15.15,15.41,3515960
227,2017-11-29,15.41,16.08,15.38,16.08,6301250
228,2017-11-30,16.28,16.68,16.01,16.21,5558850
229,2017-12-01,16.21,16.28,15.98,16.05,2577080
230,2017-12-04,16.21,16.28,16.05,16.18,5980970
231,2017-12-05,16.18,16.35,15.65,15.68,4035460
232,2017-12-06,15.68,15.78,15.28,15.68,3331870
233,2017-12-07,15.68,15.75,15.28,15.55,1344350
234,2017-12-08,15.48,15.58,15.21,15.35,1735210
235,2017-12-11,15.08,15.28,14.28,14.28,2925210
236,2017-12-12,14.28,14.61,13.31,14.28,4351440
237,2017-12-13,14.41,14.41,13.91,13.91,1512990
238,2017-12-14,14.01,14.75,13.91,14.68,2318980
239,2017-12-15,14.48,14.81,14.48,14.61,2132900
240,2017-12-18,14.78,15.11,14.75,15.01,2289700
241,2017-12-19,15.15,15.15,14.68,14.71,2591650
242,2017-12-20,14.68,15.08,14.41,14.98,1899870
243,2017-12-21,15.08,15.08,14.75,14.75,1430880
244,2017-12-22,14.51,14.95,14.51,14.88,2121410
245,2017-12-25,14.91,15.01,14.68,14.81,923090
246,2017-12-26,14.95,15.48,14.81,15.45,3050860
247,2017-12-27,15.55,15.81,15.45,15.55,3245260
248,2017-12-28,15.68,16.18,15.48,16.18,2726960
249,2017-12-29,16.28,16.31,15.85,16.15,3806720
250,2018-01-02,16.15,16.68,15.91,16.65,3966440
251,2018-01-03,16.75,16.85,16.31,16.55,3941230
252,2018-01-04,16.55,17.15,16.45,17.15,4995490
253,2018-01-05,17.01,17.08,16.68,16.75,3071940
254,2018-01-08,16.75,17.28,16.65,17.15,5017740
255,2018-01-09,17.22,17.25,16.01,17.15,6561230
256,2018-01-10,17.08,17.48,16.81,17.01,9619750
257,2018-01-11,16.81,17.28,16.68,17.12,4187120
258,2018-01-12,17.15,17.58,16.98,17.08,5148990
259,2018-01-15,17.01,17.58,16.65,17.42,4812150
260,2018-01-16,17.42,17.98,17.42,17.75,7707220
261,2018-01-17,17.75,17.88,16.81,16.81,5012930
262,2018-01-18,16.68,17.01,16.15,17.01,4941490
263,2018-01-19,17.01,17.18,16.71,16.88,4243980
264,2018-01-22,17.08,17.28,16.95,17.18,2806440
265,2018-01-23,17.18,17.18,17.18,17.18,0
266,2018-01-24,17.18,17.18,17.18,17.18,0
267,2018-01-25,17.42,18.35,17.28,17.85,12632930
268,2018-01-26,18.28,18.52,17.92,18.22,8629440
269,2018-01-29,18.28,19.18,18.22,18.88,9535190
270,2018-01-30,18.35,18.82,18.22,18.72,6537380
271,2018-01-31,19.12,19.42,18.15,18.15,8587080
272,2018-02-01,18.48,18.95,18.08,18.18,7765160
273,2018-02-02,18.42,18.85,18.22,18.68,8967630
274,2018-02-05,18.35,18.68,17.38,17.38,7735310
275,2018-02-06,16.18,17.01,16.18,16.25,11384030
276,2018-02-07,17.01,17.38,16.75,17.18,5755430
277,2018-02-08,16.88,17.18,16.35,16.35,3171590
278,2018-02-09,15.41,16.48,15.38,16.35,4778760
279,2018-02-12,17.01,17.48,16.95,17.48,3613760
280,2018-02-13,18.02,18.15,17.75,18.15,4107030
281,2018-02-21,18.68,19.28,18.32,18.58,11195110
282,2018-02-22,18.35,19.72,18.35,19.12,18022260
283,2018-02-23,19.62,20.28,19.35,20.28,13718750
284,2018-02-26,20.82,21.09,20.28,20.48,15151800
285,2018-02-27,20.55,21.42,20.22,21.42,18420040
286,2018-02-28,21.02,22.85,21.02,22.42,18780330
287,2018-03-01,22.02,23.05,21.65,21.82,20611220
288,2018-03-02,21.29,22.22,21.22,21.82,16332340
289,2018-03-05,22.15,22.15,20.35,20.35,14397300
290,2018-03-06,20.89,21.55,20.48,21.55,8655290
291,2018-03-07,21.55,21.85,20.78,21.02,8743530
292,2018-03-08,20.82,21.42,20.82,21.15,4450530
293,2018-03-09,21.55,21.99,21.42,21.62,9019810
294,2018-03-12,22.15,22.55,22.02,22.32,9131840
295,2018-03-13,22.35,23.82,22.32,23.82,14039020
296,2018-03-14,24.02,24.42,23.55,23.72,8598930
297,2018-03-15,23.49,24.69,23.35,24.42,9348680
298,2018-03-16,24.69,24.82,24.12,24.49,7631290
299,2018-03-19,24.92,24.92,23.89,24.22,11655870
300,2018-03-20,23.92,24.35,23.89,24.02,9728470
301,2018-03-21,24.35,24.49,23.95,24.15,8752910
302,2018-03-22,24.29,24.32,23.69,23.89,9074600
303,2018-03-23,23.15,23.62,22.59,23.32,13238950
304,2018-03-26,23.22,23.89,23.09,23.89,7784740
305,2018-03-27,24.35,24.49,23.85,23.89,7589490
306,2018-03-28,23.62,23.95,23.42,23.49,4854050
307,2018-03-29,23.69,23.69,23.22,23.35,4348190
308,2018-03-30,23.35,23.39,22.72,23.09,5396860
309,2018-04-02,23.42,24.22,23.42,24.15,7508660
310,2018-04-03,24.15,24.35,23.95,24.22,5850150
311,2018-04-04,24.42,24.49,23.89,23.95,6987490
312,2018-04-05,24.15,24.15,23.69,23.75,4491490
313,2018-04-06,24.09,24.29,23.79,23.82,5822740
314,2018-04-09,23.95,25.16,23.75,25.16,12738930
315,2018-04-10,25.36,25.52,24.72,24.89,6795480
316,2018-04-11,25.02,25.22,23.82,23.82,9276770
317,2018-04-12,23.62,24.05,23.39,23.82,6157460
318,2018-04-13,24.02,24.09,22.79,22.82,8955730
319,2018-04-16,22.82,23.29,22.15,22.69,4681650
320,2018-04-17,22.75,23.22,22.45,23.22,3718370
321,2018-04-18,23.49,23.52,22.39,22.39,3917470
322,2018-04-19,22.35,22.39,20.95,21.09,9517160
323,2018-04-20,21.49,22.35,20.95,22.35,4349720
324,2018-04-23,22.35,22.55,20.82,20.82,5666300
325,2018-04-24,20.22,21.15,19.88,20.25,5706980
326,2018-04-26,20.25,20.35,18.85,18.85,8261420
327,2018-04-27,18.85,19.72,18.58,19.55,5541550
328,2018-05-02,19.82,19.82,18.18,18.18,5398180
329,2018-05-03,18.18,19.35,17.22,19.35,9431320
330,2018-05-04,19.48,19.62,18.88,19.02,4309260
331,2018-05-07,19.08,20.32,18.98,20.32,6311980
332,2018-05-08,20.05,20.89,20.02,20.28,8128930
333,2018-05-09,20.02,20.48,19.72,20.02,4247880
334,2018-05-10,19.88,20.15,18.68,18.68,7044560
335,2018-05-11,18.62,19.98,18.32,19.62,8676620
336,2018-05-14,19.92,19.95,19.42,19.68,3612060
337,2018-05-15,19.72,20.15,19.58,19.92,5313260
338,2018-05-16,19.82,19.92,19.22,19.42,6053700
339,2018-05-17,19.48,19.72,19.22,19.48,4363180
340,2018-05-18,19.68,19.78,18.78,19.65,5007410
341,2018-05-21,19.75,19.82,19.22,19.22,2892620
342,2018-05-22,18.82,19.18,18.02,18.08,6389160
343,2018-05-23,17.82,18.68,17.78,18.68,5200740
344,2018-05-24,18.68,18.82,18.08,18.25,2609650
345,2018-05-25,18.35,18.48,17.42,17.45,4572900
346,2018-05-28,17.01,17.28,16.25,16.25,7903690
347,2018-05-29,16.88,17.38,16.31,17.38,6822120
348,2018-05-30,17.35,17.78,17.05,17.12,4720830
349,2018-05-31,17.08,18.18,17.08,18.08,5455510
350,2018-06-01,17.88,18.78,17.82,18.32,7380970
351,2018-06-04,18.28,18.75,18.05,18.65,5865720
352,2018-06-05,18.65,19.15,18.55,18.95,7849780
353,2018-06-06,18.95,19.52,18.75,19.32,5455670
354,2018-06-07,19.42,19.42,18.88,18.92,5969420
355,2018-06-08,18.68,19.18,18.68,19.05,4767490
356,2018-06-11,18.82,19.18,18.72,18.72,4624690
357,2018-06-12,18.55,18.62,17.72,18.28,8799030
358,2018-06-13,18.28,18.52,18.05,18.32,2888490
359,2018-06-14,18.28,18.45,17.88,17.88,3232350
360,2018-06-15,17.68,18.15,17.55,18.08,2911510
361,2018-06-18,18.02,18.22,17.25,17.25,4602800
362,2018-06-19,17.01,17.05,16.05,16.95,8256400
363,2018-06-20,17.08,17.52,16.75,17.45,3539880
364,2018-06-21,17.42,17.48,16.88,16.91,2439860
365,2018-06-22,16.68,17.28,16.68,17.28,3017090
366,2018-06-25,17.62,17.85,17.48,17.58,3968730
367,2018-06-26,17.35,17.52,17.18,17.35,2269630
368,2018-06-27,17.38,17.55,16.68,16.68,2295230
369,2018-06-28,16.68,16.85,16.05,16.21,5529200
370,2018-06-29,16.41,16.58,16.08,16.18,3131100
371,2018-07-02,16.01,16.15,15.15,15.41,5922700
372,2018-07-03,15.41,15.55,14.35,14.35,12604080
373,2018-07-04,14.61,14.61,14.01,14.61,4173250
374,2018-07-05,14.48,14.61,13.65,13.68,5581570
375,2018-07-06,13.68,14.61,13.55,14.61,7482830
376,2018-07-09,15.05,15.28,14.68,14.75,5856660
377,2018-07-10,14.81,15.15,14.68,14.91,4742620
378,2018-07-11,14.35,14.55,13.91,13.95,6419960
379,2018-07-12,14.01,14.91,13.91,14.55,4607140
380,2018-07-13,14.95,15.35,14.85,15.08,5166290
381,2018-07-16,15.35,15.48,15.08,15.21,5097690
382,2018-07-17,15.08,16.08,14.91,16.01,9663380
383,2018-07-18,16.15,16.61,16.08,16.61,5547380
384,2018-07-19,16.35,16.65,16.21,16.28,6561280
385,2018-07-20,16.01,16.51,15.75,16.48,7175250
386,2018-07-23,16.35,16.68,15.75,15.75,4660480
387,2018-07-24,15.81,15.95,15.45,15.71,4694830
388,2018-07-25,15.95,15.95,15.21,15.21,4438080
389,2018-07-26,15.21,15.41,15.08,15.35,3833150
390,2018-07-27,15.55,15.88,15.31,15.61,3661800
391,2018-07-30,15.81,15.95,15.65,15.91,3005450
392,2018-07-31,15.88,16.15,15.65,15.75,5360140
393,2018-08-01,15.75,15.85,15.35,15.48,4143490
394,2018-08-02,15.35,15.45,15.08,15.31,4459080
395,2018-08-03,15.45,15.58,15.21,15.25,3338160
396,2018-08-06,15.21,15.55,15.08,15.25,3045600
397,2018-08-07,15.08,15.68,15.08,15.38,3590660
398,2018-08-08,15.45,15.98,15.41,15.98,5566440
399,2018-08-09,16.15,16.38,16.01,16.05,7031950
400,2018-08-10,15.95,16.21,15.88,16.18,4512160
401,2018-08-13,16.18,17.18,16.11,17.18,11399080
402,2018-08-14,17.22,17.38,16.88,16.88,5458820
403,2018-08-15,17.25,17.55,16.68,16.81,9774410
404,2018-08-16,16.55,17.55,16.35,17.45,11227630
405,2018-08-17,17.82,17.92,17.35,17.35,8647290
406,2018-08-20,17.32,17.52,17.15,17.15,5328040
407,2018-08-21,17.08,17.68,16.95,17.68,7109240
408,2018-08-22,17.72,17.88,17.38,17.52,6502340
409,2018-08-23,17.52,17.65,17.25,17.42,6138470
410,2018-08-24,17.38,17.75,17.05,17.42,8362470
411,2018-08-27,17.65,18.28,17.58,18.15,9437840
412,2018-08-28,18.22,18.32,18.08,18.18,6284270
413,2018-08-29,18.18,18.22,17.95,18.02,5534930
414,2018-08-30,18.02,18.65,17.95,18.42,7422130
415,2018-08-31,18.38,18.48,17.98,18.12,5595720
416,2018-09-04,17.98,18.08,17.28,17.28,8071290
417,2018-09-05,17.28,17.55,17.15,17.38,6678740
418,2018-09-06,17.42,17.52,17.15,17.28,3629360
419,2018-09-07,17.22,17.72,17.18,17.68,4308610
420,2018-09-10,17.65,17.75,17.42,17.48,2733190
421,2018-09-11,17.42,18.08,17.42,17.98,6257740
422,2018-09-12,18.12,18.15,17.68,17.68,4889210
423,2018-09-13,17.88,18.08,17.72,17.78,4491540
424,2018-09-14,17.95,18.25,17.88,17.98,6677120
425,2018-09-17,17.98,17.98,17.75,17.75,2912850
426,2018-09-18,17.68,17.95,17.52,17.95,3675180
427,2018-09-19,18.15,18.22,17.88,17.88,5157360
428,2018-09-20,17.95,18.32,17.82,18.32,5641050
429,2018-09-21,18.42,18.88,18.35,18.75,11683350
430,2018-09-24,18.75,18.88,18.55,18.68,4332530
431,2018-09-25,18.55,18.82,18.45,18.55,5786020
432,2018-09-26,18.52,18.82,18.45,18.45,5824170
433,2018-09-27,18.55,18.65,18.38,18.42,4772170
434,2018-09-28,18.48,18.75,18.38,18.38,6073370
435,2018-10-01,18.42,18.55,17.88,18.05,6461870
436,2018-10-02,18.05,18.32,17.78,18.08,7746060
437,2018-10-03,18.22,18.48,18.18,18.35,4127150
438,2018-10-04,18.58,18.62,18.38,18.48,3473930
439,2018-10-05,18.48,18.55,18.08,18.08,5198350
440,2018-10-08,17.95,18.18,17.88,17.92,4657990
441,2018-10-09,17.92,18.02,17.75,17.82,3336170
442,2018-10-10,17.88,17.92,17.58,17.65,3546520
443,2018-10-11,16.81,17.15,16.41,16.41,12082520
444,2018-10-12,16.15,16.95,16.08,16.95,5389190
445,2018-10-15,16.95,17.01,16.51,16.51,2884750
446,2018-10-16,16.55,16.78,16.48,16.78,2005520
447,2018-10-17,17.08,17.15,16.85,16.88,3206460
448,2018-10-18,16.68,17.01,16.58,16.58,3109490
449,2018-10-19,16.35,16.61,16.15,16.48,3112080
450,2018-10-22,16.61,16.68,16.31,16.31,2097350
451,2018-10-23,16.28,16.28,15.51,15.78,5920090
452,2018-10-24,15.78,15.98,15.48,15.48,3019740
453,2018-10-25,14.95,15.45,14.75,15.35,4766130
454,2018-10-26,15.61,15.61,15.01,15.01,1995490
455,2018-10-29,14.88,15.18,14.75,14.75,3684150
456,2018-10-30,14.75,15.05,14.68,14.81,2528950
457,2018-10-31,15.08,15.61,14.95,15.61,5805250
458,2018-11-01,15.68,15.71,15.21,15.25,2567210
459,2018-11-02,15.35,15.88,15.31,15.68,4558920
460,2018-11-05,15.48,15.71,15.45,15.68,2120240
461,2018-11-06,15.81,15.88,15.51,15.51,2694510
462,2018-11-07,15.51,15.68,15.25,15.51,2753710
463,2018-11-08,15.81,15.85,15.48,15.48,2690030
464,2018-11-09,15.28,15.51,15.05,15.08,3077020
465,2018-11-12,15.01,15.11,14.75,14.98,2365260
466,2018-11-13,14.68,14.95,14.68,14.68,3311180
467,2018-11-14,14.68,14.91,13.98,14.15,5671640
468,2018-11-15,14.15,14.48,14.01,14.18,3721830
469,2018-11-16,14.41,14.78,14.28,14.65,3063290
470,2018-11-19,14.78,15.38,14.65,15.38,5513170
471,2018-11-20,15.15,15.65,15.11,15.48,4890140
472,2018-11-21,15.21,15.68,15.18,15.55,3479650
473,2018-11-22,15.75,15.75,15.31,15.31,3322210
474,2018-11-23,15.25,15.41,14.98,14.98,3174400
475,2018-11-26,14.95,15.11,14.95,15.01,1762420
476,2018-11-27,15.15,15.25,14.78,14.88,2219900
477,2018-11-28,14.88,15.18,14.88,15.18,2457300
478,2018-11-29,15.31,15.48,15.15,15.25,4180120
479,2018-11-30,15.18,15.51,15.15,15.35,3545150
480,2018-12-03,15.75,16.15,15.68,16.11,6826140
481,2018-12-04,16.05,16.21,15.81,15.95,4049780
482,2018-12-05,15.68,16.28,15.68,16.08,5058040
483,2018-12-06,15.98,16.11,15.85,15.98,4251890
484,2018-12-07,16.05,16.28,15.98,16.05,4313800
485,2018-12-10,15.75,15.85,15.41,15.41,6683070
486,2018-12-11,15.41,15.61,15.38,15.55,3255860
487,2018-12-12,15.65,15.68,15.55,15.68,2314550
488,2018-12-13,15.71,15.81,15.45,15.45,4164600
489,2018-12-14,15.35,15.48,14.75,14.91,11320020
490,2018-12-17,14.68,14.78,14.41,14.45,5481050
491,2018-12-18,14.21,14.58,14.15,14.31,4927320
492,2018-12-19,14.25,14.31,13.31,13.61,11210140
493,2018-12-20,13.68,13.95,13.38,13.48,6187230
494,2018-12-21,13.41,13.91,13.38,13.91,3621750
495,2018-12-24,13.75,14.01,13.55,13.58,2764900
496,2018-12-25,13.21,13.28,12.78,13.14,4603010
497,2018-12-26,13.28,13.35,12.78,12.88,3119010
498,2018-12-27,13.35,13.38,12.91,12.91,3841050
499,2018-12-28,13.01,13.14,12.84,12.88,2310660
500,2019-01-02,12.84,12.98,12.68,12.68,2420340
501,2019-01-03,12.68,12.81,12.04,12.08,5513360
502,2019-01-04,12.04,12.38,11.81,12.24,3804290
503,2019-01-07,12.54,12.54,12.11,12.11,3982660
504,2019-01-08,12.18,12.18,11.88,11.94,5636280
505,2019-01-09,12.01,12.48,11.94,12.24,5954880
506,2019-01-10,12.28,12.78,12.21,12.58,7326460
507,2019-01-11,12.54,12.84,12.48,12.54,4025750
508,2019-01-14,12.41,12.71,12.38,12.54,4808180
509,2019-01-15,12.54,12.74,12.51,12.61,3074470
510,2019-01-16,12.68,12.74,12.41,12.48,3652310
511,2019-01-17,12.48,12.61,12.31,12.31,3172300
512,2019-01-18,12.41,12.41,12.14,12.14,3403750
513,2019-01-21,12.24,12.98,12.21,12.98,11448210
514,2019-01-22,13.14,13.41,12.98,13.04,9145450
515,2019-01-23,12.98,13.38,12.88,13.31,6937940
516,2019-01-24,13.35,13.68,13.28,13.65,8813040
517,2019-01-25,13.61,13.75,13.38,13.48,5976710
518,2019-01-28,13.48,13.65,13.41,13.58,4441160
519,2019-01-29,13.51,13.88,13.41,13.85,6598310
520,2019-01-30,13.85,13.91,13.65,13.65,2573630
521,2019-01-31,13.71,13.78,13.08,13.14,9039900
522,2019-02-01,13.01,13.45,13.01,13.41,3635060
523,2019-02-11,13.75,13.95,13.55,13.81,3647470
524,2019-02-12,13.81,14.18,13.75,13.91,7612990
525,2019-02-13,13.88,14.18,13.85,13.91,7588170
526,2019-02-14,13.95,14.08,13.88,13.91,5036130
527,2019-02-15,13.81,14.08,13.75,13.88,4246880
528,2019-02-18,13.95,14.15,13.88,13.95,6827190
529,2019-02-19,13.91,14.05,13.68,13.68,8892610
530,2019-02-20,13.68,13.95,13.65,13.75,5477410
531,2019-02-21,13.78,13.78,13.55,13.61,7146910
532,2019-02-22,13.61,14.15,13.48,14.08,13187550
533,2019-02-25,14.35,14.41,14.21,14.21,5931030
534,2019-02-26,14.15,14.31,14.01,14.25,6554030
535,2019-02-27,14.31,14.31,14.08,14.11,5029720
536,2019-02-28,14.11,14.18,13.78,13.88,8048820
537,2019-03-01,13.95,13.98,13.78,13.88,4475980
538,2019-03-04,13.95,14.25,13.91,14.15,6800970
539,2019-03-05,14.15,14.48,14.05,14.18,7944430
540,2019-03-06,14.21,14.28,14.08,14.21,3602700
541,2019-03-07,14.35,14.48,14.25,14.35,8034740
542,2019-03-08,14.21,14.35,14.11,14.15,5363050
543,2019-03-11,14.15,14.21,14.01,14.08,3180430
544,2019-03-12,14.21,14.75,14.01,14.75,9098570
545,2019-03-13,14.91,15.18,14.75,15.05,14616340
546,2019-03-14,15.01,15.18,14.91,15.05,4564370
547,2019-03-15,14.88,15.28,14.81,15.15,8573740
548,2019-03-18,15.28,15.65,15.25,15.61,10114160
549,2019-03-19,15.61,15.61,15.31,15.41,7499460
550,2019-03-20,15.28,15.45,15.05,15.35,9015900
551,2019-03-21,15.35,15.41,14.75,14.75,7177690
552,2019-03-22,14.91,15.08,14.71,15.01,6185060
553,2019-03-25,14.68,14.81,14.45,14.78,7191300
554,2019-03-26,14.98,15.11,14.81,14.91,2997150
555,2019-03-27,15.01,15.21,14.88,15.01,3367730
556,2019-03-28,14.88,15.18,14.88,15.11,2594400
557,2019-03-29,15.18,15.21,14.95,14.98,4161570
558,2019-04-01,15.05,15.05,14.78,14.85,2773610
559,2019-04-02,15.01,15.05,14.68,14.68,2530940
560,2019-04-03,14.58,14.65,14.41,14.55,5020300
561,2019-04-04,14.75,14.88,14.48,14.68,2028650
562,2019-04-05,14.75,14.85,14.61,14.61,2353340
563,2019-04-08,14.61,14.88,14.58,14.88,2617240
564,2019-04-09,14.95,15.08,14.78,14.78,3894020
565,2019-04-10,14.61,14.78,14.58,14.61,2240010
566,2019-04-11,14.61,14.85,14.58,14.65,2063740
567,2019-04-12,14.61,14.71,14.58,14.58,1535700
568,2019-04-16,14.41,14.48,14.21,14.38,3150240
569,2019-04-17,14.45,14.58,14.31,14.31,2156930
570,2019-04-18,14.25,14.35,13.95,14.01,3812000
571,2019-04-19,14.11,14.18,13.88,13.88,2009050
572,2019-04-22,13.88,14.01,13.65,13.68,2309880
573,2019-04-23,13.81,14.15,13.68,13.91,2447700
574,2019-04-24,14.08,14.38,14.01,14.28,2446780
575,2019-04-25,14.21,14.28,14.05,14.05,1295490
576,2019-04-26,14.05,14.21,14.01,14.18,1447680
577,2019-05-02,14.21,14.21,13.95,14.01,1919560
578,2019-05-03,13.95,14.11,13.91,13.95,1724730
579,2019-05-06,13.75,13.81,13.58,13.65,2472430
580,2019-05-07,13.68,13.88,13.51,13.61,1493980
581,2019-05-08,13.45,13.65,13.41,13.65,1787060
582,2019-05-09,13.61,13.75,13.38,13.41,1996910
583,2019-05-10,13.48,13.68,13.45,13.55,1696620
584,2019-05-13,13.61,13.91,13.55,13.65,1929660
585,2019-05-14,13.51,13.78,13.51,13.71,2101030
586,2019-05-15,13.78,14.11,13.78,14.11,3676840
587,2019-05-16,14.11,14.25,14.01,14.08,2446250
588,2019-05-17,14.08,14.25,14.01,14.15,2576280
589,2019-05-20,14.15,14.35,14.08,14.25,2854020
590,2019-05-21,14.25,14.35,14.15,14.18,2301740
591,2019-05-22,14.21,14.48,14.18,14.38,4998510
592,2019-05-23,14.35,14.41,14.21,14.35,1878120
593,2019-05-24,14.25,14.35,14.15,14.15,2200020
594,2019-05-27,14.11,14.18,14.01,14.15,1710820
595,2019-05-28,14.15,14.15,13.95,14.01,2024820
596,2019-05-29,13.95,13.98,13.78,13.78,2326330
597,2019-05-30,13.75,13.91,13.68,13.78,1569920
598,2019-05-31,13.85,13.85,13.55,13.55,2022410
599,2019-06-03,13.41,13.58,13.28,13.28,3077110
600,2019-06-04,13.35,13.48,13.28,13.35,2031330
601,2019-06-05,13.55,13.71,13.41,13.41,1915720
602,2019-06-06,13.41,13.58,13.31,13.55,1981740
603,2019-06-07,13.61,13.65,13.55,13.65,1389360
604,2019-06-10,13.81,13.85,13.65,13.68,2476670
605,2019-06-11,13.68,13.71,13.65,13.68,1143400
606,2019-06-12,13.65,13.68,13.51,13.51,1213370
607,2019-06-13,13.48,13.58,13.45,13.45,1334410
608,2019-06-14,13.51,13.75,13.45,13.55,2793720
609,2019-06-17,13.61,13.75,13.58,13.65,2429080
610,2019-06-18,13.68,13.75,13.51,13.51,1778110
611,2019-06-19,13.61,13.68,13.51,13.51,1428770
612,2019-06-20,13.51,14.01,13.48,14.01,5390770
613,2019-06-21,14.15,14.28,13.98,14.28,4663670
614,2019-06-24,14.25,14.35,14.11,14.28,3859260
615,2019-06-25,14.11,14.28,14.05,14.05,3629470
616,2019-06-26,13.98,14.25,13.95,13.95,3109850
617,2019-06-27,13.91,13.95,13.75,13.78,4239030
618,2019-06-28,13.81,13.85,13.01,13.01,4143360
619,2019-07-01,13.65,13.91,13.55,13.91,3636530
620,2019-07-02,14.01,14.11,13.85,13.88,2581680
621,2019-07-03,13.81,14.11,13.78,14.05,4071120
622,2019-07-04,14.11,14.18,13.98,14.11,2421940
623,2019-07-05,14.11,14.31,14.01,14.11,3183640
624,2019-07-08,14.11,14.11,13.85,13.95,3247610
625,2019-07-09,13.95,14.08,13.91,13.98,2437260
626,2019-07-10,14.01,14.21,14.01,14.01,2666090
627,2019-07-11,14.08,14.45,14.08,14.38,5419950
628,2019-07-12,14.41,14.51,14.25,14.31,3416020
629,2019-07-15,14.31,14.41,14.25,14.35,1998860
630,2019-07-16,14.35,14.51,14.35,14.48,5202320
631,2019-07-17,14.55,14.68,14.45,14.61,4406650
632,2019-07-18,14.48,14.61,14.45,14.45,2817020
633,2019-07-19,14.65,14.78,14.55,14.58,6736500
634,2019-07-22,14.58,14.71,14.38,14.41,3295120
635,2019-07-23,14.41,14.51,14.38,14.45,2923250
636,2019-07-24,14.51,14.55,14.18,14.18,3844740
637,2019-07-25,14.18,14.31,14.15,14.18,2757240
638,2019-07-26,14.25,14.28,14.15,14.15,2030860
639,2019-07-29,14.15,14.18,13.88,13.95,2591880
640,2019-07-30,14.08,14.11,13.81,13.81,2545270
641,2019-07-31,13.81,13.91,13.78,13.85,2200930
642,2019-08-01,13.88,13.88,13.55,13.61,2806750
643,2019-08-02,13.48,13.81,13.45,13.58,3314870
644,2019-08-05,13.65,13.65,13.51,13.58,2811330
645,2019-08-06,13.31,13.55,13.31,13.48,3546800
646,2019-08-07,13.48,13.61,13.38,13.48,1426570
647,2019-08-08,13.55,13.65,13.41,13.65,2257320
648,2019-08-09,13.65,13.81,13.58,13.68,2169710
649,2019-08-12,13.68,13.71,13.51,13.58,2294430
650,2019-08-13,13.48,13.75,13.45,13.75,2312360
651,2019-08-14,13.88,13.91,13.68,13.68,2708730
652,2019-08-15,13.41,13.61,13.41,13.61,2300810
653,2019-08-16,13.71,13.88,13.55,13.68,3255150
654,2019-08-19,13.75,13.88,13.68,13.68,1255700
655,2019-08-20,13.68,13.78,13.65,13.75,2188250
656,2019-08-21,13.75,13.98,13.68,13.85,4601730
657,2019-08-22,13.98,13.98,13.75,13.75,1977380
658,2019-08-23,13.75,13.81,13.68,13.68,1872130
659,2019-08-26,13.51,13.61,13.45,13.55,3443430
660,2019-08-27,13.65,13.68,13.48,13.55,1948770
661,2019-08-28,13.55,13.58,13.48,13.51,910800
662,2019-08-29,13.55,13.55,13.41,13.48,972120
663,2019-08-30,13.48,13.58,13.48,13.48,1443900
664,2019-09-03,13.48,13.55,13.31,13.31,1643850
665,2019-09-04,13.35,13.45,13.24,13.35,1681830
666,2019-09-05,13.45,13.48,13.31,13.31,1321560
667,2019-09-06,13.31,13.45,13.28,13.28,1224750
668,2019-09-09,13.28,13.38,13.28,13.31,1119280
669,2019-09-10,13.35,13.38,13.14,13.18,2170690
670,2019-09-11,13.21,13.24,13.14,13.21,1106570
671,2019-09-12,13.24,13.48,13.21,13.45,1076510
672,2019-09-13,13.45,13.95,13.38,13.91,6366050
673,2019-09-16,13.81,14.11,13.81,13.85,3335520
674,2019-09-17,13.78,13.88,13.75,13.85,1413640
675,2019-09-18,13.81,14.08,13.78,13.88,4935270
676,2019-09-19,13.91,14.21,13.91,14.18,4698360
677,2019-09-20,14.18,14.21,14.05,14.08,1829910
678,2019-09-23,14.08,14.18,14.01,14.01,2356580
679,2019-09-24,14.01,14.08,13.85,13.85,3494440
680,2019-09-25,13.81,13.95,13.78,13.88,1672570
681,2019-09-26,13.95,14.11,13.95,14.11,2309330
682,2019-09-27,14.11,14.21,14.11,14.11,2404330
683,2019-09-30,14.18,14.31,14.08,14.11,3543070
684,2019-10-01,14.21,14.21,14.05,14.21,2506360
685,2019-10-02,14.18,14.28,13.98,14.01,2310670
686,2019-10-03,13.91,14.01,13.85,14.01,2030560
687,2019-10-04,14.05,14.05,13.75,13.75,2187870
688,2019-10-07,13.78,13.85,13.71,13.71,1892500
689,2019-10-08,13.75,13.88,13.68,13.85,1145820
690,2019-10-09,13.88,14.31,13.88,14.21,6132090
691,2019-10-10,14.21,14.28,14.11,14.11,2285400
692,2019-10-11,14.11,14.25,14.11,14.11,1561780
693,2019-10-14,14.31,14.65,14.25,14.48,7099870
694,2019-10-15,14.48,14.55,14.41,14.48,2489320
695,2019-10-16,14.58,14.75,14.55,14.61,4123220
696,2019-10-17,14.58,14.68,14.55,14.61,3322020
697,2019-10-18,14.61,14.65,14.35,14.41,2938470
698,2019-10-21,14.35,14.41,14.18,14.18,3510490
699,2019-10-22,14.18,14.41,14.18,14.41,1925300
700,2019-10-23,14.41,14.55,14.25,14.31,1940210
701,2019-10-24,14.35,14.41,14.28,14.35,1579900
702,2019-10-25,14.35,14.68,14.28,14.68,4362760
703,2019-10-28,14.75,14.91,14.68,14.68,3023720
704,2019-10-29,14.75,14.98,14.68,14.71,3264130
705,2019-10-30,14.68,14.91,14.68,14.78,3029000
706,2019-10-31,14.88,14.95,14.68,14.68,2389060
707,2019-11-01,14.61,14.88,14.58,14.88,4250320
708,2019-11-04,14.95,15.18,14.91,14.98,5847460
709,2019-11-05,15.01,15.05,14.95,14.95,2659250
710,2019-11-06,14.95,15.08,14.88,14.88,3253010
711,2019-11-07,14.88,14.95,14.78,14.85,2959680
712,2019-11-08,14.95,15.01,14.85,14.88,2175750
713,2019-11-11,14.91,15.05,14.65,14.65,3877190
714,2019-11-12,14.65,14.78,14.61,14.68,2746490
715,2019-11-13,14.71,14.98,14.41,14.58,8802490
716,2019-11-14,14.55,14.55,14.41,14.41,2281670
717,2019-11-15,14.41,14.61,14.35,14.48,2515020
718,2019-11-18,14.45,14.45,14.28,14.28,5830220
719,2019-11-19,14.31,14.41,14.28,14.35,3701630
720,2019-11-20,14.35,14.38,14.21,14.21,2914790
721,2019-11-21,14.21,14.35,14.11,14.21,4749840
722,2019-11-22,14.28,14.31,13.88,14.08,4060050
723,2019-11-25,14.15,14.15,13.95,14.11,2228300
724,2019-11-26,14.18,14.18,14.05,14.15,2125800
725,2019-11-27,14.15,14.21,14.05,14.05,1670250
726,2019-11-28,14.05,14.05,13.65,13.65,3637750
727,2019-11-29,13.68,13.71,13.51,13.65,3157760
728,2019-12-02,13.61,13.65,13.21,13.21,3939590
729,2019-12-03,13.01,13.35,13.01,13.08,3746930
730,2019-12-04,13.14,13.68,13.04,13.65,3727730
731,2019-12-05,13.68,13.68,13.41,13.41,1382950
732,2019-12-06,13.38,13.58,13.38,13.55,1845310
733,2019-12-09,13.48,13.58,13.45,13.45,2198400
734,2019-12-10,13.48,13.48,13.31,13.38,2293020
735,2019-12-11,13.38,13.45,13.14,13.24,2570270
736,2019-12-12,13.28,13.51,13.28,13.45,1909480
737,2019-12-13,13.51,13.81,13.51,13.75,3962760
738,2019-12-16,13.75,13.75,13.55,13.55,1437460
739,2019-12-17,13.58,13.71,13.51,13.51,1689580
740,2019-12-18,13.48,13.61,13.45,13.45,1746820
741,2019-12-19,13.48,13.55,13.35,13.45,1339070
742,2019-12-20,13.45,13.65,13.41,13.58,1068060
743,2019-12-23,13.61,13.88,13.61,13.71,3308670
744,2019-12-24,13.78,13.78,13.61,13.75,1254620
745,2019-12-25,13.68,13.88,13.68,13.75,1381280
746,2019-12-26,13.75,13.81,13.65,13.75,2075490
747,2019-12-27,13.78,13.78,13.58,13.78,1589060
748,2019-12-30,13.81,14.08,13.78,14.05,4624920
749,2019-12-31,14.11,14.15,13.91,13.95,1742690
750,2020-01-02,13.95,14.51,13.91,14.35,4347610
751,2020-01-03,14.48,14.58,14.18,14.21,3626640
752,2020-01-06,14.15,14.48,14.08,14.25,3173480
753,2020-01-07,14.41,14.58,14.31,14.48,4163600
754,2020-01-08,14.38,14.78,14.21,14.45,9864300
755,2020-01-09,14.58,15.08,14.58,14.98,8592300
756,2020-01-10,15.01,16.01,15.01,15.71,14701830
757,2020-01-13,15.55,16.01,15.48,15.48,5317470
758,2020-01-14,15.51,15.88,15.48,15.68,7040780
759,2020-01-15,15.68,15.81,15.51,15.75,4364850
760,2020-01-16,15.81,16.65,15.78,16.61,8002680
761,2020-01-17,16.81,16.95,16.41,16.65,6412750
762,2020-01-20,16.61,16.88,16.51,16.75,4737420
763,2020-01-21,16.81,17.22,16.75,16.88,6063350
764,2020-01-22,16.88,17.18,16.71,17.08,4747210
765,2020-01-30,16.65,16.91,16.01,16.25,11319200
766,2020-01-31,16.41,16.85,16.28,16.28,11815850
767,2020-02-03,15.68,16.81,15.51,16.78,13869450
768,2020-02-04,16.95,17.95,16.91,17.95,14852770
769,2020-02-05,18.28,18.55,17.72,17.72,11732260
770,2020-02-06,17.82,18.75,17.58,18.52,10566600
771,2020-02-07,18.35,18.45,17.78,17.95,8960350
772,2020-02-10,17.52,18.22,17.48,17.75,6287560
773,2020-02-11,17.95,18.52,17.92,18.52,6762320
774,2020-02-12,18.98,18.98,18.15,18.15,10390830
775,2020-02-13,18.25,18.42,17.68,18.18,9485770
776,2020-02-14,18.25,18.25,17.82,17.88,6108570
777,2020-02-17,17.95,18.05,17.62,17.72,5818090
778,2020-02-18,17.82,18.18,17.75,17.82,7231540
779,2020-02-19,17.88,18.15,17.88,18.02,5895360
780,2020-02-20,18.25,18.48,17.78,17.95,9011120
781,2020-02-21,17.88,17.95,17.12,17.25,12049570
782,2020-02-24,16.75,16.95,16.25,16.28,12317180
783,2020-02-25,16.28,17.42,16.25,17.42,9764100
784,2020-02-26,17.05,17.48,16.95,17.22,6229210
785,2020-02-27,17.18,17.48,17.08,17.48,5524580
786,2020-02-28,17.01,17.38,16.68,17.18,7892390
787,2020-03-02,17.32,17.38,16.95,17.01,4873970
788,2020-03-03,17.48,17.98,17.32,17.65,9514110
789,2020-03-04,17.55,17.65,17.35,17.65,4587660
790,2020-03-05,17.88,17.92,17.45,17.45,5997630
791,2020-03-06,17.22,17.38,16.98,17.22,5353340
792,2020-03-09,16.08,16.48,16.01,16.01,10773760
793,2020-03-10,16.01,16.71,15.45,16.35,11071330
794,2020-03-11,16.55,16.68,15.25,15.48,8522410
795,2020-03-12,14.68,14.95,14.41,14.55,11314020
796,2020-03-13,13.68,14.95,13.55,14.65,10540670
797,2020-03-16,14.65,14.71,13.68,13.68,7506240
798,2020-03-17,13.35,14.15,12.94,14.01,7946050
799,2020-03-18,14.21,14.38,13.98,13.98,6424470
800,2020-03-19,13.68,13.75,13.24,13.41,4724410
801,2020-03-20,13.61,13.68,13.11,13.21,6426820
802,2020-03-23,12.54,12.68,12.31,12.31,6448830
803,2020-03-24,12.31,12.48,11.78,12.21,6361270
804,2020-03-25,12.68,13.04,12.54,13.04,7041040
805,2020-03-26,12.71,13.08,12.54,12.54,5121770
806,2020-03-27,12.68,12.74,12.48,12.68,6261510
807,2020-03-30,11.91,12.01,11.81,11.81,7331160
808,2020-03-31,12.01,12.34,11.08,11.48,6102570
809,2020-04-01,11.34,12.24,11.34,12.21,5514550
810,2020-04-03,12.41,12.68,12.34,12.54,4625590
811,2020-04-06,12.88,13.41,12.68,13.41,10557010
812,2020-04-07,13.48,13.51,13.08,13.24,7256090
813,2020-04-08,12.88,13.35,12.74,13.14,4637260
814,2020-04-09,13.35,13.58,13.21,13.21,7265280
815,2020-04-10,13.21,13.41,12.88,12.98,5700980
816,2020-04-13,12.94,13.35,12.84,13.08,4183300
817,2020-04-14,13.04,13.18,12.54,12.81,7389910
818,2020-04-15,12.81,13.31,12.81,13.24,6758040
819,2020-04-16,13.08,13.28,12.94,13.21,3710320
820,2020-04-17,13.68,13.68,13.35,13.41,8578720
821,2020-04-20,13.55,13.65,13.24,13.24,6291720
822,2020-04-21,13.11,13.18,12.51,12.54,9299890
823,2020-04-22,12.28,13.14,12.28,12.84,6363800
824,2020-04-23,13.01,13.14,12.81,12.81,2950110
825,2020-04-24,12.81,12.88,12.68,12.81,2871100
826,2020-04-27,12.94,12.94,12.58,12.58,4305890
827,2020-04-28,12.58,12.88,12.48,12.71,3942840
828,2020-04-29,12.88,13.35,12.74,13.35,9337270
829,2020-05-04,13.18,13.65,13.04,13.38,7526760
830,2020-05-05,13.38,13.45,13.11,13.24,2976380
831,2020-05-06,13.31,13.55,13.04,13.48,6890670
832,2020-05-07,13.48,13.78,13.41,13.61,7523830
833,2020-05-08,13.81,14.45,13.75,13.95,12666220
834,2020-05-11,14.31,14.38,13.95,14.18,7654090
835,2020-05-12,14.11,14.55,13.91,14.45,6576780
836,2020-05-13,14.28,14.65,14.11,14.45,6959000
837,2020-05-14,14.28,14.51,14.25,14.25,5828440
838,2020-05-15,14.38,14.41,13.91,13.95,7303040
839,2020-05-18,13.98,14.25,13.81,14.25,5204650
840,2020-05-19,14.68,14.98,14.55,14.88,11023040
841,2020-05-20,14.68,14.88,14.61,14.88,5342980
842,2020-05-21,14.91,15.51,14.88,15.31,10616250
843,2020-05-22,15.21,15.75,15.11,15.21,7637850
844,2020-05-25,15.28,15.58,15.15,15.38,6731270
845,2020-05-26,15.38,15.55,15.25,15.45,6282980
846,2020-05-27,15.55,15.65,14.95,14.95,8420990
847,2020-05-28,15.05,15.31,14.91,15.05,5936110
848,2020-05-29,14.98,15.15,14.98,15.01,3561630
849,2020-06-01,15.21,15.68,15.15,15.68,7120400
850,2020-06-02,15.88,16.21,15.61,15.65,9588410
851,2020-06-03,15.75,16.05,15.71,16.01,6901900
852,2020-06-04,16.15,16.61,16.08,16.45,8945730
853,2020-06-05,16.35,16.48,16.15,16.31,5424300
854,2020-06-08,16.58,16.81,16.41,16.61,7059480
855,2020-06-09,16.68,16.68,16.15,16.15,6702380
856,2020-06-10,16.15,16.68,16.08,16.45,8248360
857,2020-06-11,16.48,16.55,15.31,15.31,9257760
858,2020-06-12,14.75,15.55,14.75,15.55,7094300
859,2020-06-15,15.48,15.68,14.75,14.88,7929180
860,2020-06-16,15.35,15.51,15.15,15.51,4034460
861,2020-06-17,15.35,15.51,15.28,15.35,2469120
862,2020-06-18,15.15,15.48,15.15,15.28,1954210
863,2020-06-19,15.45,15.61,15.31,15.58,2865250
864,2020-06-22,15.65,15.81,15.51,15.65,2986770
865,2020-06-23,15.61,15.71,15.38,15.51,2896760
866,2020-06-24,15.61,15.71,15.15,15.21,3055390
867,2020-06-25,15.01,15.25,14.95,15.15,2550180
868,2020-06-26,15.35,15.38,14.95,15.05,2337220
869,2020-06-29,14.91,15.05,14.45,14.61,4603180
870,2020-06-30,14.85,14.95,14.28,14.38,2812450
871,2020-07-01,14.45,14.88,14.38,14.88,2104360
872,2020-07-02,14.95,15.01,14.75,14.88,1743240
873,2020-07-03,14.91,14.98,14.88,14.88,2149960
874,2020-07-06,15.08,15.55,14.98,15.38,4849180
875,2020-07-07,15.55,15.81,15.48,15.65,6656300
876,2020-07-08,15.65,16.01,15.55,15.78,5304630
877,2020-07-09,15.81,16.15,15.71,16.08,6047940
878,2020-07-10,16.01,16.11,15.71,15.88,4645000
879,2020-07-13,16.01,16.41,15.98,15.98,6127280
880,2020-07-14,15.98,16.21,15.88,16.05,4016980
881,2020-07-15,16.21,16.25,16.08,16.08,2637330
882,2020-07-16,16.01,16.08,15.81,16.08,3780830
883,2020-07-17,16.01,16.21,15.88,16.08,3452100
884,2020-07-20,16.08,16.08,15.85,15.88,2923970
885,2020-07-21,15.95,15.98,15.65,15.91,2745180
886,2020-07-22,15.98,15.98,15.58,15.58,2698500
887,2020-07-23,15.68,15.68,15.35,15.58,2989960
888,2020-07-24,15.38,15.51,14.55,14.85,8461420
889,2020-07-27,14.21,14.61,13.81,13.81,7535580
890,2020-07-28,14.11,14.55,14.01,14.48,4278520
891,2020-07-29,14.15,14.21,13.61,13.91,4708610
892,2020-07-30,14.05,14.31,14.01,14.25,2574820
893,2020-07-31,14.01,14.35,13.95,14.15,2928540
894,2020-08-03,14.15,14.55,14.11,14.51,2692490
895,2020-08-04,14.75,14.88,14.61,14.71,3115850
896,2020-08-05,14.75,15.15,14.68,15.11,4575550
897,2020-08-06,15.11,15.21,14.91,14.95,2859860
898,2020-08-07,15.08,15.28,14.98,15.18,3870640
899,2020-08-10,15.41,15.61,15.21,15.21,4070190
900,2020-08-11,15.51,15.55,15.21,15.48,3873130
901,2020-08-12,15.55,15.88,15.48,15.61,4361920
902,2020-08-13,15.85,15.95,15.81,15.85,5131270
903,2020-08-14,15.78,15.91,15.51,15.68,5238720
904,2020-08-17,15.51,15.71,15.45,15.68,2898140
905,2020-08-18,15.68,15.71,15.41,15.48,2681950
906,2020-08-19,15.48,15.68,15.45,15.55,2560050
907,2020-08-20,15.65,15.71,15.51,15.55,4210180
908,2020-08-21,15.68,16.28,15.68,16.21,9577820
909,2020-08-24,16.41,16.55,16.28,16.28,4407840
910,2020-08-25,16.38,16.58,16.28,16.48,5203350
911,2020-08-26,16.35,16.75,16.31,16.48,6796160
912,2020-08-27,16.41,16.71,16.41,16.51,3085280
913,2020-08-28,16.61,16.95,16.55,16.75,9589990
914,2020-08-31,17.15,17.48,16.81,17.15,7359810
915,2020-09-01,17.15,17.45,17.08,17.45,4773840
916,2020-09-03,17.58,17.75,17.25,17.32,8343610
917,2020-09-04,17.08,17.62,17.08,17.35,6578630
918,2020-09-07,17.42,17.45,16.68,16.68,8021370
919,2020-09-08,16.85,17.05,16.55,17.05,5505960
920,2020-09-09,16.75,17.01,16.71,16.88,3872280
921,2020-09-10,16.95,17.12,16.88,16.88,2655550
922,2020-09-11,16.78,17.15,16.78,17.08,3472470
923,2020-09-14,17.35,17.35,17.05,17.08,2823060
924,2020-09-15,17.12,17.18,16.95,16.95,3265100
925,2020-09-16,16.98,16.98,16.78,16.81,3970480
926,2020-09-17,16.88,17.12,16.85,16.88,3996280
927,2020-09-18,17.01,17.25,16.95,17.22,4213030
928,2020-09-21,17.35,17.45,17.08,17.18,5072680
929,2020-09-22,17.08,17.25,17.01,17.22,4239110
930,2020-09-23,17.32,17.75,17.28,17.52,6418220
931,2020-09-24,17.48,17.55,17.25,17.35,3582600
932,2020-09-25,17.42,17.48,17.15,17.48,4630970
933,2020-09-28,17.62,18.32,17.62,18.12,12014920
934,2020-09-29,18.28,18.28,17.75,17.75,5950290
935,2020-09-30,17.75,17.85,17.52,17.72,4764680
936,2020-10-01,17.92,18.02,17.72,17.75,5391110
937,2020-10-02,18.08,18.28,17.55,17.98,13241830
938,2020-10-05,18.35,18.45,18.18,18.35,5939210
939,2020-10-06,18.42,18.45,18.15,18.15,5909080
940,2020-10-07,18.08,18.52,18.02,18.02,8357770
941,2020-10-08,18.15,18.28,17.88,18.12,6514330
942,2020-10-09,18.15,18.55,18.15,18.45,10113630
943,2020-10-12,19.72,19.72,19.18,19.42,16827340
944,2020-10-13,19.35,20.68,19.18,20.38,10920290
945,2020-10-14,20.48,20.58,20.02,20.02,8338720
946,2020-10-15,20.15,20.35,20.02,20.05,10107170
947,2020-10-16,20.35,20.99,20.15,20.78,12956750
948,2020-10-19,21.42,21.65,21.29,21.45,9648680
949,2020-10-20,21.25,21.55,21.15,21.42,9963500
950,2020-10-21,21.49,21.65,20.72,20.72,9191450
951,2020-10-22,20.68,21.35,20.55,21.35,8715860
952,2020-10-23,21.49,21.52,21.09,21.22,6636530
953,2020-10-26,21.29,21.29,20.35,20.35,8904630
954,2020-10-27,20.35,20.75,20.18,20.52,11228060
955,2020-10-28,20.35,20.65,19.95,19.95,7936180
956,2020-10-29,19.82,20.15,19.42,19.42,11708930
957,2020-10-30,19.55,19.68,18.82,19.35,9099270
958,2020-11-02,19.55,20.28,19.48,20.28,5194990
959,2020-11-03,20.45,20.48,20.08,20.15,4957760
960,2020-11-04,20.22,20.68,20.08,20.42,7152600
961,2020-11-05,20.35,20.62,20.18,20.18,5810810
962,2020-11-06,20.22,20.45,20.15,20.18,5382100
963,2020-11-09,20.45,20.75,20.45,20.65,7890820
964,2020-11-10,20.82,20.99,20.42,20.42,8706210
965,2020-11-11,20.52,20.62,20.28,20.35,6063870
966,2020-11-12,20.42,20.85,20.42,20.68,5609690
967,2020-11-13,20.82,21.35,20.82,21.32,10712410
968,2020-11-16,21.65,21.82,21.22,21.29,15774840
969,2020-11-17,21.49,21.79,21.35,21.69,8707180
970,2020-11-18,21.69,21.95,21.59,21.85,7298690
971,2020-11-19,21.85,22.22,21.72,22.22,13599610
972,2020-11-20,22.25,22.32,21.99,22.15,7237750
973,2020-11-23,22.15,22.15,21.75,21.95,7136380
974,2020-11-24,22.12,22.12,21.69,21.85,8848310
975,2020-11-25,22.15,22.35,21.95,22.02,10715800
976,2020-11-26,22.02,22.85,21.99,22.72,11623080
977,2020-11-27,22.82,23.02,22.69,22.72,6224220
978,2020-11-30,22.72,22.82,22.35,22.35,11002280
979,2020-12-01,22.02,22.69,21.95,22.62,9713470
980,2020-12-02,22.62,22.82,22.42,22.52,8657370
981,2020-12-03,22.55,22.72,22.49,22.55,6256350
982,2020-12-04,22.69,23.29,22.62,23.15,18959210
983,2020-12-07,23.35,23.42,23.09,23.15,7312770
984,2020-12-08,23.15,23.19,22.89,23.02,8604990
985,2020-12-09,23.02,23.29,22.99,23.02,8148750
986,2020-12-10,23.02,23.29,22.69,22.69,10188750
987,2020-12-11,22.95,23.22,22.65,23.19,8093800
988,2020-12-14,23.55,23.75,23.29,23.62,10847590
989,2020-12-15,23.62,23.62,23.12,23.35,10988240
990,2020-12-16,23.42,23.69,23.42,23.62,7708110
991,2020-12-17,23.62,23.76,23.08,23.08,14327750
992,2020-12-18,23.21,23.42,23.08,23.42,5660480
993,2020-12-21,23.48,23.99,23.35,23.59,7880530
994,2020-12-22,23.76,23.96,23.52,23.55,6431410
995,2020-12-23,23.69,23.69,23.28,23.35,5748780
996,2020-12-24,23.35,23.55,21.79,22.98,8307780
997,2020-12-25,23.08,23.48,22.54,23.48,8006910
998,2020-12-28,23.76,23.82,23.15,23.21,6379650
999,2020-12-29,23.21,23.38,23.08,23.11,5009810
1000,2020-12-30,23.25,23.65,23.11,23.25,5580940
1001,2020-12-31,23.32,23.52,23.25,23.38,4513160
1002,2021-01-04,23.69,24.36,23.62,24.03,14041500
1003,2021-01-05,23.96,24.33,23.82,23.96,9215200
1004,2021-01-06,24.36,25.62,24.16,25.62,15419900
1005,2021-01-07,26.06,26.84,25.99,26.29,10679600
1006,2021-01-08,26.73,26.73,26.06,26.19,8380100
1007,2021-01-11,26.33,26.8,26.12,26.19,10911700
1008,2021-01-12,26.19,26.33,25.79,26.06,9154200
1009,2021-01-13,26.16,26.7,26.06,26.16,9063900
1010,2021-01-14,26.4,26.63,26.06,26.5,8275700
1011,2021-01-15,26.73,27.14,26.6,26.73,11321800
1012,2021-01-18,26.8,26.97,26.12,26.12,7197000
1013,2021-01-19,26.06,26.12,24.3,24.3,14466500
1014,2021-01-20,24.36,24.64,22.88,24.13,11184000
1015,2021-01-21,24.43,25.04,24.03,25.04,7568900
1016,2021-01-22,24.97,25.92,24.84,25.45,11333200
1017,2021-01-25,25.18,25.41,24.7,24.91,6580500
1018,2021-01-26,24.7,24.74,23.35,23.35,8285900
1019,2021-01-27,23.15,23.79,22.0,22.06,9544300
1020,2021-01-28,20.81,21.59,20.54,20.54,13297400
1021,2021-01-29,19.49,21.93,19.49,20.64,14819400
1022,2021-02-01,21.52,22.06,21.32,21.66,12315100
1023,2021-02-02,21.52,23.01,21.45,22.94,7767300
1024,2021-02-03,23.35,23.86,23.01,23.62,10075600
1025,2021-02-04,23.55,23.72,23.18,23.48,9413200
1026,2021-02-05,23.65,24.23,23.52,24.23,8496700
1027,2021-02-08,24.3,24.43,22.94,23.04,12845300
1028,2021-02-09,23.32,23.99,23.01,23.96,8069900
1029,2021-02-17,24.64,24.91,24.26,24.91,9896400
1030,2021-02-18,24.84,25.08,24.57,24.91,10032300
1031,2021-02-19,24.57,25.38,24.43,25.04,12154600
1032,2021-02-22,25.04,25.75,24.91,25.04,11349900
1033,2021-02-23,25.11,25.45,25.04,25.08,8347300
1034,2021-02-24,25.35,25.82,25.08,25.38,14250600
1035,2021-02-25,25.62,25.65,25.08,25.24,8490300
1036,2021-02-26,24.87,25.28,24.7,25.21,8851000
1037,2021-03-01,25.52,25.85,25.45,25.79,13954000
1038,2021-03-02,26.06,26.12,25.72,25.72,7320600
1039,2021-03-03,25.99,26.26,25.92,26.12,13074300
1040,2021-03-04,26.4,26.4,25.38,25.92,10315800
1041,2021-03-05,25.79,26.02,25.38,25.72,10156400
1042,2021-03-08,25.99,26.12,25.41,25.65,7574900
1043,2021-03-09,25.65,25.65,25.11,25.18,10113900
1044,2021-03-10,25.21,25.58,25.08,25.41,7468500
1045,2021-03-11,25.68,26.02,25.58,25.85,7639300
1046,2021-03-12,25.96,26.06,25.68,25.68,6997500
1047,2021-03-15,25.72,25.85,25.55,25.72,6762100
1048,2021-03-16,25.82,25.85,25.48,25.52,7061600
1049,2021-03-17,25.58,26.8,25.45,26.77,23685900
1050,2021-03-18,27.88,28.05,27.21,27.41,16047000
1051,2021-03-19,27.31,27.68,27.27,27.38,8287200
1052,2021-03-22,27.71,28.26,27.41,27.82,20682100
1053,2021-03-23,27.88,27.92,27.21,27.41,14649900
1054,2021-03-24,27.07,27.38,26.33,26.4,18260600
1055,2021-03-25,26.73,27.17,26.33,26.67,14674100
1056,2021-03-26,26.56,26.94,25.58,26.43,16252400
1057,2021-03-29,26.8,27.11,26.6,27.07,11589800
1058,2021-03-30,27.27,27.61,26.97,27.34,11152600
1059,2021-03-31,27.34,27.65,27.07,27.17,11841600
1060,2021-04-01,27.27,27.99,27.27,27.78,18695800
1061,2021-04-02,28.09,28.12,27.75,27.95,12198800
1062,2021-04-05,28.43,28.63,28.09,28.43,16216000
1063,2021-04-06,28.39,29.47,28.15,29.1,22526100
1064,2021-04-07,29.1,29.64,28.97,29.1,12150700
1065,2021-04-08,29.17,29.31,28.83,28.83,11652100
1066,2021-04-09,28.76,28.9,28.63,28.76,14650600
1067,2021-04-12,28.83,29.31,28.73,29.24,13503200
1068,2021-04-13,29.44,29.44,28.43,28.46,15121500
1069,2021-04-14,28.36,29.1,28.09,28.93,14310200
1070,2021-04-15,29.0,29.1,28.43,28.56,13938300
1071,2021-04-16,28.7,29.24,27.61,28.43,21441800
1072,2021-04-19,28.56,28.76,27.95,28.76,16032000
1073,2021-04-20,28.87,29.2,28.09,28.43,23241600
1074,2021-04-22,28.26,28.39,26.5,26.5,21428500
1075,2021-04-23,26.7,28.02,26.4,27.95,17558700
1076,2021-04-26,27.95,27.95,26.84,26.87,12681700
1077,2021-04-27,26.77,27.14,26.6,26.84,7161800
1078,2021-04-28,26.8,27.38,26.77,26.9,7986500
1079,2021-04-29,27.07,27.65,26.9,27.61,14195400
1080,2021-05-04,27.11,29.1,27.11,29.1,25413700
1081,2021-05-05,29.51,30.05,29.34,29.34,22165900
1082,2021-05-06,29.1,29.58,28.9,29.03,19927200
1083,2021-05-07,28.83,29.71,28.63,29.64,25587800
1084,2021-05-10,30.46,30.52,30.12,30.32,25185800
1085,2021-05-11,30.29,30.39,29.91,29.91,15717800
1086,2021-05-12,29.71,30.46,29.68,30.46,19602800
1087,2021-05-13,30.25,31.91,30.22,31.47,34020000
1088,2021-05-14,31.81,32.11,31.57,31.81,17062600
1089,2021-05-17,31.84,32.22,31.4,31.64,17025300
1090,2021-05-18,31.57,31.78,31.27,31.5,17653600
1091,2021-05-19,31.67,32.66,31.47,32.49,17470800
1092,2021-05-20,32.93,33.1,32.52,33.1,14056500
1093,2021-05-21,33.03,33.37,32.62,32.66,15853000
1094,2021-05-24,33.03,34.92,32.89,34.65,30504900
1095,2021-05-25,34.92,35.19,34.58,34.58,10875800
1096,2021-05-26,34.72,35.06,34.38,34.86,13860100
1097,2021-05-27,34.92,34.99,33.84,33.98,19716800
1098,2021-05-28,34.25,34.72,33.91,34.65,16908700
1099,2021-05-31,34.65,35.94,34.52,35.94,17663200
1100,2021-06-01,36.21,36.48,35.53,35.6,10726300
1101,2021-06-02,35.06,35.8,34.92,35.19,14835300
1102,2021-06-03,35.87,36.68,35.19,36.28,17478700
1103,2021-06-04,36.34,37.16,36.28,36.55,12980000
1104,2021-06-07,36.34,36.41,34.52,35.19,17794800
1105,2021-06-08,34.92,35.53,33.16,33.16,16100500
1106,2021-06-09,33.5,34.52,32.82,34.18,14885700
1107,2021-06-10,34.18,34.45,33.5,33.5,11556800
1108,2021-06-11,33.84,35.8,33.57,35.8,17955900
1109,2021-06-14,36.14,36.55,35.19,35.53,14106200
1110,2021-06-15,35.53,35.87,35.06,35.26,16190500
1111,2021-06-16,34.92,34.92,34.18,34.18,21380600
1112,2021-06-17,33.5,34.52,33.43,34.18,17430700
1113,2021-06-18,34.79,35.53,34.52,34.65,13217400
1114,2021-06-21,34.31,34.86,33.84,34.04,11267800
1115,2021-06-22,34.31,35.46,33.91,35.13,21910600
1116,2021-06-23,35.33,36.21,35.13,35.67,16906300
1117,2021-06-24,36.34,37.02,35.94,36.14,24594800
1118,2021-06-25,36.01,36.41,35.46,36.41,14298400
1119,2021-06-28,36.89,37.09,36.41,36.82,13909500
1120,2021-06-29,36.82,37.02,36.21,36.48,18646000
1121,2021-06-30,36.75,36.89,35.53,35.67,31366000
1122,2021-07-01,35.67,36.07,35.13,35.46,29241200
1123,2021-07-02,35.67,36.01,35.46,35.67,16549400
1124,2021-07-05,35.67,35.87,34.86,35.26,19600400
1125,2021-07-06,35.53,36.01,32.82,32.82,26003500
1126,2021-07-07,33.89,34.24,32.84,34.11,26836900
1127,2021-07-08,34.33,34.94,33.72,33.72,14109100
1128,2021-07-09,33.37,33.89,32.32,32.84,18298100
1129,2021-07-12,32.36,32.41,30.57,30.57,27996400
1130,2021-07-13,31.01,31.4,29.52,30.22,11766000
1131,2021-07-14,30.27,30.88,29.44,29.44,16349700
1132,2021-07-15,29.52,30.97,29.35,30.57,15110200
1133,2021-07-16,30.92,30.92,30.27,30.27,9668600
1134,2021-07-19,29.26,29.66,28.17,28.17,20727100
1135,2021-07-20,28.21,29.09,27.65,29.04,20034800
1136,2021-07-21,29.22,29.57,28.56,28.69,9944500
1137,2021-07-22,28.69,29.66,28.61,29.26,13304000
1138,2021-07-23,28.96,29.44,28.39,28.39,16262300
1139,2021-07-26,28.13,28.39,27.78,28.08,10150900
1140,2021-07-27,28.39,29.13,28.3,28.39,15896500
1141,2021-07-28,28.39,28.91,28.39,28.74,7149800
1142,2021-07-29,29.09,29.83,29.0,29.61,17023000
1143,2021-07-30,29.7,30.31,29.66,30.05,20779300
1144,2021-08-02,29.52,29.87,29.39,29.48,25104900
1145,2021-08-03,29.48,29.79,29.04,29.79,22282600
1146,2021-08-04,29.96,30.09,29.61,29.7,15293800
1147,2021-08-05,29.61,29.87,29.35,29.87,13354900
1148,2021-08-06,30.01,30.49,29.79,29.83,18941900
1149,2021-08-09,29.79,30.22,29.66,30.18,15498800
1150,2021-08-10,30.53,30.53,30.09,30.27,12035700
1151,2021-08-11,30.27,30.66,29.96,29.96,17304500
1152,2021-08-12,30.14,30.35,29.96,30.05,13117700
1153,2021-08-13,30.05,30.22,29.44,29.96,12211300
1154,2021-08-16,29.96,30.97,29.79,30.66,21662500
1155,2021-08-17,30.92,31.01,30.18,30.22,11928200
1156,2021-08-18,30.31,30.4,29.96,30.14,11145200
1157,2021-08-19,30.01,30.14,29.83,29.96,11372200
1158,2021-08-20,29.96,30.35,27.95,28.56,23431900
1159,2021-08-23,28.56,29.22,28.52,28.56,19696000
1160,2021-08-24,28.74,29.0,28.52,28.61,11178500
1161,2021-08-25,28.56,28.65,27.69,28.08,18206800
1162,2021-08-26,28.21,28.56,27.17,27.25,21097200
1163,2021-08-27,26.82,27.25,26.29,27.21,19888900
1164,2021-08-30,27.43,28.21,27.34,28.21,13238800
1165,2021-08-31,28.39,28.43,27.78,27.78,12240800
1166,2021-09-01,27.78,28.21,27.6,28.0,15294300
1167,2021-09-06,28.0,28.21,27.78,28.0,11552700
1168,2021-09-07,28.08,28.78,28.08,28.52,10817600
1169,2021-09-08,28.65,28.87,27.95,28.08,8356000
1170,2021-09-09,28.08,28.3,28.04,28.3,7646900
1171,2021-09-10,28.39,28.56,28.21,28.21,6653200
1172,2021-09-13,28.17,28.26,27.78,27.82,8458400
1173,2021-09-14,27.87,28.0,27.25,27.25,8996700
1174,2021-09-15,27.08,27.52,27.08,27.21,7128400
1175,2021-09-16,27.52,28.0,27.43,27.65,6372600
1176,2021-09-17,27.73,28.08,27.69,27.78,6833300
1177,2021-09-20,28.21,28.21,27.82,27.82,8741100
1178,2021-09-21,27.52,27.69,27.34,27.52,8136200
1179,2021-09-22,27.43,27.56,27.21,27.38,7714100
1180,2021-09-23,27.52,27.87,27.43,27.6,8174400
1181,2021-09-24,27.69,27.87,27.6,27.69,6347500
1182,2021-09-27,27.78,27.87,27.08,27.08,7758400
1183,2021-09-28,26.9,27.12,26.82,27.04,6725900
1184,2021-09-29,27.04,27.08,26.51,26.55,10281500
1185,2021-09-30,26.55,26.95,26.55,26.55,6717000
1186,2021-10-01,26.55,26.69,25.94,25.99,12094000
1187,2021-10-04,25.86,25.94,25.07,25.07,20181900
1188,2021-10-05,25.33,25.81,25.33,25.77,8712300
1189,2021-10-06,25.99,26.03,25.38,25.59,6885600
1190,2021-10-07,25.68,25.9,25.55,25.64,7918400
1191,2021-10-08,25.77,25.9,25.64,25.72,6603500
1192,2021-10-11,25.86,27.08,25.86,27.08,16940800
1193,2021-10-12,27.21,27.52,26.86,26.9,10815800
1194,2021-10-13,26.9,27.34,26.82,26.82,7013200
1195,2021-10-14,26.82,26.99,26.64,26.73,8529700
1196,2021-10-15,26.82,27.04,26.64,26.77,8245800
1197,2021-10-18,26.86,26.95,26.34,26.38,9758400
1198,2021-10-19,26.55,26.69,26.38,26.47,6920900
1199,2021-10-20,26.55,26.55,25.81,26.21,9264000
1200,2021-10-21,26.25,26.29,25.99,25.99,7367500
1201,2021-10-22,26.03,26.12,25.9,25.9,4273800
1202,2021-10-25,25.9,26.34,25.64,26.12,8168800
1203,2021-10-26,26.12,26.47,25.94,26.12,5963000
1204,2021-10-27,26.38,27.25,26.16,27.17,19607500
1205,2021-10-28,27.38,27.43,27.08,27.34,14396300
1206,2021-10-29,27.52,27.73,27.3,27.52,13017400
1207,2021-11-01,27.78,28.3,27.6,28.13,17976000
1208,2021-11-02,28.13,28.48,28.0,28.3,11821700
1209,2021-11-03,28.39,29.04,28.26,28.83,20780600
1210,2021-11-04,29.0,29.0,28.43,28.48,11372800
1211,2021-11-05,28.61,28.65,28.13,28.56,10491300
1212,2021-11-08,28.56,28.78,27.95,28.65,11218800
1213,2021-11-09,28.78,29.13,28.61,28.78,15592100
1214,2021-11-10,28.83,28.91,28.39,28.39,8512900
1215,2021-11-11,28.3,28.39,27.52,27.91,14020000
1216,2021-11-12,27.73,28.56,27.6,28.56,10871900
1217,2021-11-15,28.83,28.96,28.17,28.39,9553400
1218,2021-11-16,28.21,28.61,28.13,28.3,8840900
1219,2021-11-17,28.35,28.39,28.08,28.17,6723600
1220,2021-11-18,28.17,28.39,27.87,28.08,9932800
1221,2021-11-19,28.13,29.0,28.08,28.65,21682100
1222,2021-11-22,28.87,30.44,28.83,30.14,27853200
1223,2021-11-23,30.09,30.09,29.44,29.79,9854300
1224,2021-11-24,29.87,30.92,29.74,30.92,25476800
1225,2021-11-25,31.27,31.27,30.62,30.7,14250500
1226,2021-11-26,30.75,30.97,29.79,29.96,15203800
1227,2021-11-29,29.31,30.31,29.31,29.92,13763700
1228,2021-11-30,30.57,30.66,29.09,29.31,11067800
1229,2021-12-01,29.31,29.7,29.04,29.7,9082700
1230,2021-12-02,30.05,30.35,29.52,29.52,7856200
1231,2021-12-03,29.87,29.87,28.83,28.83,9828100
1232,2021-12-06,28.83,29.13,27.6,28.04,12851200
1233,2021-12-07,28.39,28.74,28.26,28.56,6319600
1234,2021-12-08,28.78,29.04,28.56,28.83,6394700
1235,2021-12-09,28.83,29.48,28.74,29.48,5943400
1236,2021-12-10,29.52,29.87,29.26,29.31,5905600
1237,2021-12-13,29.61,29.79,29.26,29.26,8116600
1238,2021-12-14,29.53,29.58,28.95,28.99,7281800
1239,2021-12-15,28.99,29.26,28.82,28.86,5399900
1240,2021-12-16,29.04,29.26,28.82,29.08,6675900
1241,2021-12-17,29.08,29.71,28.91,29.49,8037200
1242,2021-12-20,29.44,29.53,28.99,29.04,4919500
1243,2021-12-21,28.99,29.26,28.64,28.64,6860700
1244,2021-12-22,28.86,28.86,28.23,28.32,9342300
1245,2021-12-23,28.37,28.82,27.79,28.82,8936500
1246,2021-12-24,28.59,29.53,28.5,29.44,6638300
1247,2021-12-27,29.53,29.93,29.4,29.89,8106900
1248,2021-12-28,29.98,30.65,29.89,30.34,13587500
1249,2021-12-29,30.43,30.83,30.34,30.56,10226000
1250,2021-12-30,30.52,30.78,30.25,30.25,6289300
1251,2021-12-31,30.43,31.23,30.34,30.34,13259300
1252,2022-01-04,30.83,31.28,30.61,31.1,12031300
1253,2022-01-05,31.32,31.5,31.05,31.1,10443800
1254,2022-01-06,30.87,30.92,30.29,30.43,11753800
1255,2022-01-07,30.43,30.83,29.62,29.71,12412400
1256,2022-01-10,29.8,30.11,29.58,29.8,8306400
1257,2022-01-11,29.98,30.16,29.31,29.53,7061400
1258,2022-01-12,29.53,30.61,28.86,30.56,12781800
1259,2022-01-13,30.78,32.4,30.56,31.46,35122100
1260,2022-01-14,31.32,32.04,30.96,31.72,9258500
1261,2022-01-17,31.86,32.89,30.7,31.32,27495800
1262,2022-01-18,31.05,31.9,30.61,30.92,15069400
1263,2022-01-19,31.23,31.46,30.2,30.25,9741800
1264,2022-01-20,29.98,31.72,29.62,31.41,13774600
1265,2022-01-21,31.41,32.66,31.14,31.81,15424600
1266,2022-01-24,31.77,32.62,31.63,31.9,17475400
1267,2022-01-25,31.86,33.11,31.86,33.11,18851200
1268,2022-01-26,33.56,34.19,33.16,33.69,21981300
1269,2022-01-27,33.25,33.69,32.84,33.02,11740400
1270,2022-01-28,32.93,33.47,32.84,33.02,8727700
1271,2022-02-07,33.47,33.47,32.48,32.48,14883200
1272,2022-02-08,32.4,33.11,32.26,32.66,9097100
1273,2022-02-09,32.66,33.2,32.53,32.53,9201900
1274,2022-02-10,32.57,33.02,32.31,32.89,8989600
1275,2022-02-11,32.98,33.38,32.93,32.93,10407100
1276,2022-02-14,32.53,32.66,30.96,30.96,15118300
1277,2022-02-15,31.14,31.5,30.87,31.28,13310400
1278,2022-02-16,31.59,31.68,30.92,31.01,7858400
1279,2022-02-17,31.1,31.46,31.01,31.23,5945600
1280,2022-02-18,31.01,31.28,30.92,30.96,8303800
1281,2022-02-21,30.96,31.19,30.25,30.78,12018600
1282,2022-02-22,30.43,31.05,30.2,30.96,9003800
1283,2022-02-23,31.23,31.46,31.05,31.19,6729000
1284,2022-02-24,30.96,31.05,29.62,30.29,16477000
1285,2022-02-25,30.52,30.7,30.16,30.29,10212900
1286,2022-02-28,30.29,30.29,29.67,29.67,12721000
1287,2022-03-01,29.8,30.07,29.67,29.8,7737300
1288,2022-03-02,29.71,29.76,28.55,28.64,20423400
1289,2022-03-03,28.73,29.17,28.68,29.17,6542200
1290,2022-03-04,29.22,29.49,28.99,29.31,5933800
1291,2022-03-07,28.73,29.08,28.73,28.77,9901400
1292,2022-03-08,28.64,29.04,28.59,28.68,7175000
1293,2022-03-09,28.73,28.95,28.37,28.64,5732700
1294,2022-03-10,29.08,29.26,28.73,28.73,3810500
1295,2022-03-11,28.73,28.99,28.68,28.86,3733000
1296,2022-03-14,28.91,28.99,28.46,28.55,4982400
1297,2022-03-15,28.59,28.86,28.5,28.59,3683000
1298,2022-03-16,28.86,28.95,28.64,28.64,4339000
1299,2022-03-17,28.91,29.49,28.82,29.26,8350900
1300,2022-03-18,29.44,29.71,29.35,29.35,4224200
1301,2022-03-21,29.35,29.49,29.13,29.4,3447300
1302,2022-03-22,29.35,29.76,29.35,29.53,6091300
1303,2022-03-23,29.53,29.93,29.4,29.4,4020700
1304,2022-03-24,29.35,29.44,29.13,29.13,4490100
1305,2022-03-25,29.08,29.26,28.73,28.82,5555200
1306,2022-03-28,28.82,29.13,28.46,28.46,6380700
1307,2022-03-29,28.64,28.73,28.55,28.64,2982900
1308,2022-03-30,28.55,29.13,28.5,28.68,5038200
1309,2022-03-31,28.73,29.17,28.73,29.04,4793800
1310,2022-04-01,29.08,29.67,29.04,29.58,8660000
1311,2022-04-04,29.89,29.89,29.4,29.4,6673500
1312,2022-04-05,29.08,29.35,28.95,28.95,6075100
1313,2022-04-06,28.73,29.22,28.73,29.17,5774800
1314,2022-04-07,29.26,29.53,28.95,29.13,6080300
1315,2022-04-08,29.08,29.13,28.68,28.68,5331500
1316,2022-04-12,28.77,28.82,27.74,27.74,5690000
1317,2022-04-13,27.92,28.32,27.92,28.19,4187400
1318,2022-04-14,28.19,28.55,27.88,27.92,2929200
1319,2022-04-15,28.14,28.14,27.65,27.74,5073900
1320,2022-04-18,27.65,27.65,26.13,26.13,8403800
1321,2022-04-19,26.4,26.76,25.73,25.73,4637100
1322,2022-04-20,25.73,26.22,25.55,25.68,4259300
1323,2022-04-21,25.59,26.4,25.42,25.95,5307000
1324,2022-04-22,26.35,26.49,25.86,26.31,3585200
1325,2022-04-25,26.27,26.27,24.48,24.48,6285600
1326,2022-04-26,24.16,24.83,22.82,24.74,5977600
1327,2022-04-27,24.74,25.33,24.61,25.33,3380800
1328,2022-04-28,25.33,25.46,25.01,25.24,2072300
1329,2022-04-29,24.92,25.37,24.83,24.83,5947200
1330,2022-05-04,24.83,25.06,24.07,24.16,4604700
1331,2022-05-05,24.52,24.97,24.16,24.97,4604600
1332,2022-05-06,24.43,24.97,24.16,24.16,2335600
1333,2022-05-09,23.89,23.98,22.51,22.51,5432800
1334,2022-05-10,21.48,22.64,21.48,22.55,6494400
1335,2022-05-11,22.69,24.07,22.55,23.89,5667100
1336,2022-05-12,23.31,23.8,22.24,22.37,6370800
1337,2022-05-13,22.37,22.51,21.03,21.39,8034400
1338,2022-05-16,22.37,22.69,21.93,21.97,5223400
1339,2022-05-17,21.84,23.49,21.84,23.49,5909200
1340,2022-05-18,23.76,24.39,23.54,23.8,6426500
1341,2022-05-19,23.27,23.63,23.09,23.36,4270100
1342,2022-05-20,23.36,23.67,23.13,23.18,5051800
1343,2022-05-23,23.22,23.45,22.37,22.37,4208800
1344,2022-05-24,22.37,23.27,22.37,23.27,4449100
1345,2022-05-25,23.27,24.16,23.27,24.07,4502000
1346,2022-05-26,24.39,24.39,23.76,23.89,3780600
1347,2022-05-27,24.16,24.39,23.89,24.16,3929200
1348,2022-05-30,24.21,24.52,24.16,24.43,2818400
1349,2022-05-31,24.21,25.01,24.16,24.97,6057500
1350,2022-06-01,24.65,25.06,24.61,24.83,4137200
1351,2022-06-02,24.83,25.06,24.43,24.83,4391900
1352,2022-06-03,24.52,24.7,24.03,24.52,2219500
1353,2022-06-06,24.52,24.83,24.34,24.34,3756100
1354,2022-06-07,24.34,24.52,23.71,24.52,2889500
1355,2022-06-08,24.52,25.15,24.43,24.79,5333400
1356,2022-06-09,24.97,24.97,24.61,24.79,2574700
1357,2022-06-10,24.61,24.7,24.25,24.25,3096400
1358,2022-06-13,23.71,23.8,22.6,22.6,6906600
1359,2022-06-14,22.37,23.04,22.1,22.6,2866700
1360,2022-06-15,22.37,22.73,21.52,21.93,3205400
1361,2022-06-16,22.19,22.55,21.93,22.1,2216700
1362,2022-06-17,21.48,21.61,20.63,21.07,3151800
1363,2022-06-20,20.94,21.34,20.22,20.22,4733900
1364,2022-06-21,20.14,21.07,20.14,20.63,4588400
1365,2022-06-22,20.9,21.48,20.9,21.12,2772500
1366,2022-06-23,21.03,22.6,21.03,22.6,4669100
1367,2022-06-24,22.6,22.82,22.1,22.15,2945000
1368,2022-06-27,22.15,22.95,22.1,22.91,3897800
1369,2022-06-28,22.82,24.48,22.33,23.89,8843000
1370,2022-06-29,23.76,24.16,23.76,24.03,3769100
1371,2022-06-30,23.98,24.12,23.36,23.4,2996800
1372,2022-07-01,23.45,24.16,22.86,24.12,3534400
1373,2022-07-04,24.3,24.3,23.8,23.8,4009200
1374,2022-07-05,23.76,24.61,23.76,24.16,4934900
1375,2022-07-06,23.49,24.07,23.09,23.13,4211400
1376,2022-07-07,23.18,23.98,23.09,23.54,3333500
1377,2022-07-08,23.71,23.85,23.04,23.18,2655300
1378,2022-07-11,23.13,23.13,22.78,22.82,2432300
1379,2022-07-12,22.82,23.27,22.73,23.0,3615500
1380,2022-07-13,23.04,24.12,23.04,23.76,3868900
1381,2022-07-14,23.71,24.34,23.54,24.16,5262300
1382,2022-07-15,24.34,24.61,24.16,24.16,7024300
1383,2022-07-18,24.25,24.34,24.07,24.07,3476500
1384,2022-07-19,23.94,24.07,23.54,23.76,2702900
1385,2022-07-20,24.12,24.48,23.8,24.21,4316400
1386,2022-07-21,24.21,24.61,24.21,24.61,4824700
1387,2022-07-22,24.7,24.74,24.07,24.07,3253000
1388,2022-07-25,23.94,24.25,23.8,23.8,2220100
1389,2022-07-26,24.03,24.07,23.71,23.76,2166000
1390,2022-07-27,23.63,24.16,23.49,24.16,1598200
1391,2022-07-28,24.34,25.24,24.16,24.7,9197200
1392,2022-07-29,24.83,25.06,24.34,24.34,5464700
1393,2022-08-01,24.65,25.68,24.65,25.68,8637900
1394,2022-08-02,25.59,25.91,25.37,25.59,4570600
1395,2022-08-03,25.42,26.18,25.33,26.04,6140900
1396,2022-08-04,26.13,26.22,25.73,25.82,5240900
1397,2022-08-05,25.86,26.04,25.68,25.95,2954300
1398,2022-08-08,26.0,26.18,25.82,25.95,3121700
1399,2022-08-09,26.0,26.04,25.64,25.77,3507800
1400,2022-08-10,25.59,25.82,25.37,25.46,3664500
1401,2022-08-11,25.73,25.95,25.42,25.5,4325400
1402,2022-08-12,25.55,25.68,25.42,25.64,1821500
1403,2022-08-15,25.82,26.35,25.77,26.35,6225200
1404,2022-08-16,26.35,26.4,26.04,26.13,3835600
1405,2022-08-17,26.22,26.35,26.04,26.04,3662100
1406,2022-08-18,26.04,26.09,25.73,25.73,3643900
1407,2022-08-19,25.64,26.0,25.24,25.28,4899700
1408,2022-08-22,25.28,25.42,24.92,25.06,5539300
1409,2022-08-23,24.88,25.19,24.74,25.06,4282500
1410,2022-08-24,25.37,25.55,25.19,25.24,3127900
1411,2022-08-25,25.37,25.68,25.15,25.68,4170600
1412,2022-08-26,25.86,25.86,25.37,25.46,3915700
1413,2022-08-29,25.19,25.24,24.7,24.97,4119900
1414,2022-08-30,24.97,25.55,24.97,25.42,3595400
1415,2022-08-31,25.33,25.5,24.97,25.28,2075300
1416,2022-09-05,25.28,25.37,24.97,25.01,1755800
1417,2022-09-06,24.97,25.64,24.97,25.28,3020400
1418,2022-09-07,25.28,25.42,24.48,24.48,4257500
1419,2022-09-08,24.61,24.7,24.03,24.03,3659100
1420,2022-09-09,24.12,24.34,23.58,24.03,1820400
1421,2022-09-12,24.16,24.39,24.16,24.21,1630773
1422,2022-09-13,24.25,24.74,24.21,24.61,2442784
1423,2022-09-14,24.16,24.34,24.07,24.16,2122119
1424,2022-09-15,24.16,24.43,24.07,24.07,1286992
1425,2022-09-16,23.8,24.07,23.45,23.45,1988063
1426,2022-09-19,23.22,23.4,22.6,22.82,2350900
1427,2022-09-20,22.91,23.27,22.91,23.27,2007280
1428,2022-09-21,23.18,23.22,22.82,22.86,1254141
1429,2022-09-22,22.64,22.91,22.37,22.73,3210964
1430,2022-09-23,22.73,22.91,22.37,22.37,1592052
1431,2022-09-26,22.1,22.1,20.81,21.03,6446389
1432,2022-09-27,21.03,21.39,20.85,20.99,2449217
1433,2022-09-28,20.94,21.25,20.85,20.85,2719193
1434,2022-09-29,21.07,21.39,20.22,20.22,3419407
1435,2022-09-30,20.27,20.81,20.09,20.76,5382454
1436,2022-10-03,20.31,20.58,19.33,19.33,5692660
1437,2022-10-04,19.69,20.31,18.35,18.57,5638149
1438,2022-10-05,19.06,19.87,19.06,19.69,4279500
1439,2022-10-06,19.69,19.91,19.02,19.15,4258229
1440,2022-10-07,19.06,19.06,17.85,17.85,8384743
1441,2022-10-10,17.63,18.75,17.45,18.52,4927157
1442,2022-10-11,18.52,18.57,17.45,17.72,5494733
1443,2022-10-12,17.9,18.93,17.81,18.93,4724107
1444,2022-10-13,19.06,20.05,18.93,20.05,6246252
1445,2022-10-14,20.45,20.54,20.09,20.31,5665173
1446,2022-10-17,20.22,20.36,19.6,20.18,4717982
1447,2022-10-18,20.49,20.94,20.45,20.58,3897156
1448,2022-10-19,20.58,20.9,20.18,20.76,4117910
1449,2022-10-20,20.76,21.21,20.27,20.81,3881068
1450,2022-10-21,20.81,20.81,19.37,19.37,6660843
1451,2022-10-24,19.42,19.69,18.61,18.79,4946709
1452,2022-10-25,18.97,20.09,18.75,20.09,8649463
1453,2022-10-26,20.09,20.76,20.0,20.05,3451309
1454,2022-10-27,20.36,21.43,20.14,21.43,8010202
1455,2022-10-28,21.75,22.28,21.48,21.52,7635115
1456,2022-10-31,21.75,22.06,20.9,22.01,10125079
1457,2022-11-01,22.1,22.78,21.84,21.88,8834673
1458,2022-11-02,21.52,21.97,21.34,21.48,5392183
1459,2022-11-03,21.07,21.57,21.03,21.12,7490921
1460,2022-11-04,20.94,21.93,19.69,21.93,13960250
1461,2022-11-07,21.75,21.93,20.63,20.9,7035575
1462,2022-11-08,20.58,21.61,20.58,21.34,6277310
1463,2022-11-09,21.57,22.24,21.48,21.88,10211926
1464,2022-11-10,21.57,21.75,20.36,20.36,9625803
1465,2022-11-11,21.25,21.75,20.94,21.12,9794195
1466,2022-11-14,20.76,21.79,20.36,21.39,9037448
1467,2022-11-15,21.12,21.39,19.91,20.94,10696163
1468,2022-11-16,19.96,22.28,19.91,22.19,13033725
1469,2022-11-17,22.37,23.09,22.06,22.37,11682375
1470,2022-11-18,21.97,22.37,21.03,22.1,11618826
1471,2022-11-21,22.1,22.19,21.57,21.57,5682152
1472,2022-11-22,21.39,22.28,21.03,21.39,7652846
1473,2022-11-23,21.39,22.15,21.3,21.84,5922038
1474,2022-11-24,21.7,22.01,21.3,22.01,4143117
1475,2022-11-25,22.28,23.09,22.06,23.09,14168944
1476,2022-11-28,23.36,24.56,23.36,24.43,11095443
1477,2022-11-29,24.16,24.52,23.36,24.52,9678849
1478,2022-11-30,24.21,25.06,23.85,24.39,6378824
1479,2022-12-01,24.48,24.79,23.27,23.4,10768743
1480,2022-12-02,23.54,25.01,23.31,25.01,8948084
1481,2022-12-05,25.5,25.59,24.88,25.59,7692017
1482,2022-12-06,25.15,25.59,24.03,24.16,7664340
1483,2022-12-07,24.07,24.88,23.94,24.48,4101748
1484,2022-12-08,24.7,25.86,24.52,24.88,5285849
1485,2022-12-09,24.88,25.1,24.21,25.1,4991732
1486,2022-12-12,25.06,25.24,24.56,24.56,3852656
1487,2022-12-13,24.43,25.24,24.25,25.19,3913858
1488,2022-12-14,25.42,25.46,24.92,24.97,2424550
1489,2022-12-15,24.97,25.28,24.97,25.28,3530913
1490,2022-12-16,24.83,25.28,24.83,25.1,3221589
1491,2022-12-19,25.06,25.5,24.65,24.65,5168906
1492,2022-12-20,24.65,25.06,23.8,25.06,6580920
1493,2022-12-21,25.06,25.06,24.16,24.61,3062917
1494,2022-12-22,24.61,25.19,24.61,24.7,3347622
1495,2022-12-23,24.61,25.01,24.43,24.74,2822972
1496,2022-12-26,24.74,24.79,23.27,23.31,2960515
1497,2022-12-27,23.36,23.94,23.27,23.8,2594222
1498,2022-12-28,23.8,24.34,23.54,24.3,1891477
1499,2022-12-29,24.25,24.61,24.07,24.16,1719295
1500,2022-12-30,24.16,24.48,23.94,24.39,1395154
1501,2023-01-03,24.48,25.06,24.39,25.06,3478909
1502,2023-01-04,25.06,25.86,24.97,25.5,5787222
1503,2023-01-05,25.5,25.73,25.28,25.5,2114651
1504,2023-01-06,25.5,26.18,25.1,25.59,6738319
1505,2023-01-09,25.68,26.04,25.68,26.04,4253097
1506,2023-01-10,26.13,26.13,25.55,25.55,3056611
1507,2023-01-11,25.59,26.09,25.59,26.04,3427008
1508,2023-01-12,26.04,26.13,25.73,25.86,2472390
1509,2023-01-13,26.04,26.13,25.42,26.04,2975396
1510,2023-01-16,26.04,26.85,25.86,26.85,5350309
1511,2023-01-17,26.94,27.43,26.94,27.38,3478411
1512,2023-01-18,27.38,27.61,27.2,27.52,3206460
1513,2023-01-19,27.47,27.83,26.98,27.83,5010496
1514,2023-01-27,27.83,27.97,27.03,27.16,3428130
1515,2023-01-30,26.85,26.98,26.58,26.62,3741877
1516,2023-01-31,26.58,27.29,26.4,27.29,3450966
1517,2023-02-01,27.29,27.43,25.5,25.95,4348814
1518,2023-02-02,25.95,26.35,25.68,26.13,3144893
1519,2023-02-03,26.13,26.31,26.0,26.0,3618131
1520,2023-02-06,25.77,26.76,25.55,26.76,2631323
1521,2023-02-07,26.67,27.03,26.09,26.13,3256150
1522,2023-02-08,26.18,27.03,26.13,26.76,3160246
1523,2023-02-09,26.76,27.03,26.31,26.31,2700505
1524,2023-02-10,26.31,26.67,26.04,26.04,2104800
1525,2023-02-13,25.82,26.22,25.77,26.09,2134928
1526,2023-02-14,26.22,26.31,25.68,25.68,1753019
1527,2023-02-15,25.68,26.27,25.59,25.86,1475032
1528,2023-02-16,26.0,26.8,25.91,26.58,2903318
1529,2023-02-17,26.58,26.76,26.31,26.53,2238463
1530,2023-02-20,26.71,27.25,26.58,27.25,4577832
1531,2023-02-21,27.2,27.29,26.71,26.71,2956874
1532,2023-02-22,26.49,26.58,25.86,25.86,3946209
1533,2023-02-23,25.5,25.95,25.33,25.95,4084542
1534,2023-02-24,25.86,25.86,25.28,25.28,2188775
1535,2023-02-27,25.24,25.24,24.56,24.65,1749870
1536,2023-02-28,24.88,25.06,24.52,24.52,1276397
1537,2023-03-01,24.48,25.28,24.25,25.28,2169846
1538,2023-03-02,25.33,25.37,24.83,24.88,1830888
1539,2023-03-03,25.06,25.06,24.56,24.88,1748777
1540,2023-03-06,24.92,25.73,24.92,25.37,3195235
1541,2023-03-07,25.37,25.95,25.37,25.95,2884144
1542,2023-03-08,25.5,26.4,25.46,26.31,3417493
1543,2023-03-09,26.31,26.58,26.18,26.31,2364766
1544,2023-03-10,26.18,26.18,25.68,26.13,1614757
1545,2023-03-13,25.64,26.31,25.59,26.22,1860183
1546,2023-03-14,26.18,26.18,25.37,25.95,2144553
1547,2023-03-15,26.22,26.49,26.0,26.4,2798722
1548,2023-03-16,25.95,26.13,25.5,25.91,2151517
1549,2023-03-17,26.0,26.22,25.77,25.95,1137714
1550,2023-03-20,25.91,25.91,25.06,25.06,1612228
1551,2023-03-21,25.59,25.59,25.06,25.33,1057335
1552,2023-03-22,25.46,25.68,25.24,25.5,1380542
1553,2023-03-23,25.24,25.68,25.15,25.68,1606664
1554,2023-03-24,25.68,25.82,25.33,25.5,2540307
1555,2023-03-27,25.5,25.86,25.33,25.73,1394296
1556,2023-03-28,25.73,25.95,25.73,25.86,1899778
1557,2023-03-29,25.77,26.0,25.77,25.95,1730815
1558,2023-03-30,26.04,26.13,25.77,25.95,1447763
1559,2023-03-31,25.86,26.13,25.68,26.13,2333437
1560,2023-04-03,26.4,26.89,26.31,26.8,3735478
1561,2023-04-04,26.8,26.8,26.44,26.53,2221636
1562,2023-04-05,26.53,26.94,26.27,26.85,3441306
1563,2023-04-06,26.85,26.85,26.44,26.44,1931940
1564,2023-04-07,26.4,26.44,26.22,26.4,1542797
1565,2023-04-10,26.4,26.58,26.22,26.27,1850563
1566,2023-04-11,26.35,26.49,26.13,26.49,1160962
1567,2023-04-12,26.58,26.58,26.31,26.4,1373980
1568,2023-04-13,26.31,26.4,26.04,26.31,1311892
1569,2023-04-14,26.35,26.4,26.04,26.04,1513285
1570,2023-04-17,26.04,26.22,25.77,26.13,1299472
1571,2023-04-18,26.13,26.22,25.95,26.04,1177773
1572,2023-04-19,26.0,26.09,25.64,25.68,1613921
1573,2023-04-20,25.64,25.73,25.42,25.73,1329341
1574,2023-04-21,25.5,25.73,25.5,25.59,936695
1575,2023-04-24,25.55,26.13,25.24,25.86,2653872
1576,2023-04-25,25.95,25.95,25.5,25.5,1281278
1577,2023-04-26,25.5,25.77,25.01,25.42,3782499
1578,2023-04-27,25.42,25.68,25.37,25.37,1979047
1579,2023-04-28,25.5,25.82,25.5,25.82,4376501
1580,2023-05-04,25.59,25.59,25.24,25.28,2095919
1581,2023-05-05,25.28,25.33,24.88,24.92,3721599
1582,2023-05-08,25.06,25.1,24.92,24.97,3293287
1583,2023-05-09,25.1,25.28,25.06,25.06,2870130
1584,2023-05-10,25.1,25.28,25.01,25.28,5546456
1585,2023-05-11,25.42,25.46,25.28,25.37,2980098
1586,2023-05-12,25.37,25.42,25.19,25.42,3866917
1587,2023-05-15,25.5,25.64,25.15,25.15,6833807
1588,2023-05-16,25.24,25.28,25.01,25.01,3039051
1589,2023-05-17,25.06,25.15,24.61,24.61,5243829
1590,2023-05-18,24.79,24.97,24.61,24.83,4645794
1591,2023-05-19,24.97,25.24,24.74,25.06,2086777
1592,2023-05-22,25.06,25.24,25.01,25.01,3068553
1593,2023-05-23,25.15,25.15,24.79,24.97,4050115
1594,2023-05-24,25.06,25.06,24.7,24.83,3822796
1595,2023-05-25,24.74,24.88,24.65,24.7,3101011
1596,2023-05-26,24.7,24.88,24.61,24.88,1783072
1597,2023-05-29,24.88,25.19,24.88,25.06,2862153
1598,2023-05-30,25.15,25.19,24.97,25.1,2949345
1599,2023-05-31,25.1,25.1,24.88,25.06,2716043
1600,2023-06-01,25.06,25.15,24.92,25.01,2396673
1601,2023-06-02,25.1,25.73,25.06,25.64,8934824
1602,2023-06-05,25.86,26.0,25.64,25.73,4447666
1603,2023-06-06,25.82,25.95,25.59,25.68,5308070
1604,2023-06-07,25.82,26.13,25.73,25.86,6348782
1605,2023-06-08,25.86,25.95,25.55,25.55,5167037
1606,2023-06-09,25.55,25.64,25.15,25.37,6112269
1607,2023-06-12,25.42,25.46,24.92,25.42,5635970
1608,2023-06-13,25.37,25.46,25.24,25.33,3214516
1609,2023-06-14,25.46,26.13,25.46,25.68,8424703
1610,2023-06-15,25.68,26.27,25.68,25.95,7185208
1611,2023-06-16,26.0,26.13,25.5,25.5,7434285
1612,2023-06-19,25.55,25.82,25.55,25.59,3406150
1613,2023-06-20,25.64,26.13,25.55,26.13,2783392
1614,2023-06-21,26.04,26.22,25.82,26.09,4571451
1615,2023-06-22,26.22,26.53,26.13,26.35,5104324
1616,2023-06-23,26.4,26.44,26.09,26.18,4985186
1617,2023-06-26,26.0,26.35,25.86,26.18,6463941
1618,2023-06-27,26.22,26.27,25.95,26.27,3657266
1619,2023-06-28,26.31,27.03,26.27,26.85,8637020
1620,2023-06-29,26.85,26.94,26.4,26.76,5202703
1621,2023-06-30,26.58,26.62,26.27,26.4,5603643
1622,2023-07-03,26.4,26.49,26.13,26.18,3180364
1623,2023-07-04,26.09,26.4,26.0,26.35,5107172
1624,2023-07-05,26.44,26.58,26.27,26.44,3598086
1625,2023-07-06,26.44,26.49,25.82,26.27,6345224
1626,2023-07-07,26.18,26.49,26.0,26.49,3914991
1627,2023-07-10,26.62,26.67,26.4,26.58,6964420
1628,2023-07-11,26.8,27.38,26.8,27.12,14514445
1629,2023-07-12,27.12,27.2,26.67,26.85,6315315
1630,2023-07-13,27.03,27.03,26.71,26.85,5304323
1631,2023-07-14,26.85,27.03,26.31,26.76,7968944
1632,2023-07-17,26.76,26.8,26.44,26.58,6583684
1633,2023-07-18,26.58,26.85,26.58,26.71,4572957
1634,2023-07-19,26.85,26.89,26.4,26.76,6742255
1635,2023-07-20,26.76,26.76,26.44,26.53,4595217
1636,2023-07-21,26.53,26.67,26.4,26.58,5538734
1637,2023-07-24,26.76,26.94,26.62,26.71,5166290
1638,2023-07-25,26.8,27.12,26.71,26.76,6094320
1639,2023-07-26,26.8,26.89,26.58,26.67,5545452
1640,2023-07-27,26.71,26.76,26.22,26.27,7923509
1641,2023-07-28,26.31,26.4,26.22,26.4,5221775
1642,2023-07-31,26.76,26.85,26.49,26.85,5768191
1643,2023-08-01,27.03,27.56,26.94,27.2,14248647
1644,2023-08-02,27.29,27.88,27.29,27.79,13343539
1645,2023-08-03,27.7,27.83,27.47,27.65,8080317
1646,2023-08-04,27.74,27.74,27.43,27.74,7559740
1647,2023-08-07,28.14,29.17,27.97,29.17,13007937
1648,2023-08-08,29.4,29.4,28.91,29.17,8768967
1649,2023-08-09,29.08,29.17,28.68,29.08,8016166
1650,2023-08-10,29.08,29.22,28.28,28.32,7998425
1651,2023-08-11,28.41,28.77,28.01,28.73,6911318
1652,2023-08-14,28.73,28.99,28.37,28.91,6372525
1653,2023-08-15,28.91,28.99,28.68,28.99,5242861
1654,2023-08-16,28.82,29.26,28.55,28.95,6374442
1655,2023-08-17,28.99,29.44,28.86,29.17,9766151
1656,2023-08-18,28.91,29.04,27.47,27.47,13698381
1657,2023-08-21,27.65,28.91,27.38,28.64,9916310
1658,2023-08-22,28.64,28.68,27.65,28.23,5796823
1659,2023-08-23,28.32,28.41,27.79,28.01,4378511
1660,2023-08-24,28.19,28.55,27.83,28.41,5038548
1661,2023-08-25,28.41,28.41,27.79,27.88,8628361
1662,2023-08-28,27.79,28.01,27.74,27.88,5413322
1663,2023-08-29,28.1,28.46,27.97,27.97,3728336
1664,2023-08-30,28.14,28.73,28.14,28.73,7398062
1665,2023-08-31,28.77,29.17,28.77,29.04,5275544
1666,2023-09-05,29.08,29.53,29.08,29.22,5971062
1667,2023-09-06,29.26,29.31,28.86,29.22,4466605
1668,2023-09-07,29.26,29.8,29.22,29.22,7778425
1669,2023-09-08,29.26,29.26,28.91,28.91,3676521
1670,2023-09-11,29.08,29.31,28.46,28.55,7494721
1671,2023-09-12,28.64,28.91,28.41,28.91,3930800
1672,2023-09-13,28.91,29.31,28.59,29.13,8001734
1673,2023-09-14,29.31,30.11,29.31,29.71,14129974
1674,2023-09-15,29.62,29.98,29.22,29.31,6486980
1675,2023-09-18,29.31,29.31,28.46,28.68,8700976
1676,2023-09-19,28.68,28.86,28.23,28.73,4885401
1677,2023-09-20,28.73,28.95,28.41,28.68,6671506
1678,2023-09-21,28.73,28.77,28.37,28.37,5998968
1679,2023-09-22,28.19,28.41,27.74,28.32,8223938
1680,2023-09-25,28.14,28.37,26.67,26.67,6722807
1681,2023-09-26,26.76,27.61,26.62,27.12,5257381
1682,2023-09-27,27.2,27.74,26.85,27.74,3649200
1683,2023-09-28,27.47,27.74,25.82,27.61,7875327
1684,2023-09-29,27.34,27.79,26.89,26.89,5351686
1685,2023-10-02,26.94,27.16,25.01,26.8,5336910
1686,2023-10-03,26.4,26.4,25.73,26.04,7706466
1687,2023-10-04,25.68,26.04,25.59,25.86,3078173
1688,2023-10-05,26.0,26.09,25.15,25.15,4885669
1689,2023-10-06,25.5,25.73,24.92,25.68,3155537
1690,2023-10-09,25.64,26.13,25.64,26.09,1903217
1691,2023-10-10,26.27,26.44,26.13,26.22,2971386
1692,2023-10-11,26.22,26.4,26.0,26.4,1760315
1693,2023-10-12,26.58,26.62,26.27,26.49,2093687
1694,2023-10-13,26.22,26.49,25.95,26.22,1458314
1695,2023-10-16,26.18,26.22,25.77,25.77,2026558
1696,2023-10-17,25.95,26.09,25.59,25.59,1651655
1697,2023-10-18,25.59,25.77,25.1,25.37,2126692
1698,2023-10-19,25.37,25.59,25.06,25.59,1811147
1699,2023-10-20,25.46,26.62,24.97,26.31,3602917
1700,2023-10-23,26.31,26.31,25.77,26.22,1588331
1701,2023-10-24,26.22,26.4,26.0,26.4,2468741
1702,2023-10-25,26.22,26.4,25.91,25.95,1749978
1703,2023-10-26,25.37,25.55,24.65,25.37,5976019
1704,2023-10-27,25.37,25.46,24.83,25.24,2902012
1705,2023-10-30,24.74,25.24,24.74,24.74,1731430
1706,2023-10-31,24.83,25.06,24.7,24.79,2834278
1707,2023-11-01,24.88,24.88,24.43,24.52,3040020
1708,2023-11-02,24.7,25.5,24.7,25.28,2373215
1709,2023-11-03,25.42,25.46,25.06,25.06,3561109
1710,2023-11-06,25.37,25.68,25.37,25.55,2338446
1711,2023-11-07,25.42,25.68,25.33,25.55,2278474
1712,2023-11-08,25.59,26.18,25.28,26.18,2936498
1713,2023-11-09,26.27,26.62,26.13,26.4,4609069
1714,2023-11-10,26.18,26.31,25.91,26.31,3478992
1715,2023-11-13,26.22,26.44,26.13,26.31,3131685
1716,2023-11-14,26.71,26.94,26.49,26.67,3734226
1717,2023-11-15,26.94,27.38,26.94,27.03,5374598
1718,2023-11-16,26.8,27.12,26.76,27.07,2245325
1719,2023-11-17,27.03,27.12,26.35,26.58,4282430
1720,2023-11-20,26.13,26.62,26.04,26.44,2170229
1721,2023-11-21,26.71,26.71,26.31,26.31,1838665
1722,2023-11-22,26.4,26.58,26.27,26.49,1850800
1723,2023-11-23,26.62,26.62,26.13,26.13,1914648
1724,2023-11-24,26.13,26.49,25.68,26.49,3089367
1725,2023-11-27,26.53,26.53,26.04,26.31,1432736
1726,2023-11-28,26.22,26.22,25.82,26.22,2069529
1727,2023-11-29,26.22,26.44,26.13,26.31,2551091
1728,2023-11-30,26.3,26.7,26.15,26.3,2656528
1729,2023-12-01,26.45,26.45,26.0,26.3,1964373
1730,2023-12-04,26.45,26.6,26.25,26.55,7641025
1731,2023-12-05,26.6,26.7,26.5,26.5,2551988
1732,2023-12-06,26.5,26.7,26.5,26.65,3207791
1733,2023-12-07,26.75,27.1,26.55,26.9,5659179
1734,2023-12-08,27.0,27.1,26.7,26.9,3721508
1735,2023-12-11,26.95,27.05,26.7,26.85,2204774
1736,2023-12-12,26.9,27.0,26.7,27.0,3347258
1737,2023-12-13,27.15,27.35,26.7,26.75,3631524
1738,2023-12-14,26.95,26.95,26.45,26.75,3875365
1739,2023-12-15,26.5,26.85,26.35,26.7,3970818
1740,2023-12-18,26.5,26.7,26.05,26.05,3838367
1741,2023-12-19,26.1,26.5,25.95,26.5,2309159
1742,2023-12-20,26.3,26.6,26.2,26.55,2389371
1743,2023-12-21,26.4,26.6,26.25,26.55,2581937
1744,2023-12-22,26.5,26.6,26.35,26.45,2170049
1745,2023-12-25,26.55,26.9,26.5,26.9,4085488
1746,2023-12-26,26.85,26.95,26.8,26.8,3249323
1747,2023-12-27,26.8,26.9,26.75,26.85,3010728
1748,2023-12-28,26.85,27.1,26.75,27.1,2985243
1749,2023-12-29,27.2,27.35,27.1,27.1,4657613
1750,2024-01-02,27.15,27.25,27.05,27.2,3302172
1751,2024-01-03,27.2,27.6,27.05,27.6,3125515
1752,2024-01-04,27.65,29.5,27.55,28.6,14699663
1753,2024-01-05,28.75,29.15,28.7,29.0,8768136
1754,2024-01-08,29.5,29.8,29.05,29.55,12118831
1755,2024-01-09,29.6,30.15,29.3,30.0,14357614
1756,2024-01-10,30.0,31.15,29.85,31.0,13931670
1757,2024-01-11,31.1,31.5,30.4,31.0,9751672
1758,2024-01-12,30.8,31.85,30.6,31.5,17191036
1759,2024-01-15,31.55,31.7,31.0,31.4,6955646
1760,2024-01-16,31.05,31.4,30.8,31.4,7473186
1761,2024-01-17,31.05,31.5,31.0,31.15,6759001
1762,2024-01-18,31.15,31.6,30.9,31.5,8870604
1763,2024-01-19,31.7,32.6,31.45,32.6,14148196
1764,2024-01-22,32.55,32.65,31.95,32.65,8707571
1765,2024-01-23,32.65,32.8,31.9,32.2,9146723
1766,2024-01-24,31.95,32.4,31.9,32.0,5007177
1767,2024-01-25,32.0,32.1,31.6,32.05,5171934
1768,2024-01-26,32.1,32.25,31.95,32.1,3686228
1769,2024-01-29,32.1,32.75,32.0,32.3,5889586
1770,2024-01-30,32.35,32.45,32.05,32.2,3748970
1771,2024-01-31,32.45,32.5,31.3,31.6,11932232
1772,2024-02-01,31.45,32.1,31.45,32.05,5133916
1773,2024-02-02,32.0,32.15,31.55,31.7,4540449
1774,2024-02-05,31.75,33.9,31.75,33.9,21722026
1775,2024-02-06,34.0,34.45,33.85,34.4,8657918
1776,2024-02-07,34.4,36.3,34.4,35.5,13578449
1777,2024-02-15,35.6,35.8,35.0,35.0,8862589
1778,2024-02-16,35.3,35.3,34.65,35.25,7518770
1779,2024-02-19,35.1,35.5,34.5,35.4,10690911
1780,2024-02-20,35.3,35.6,34.7,35.2,6844456
1781,2024-02-21,35.25,36.2,35.05,35.55,10408441
1782,2024-02-22,35.7,35.75,35.25,35.7,7064441
1783,2024-02-23,35.8,37.15,35.0,35.2,25789026
1784,2024-02-26,35.2,35.85,35.1,35.65,6399684
1785,2024-02-27,35.7,36.3,35.45,36.15,9073903
1786,2024-02-28,36.4,36.45,35.65,35.95,9819770
1787,2024-02-29,36.2,36.3,35.2,35.55,12805479
1788,2024-03-01,35.7,35.7,35.0,35.6,9186740
1789,2024-03-04,35.6,36.9,35.15,36.0,17584719
1790,2024-03-05,36.0,36.45,35.75,36.45,7386434
1791,2024-03-06,36.4,36.95,35.65,36.1,11122170
1792,2024-03-07,36.0,36.05,35.45,35.8,8888544
1793,2024-03-08,35.8,35.85,34.5,34.5,20836794
1794,2024-03-11,34.5,34.75,33.9,34.15,7848930
1795,2024-03-12,34.0,34.6,33.95,34.5,6764826
1796,2024-03-13,34.6,35.15,34.2,35.15,6146474
1797,2024-03-14,35.2,35.2,34.2,34.45,7015247
1798,2024-03-15,34.4,35.4,33.95,34.75,9590069
1799,2024-03-18,34.75,35.0,32.35,33.3,11393812
1800,2024-03-19,33.4,33.8,32.95,33.3,7154001
1801,2024-03-20,33.2,34.5,33.0,34.35,9490071
1802,2024-03-21,34.6,34.9,34.05,34.9,9091163
1803,2024-03-22,35.1,36.4,35.0,35.7,15970111
1804,2024-03-25,35.5,35.7,34.5,34.7,9583651
1805,2024-03-26,34.75,35.4,34.65,35.2,3805589
1806,2024-03-27,35.0,35.5,34.8,35.5,5071326
1807,2024-03-28,35.9,35.9,35.3,35.75,7037993
1808,2024-03-29,35.75,35.75,35.15,35.55,4494235
1809,2024-04-01,35.4,35.4,34.75,35.0,7923029
1810,2024-04-02,34.5,35.2,34.1,35.0,6983869
1811,2024-04-03,34.9,35.0,33.9,34.05,9114136
1812,2024-04-04,34.2,34.3,33.5,33.55,7109402
1813,2024-04-05,33.2,33.6,33.1,33.2,9837489
1814,2024-04-08,33.3,34.25,32.95,33.5,12011667
1815,2024-04-09,33.9,34.25,33.55,34.25,5242173
1816,2024-04-10,34.35,34.35,33.65,33.65,4304063
1817,2024-04-11,33.3,33.7,33.25,33.7,4181821
1818,2024-04-12,33.8,36.05,33.65,35.9,23787608
1819,2024-04-15,35.8,36.3,33.4,33.45,29303204
1820,2024-04-16,33.9,34.05,32.8,34.05,15421515
1821,2024-04-17,34.25,34.25,32.65,32.7,19099905
1822,2024-04-19,32.1,32.75,31.25,31.6,13046019
1823,2024-04-22,32.05,32.4,31.7,32.3,7771685
1824,2024-04-23,32.25,32.5,31.15,31.5,10693470
1825,2024-04-24,32.0,32.95,31.7,32.95,9015234
1826,2024-04-25,32.85,33.0,32.25,33.0,4865881
1827,2024-04-26,32.55,33.15,32.15,32.8,8975056
1828,2024-05-02,32.8,32.8,32.0,32.35,6363200
1829,2024-05-03,32.45,32.85,32.15,32.4,6162933
1830,2024-05-06,32.6,33.25,32.35,33.2,7631391
1831,2024-05-07,33.2,33.25,32.8,32.8,4944154
1832,2024-05-08,32.65,33.0,32.35,32.6,8400427
1833,2024-05-09,32.8,33.4,32.45,32.9,7201030
1834,2024-05-10,33.15,33.15,32.55,32.85,4659795
1835,2024-05-13,32.85,32.85,32.25,32.3,7006487
1836,2024-05-14,32.4,32.7,32.25,32.3,5646320
1837,2024-05-15,32.45,33.0,32.25,32.35,7931222
1838,2024-05-16,32.8,33.7,32.55,33.2,14198690
1839,2024-05-17,33.35,33.4,32.9,33.1,5952383
1840,2024-05-20,33.3,33.9,33.05,33.35,12153697
1841,2024-05-21,33.45,34.1,33.35,33.65,6082959
1842,2024-05-22,33.85,33.9,32.7,33.0,11645905
1843,2024-05-23,32.95,33.25,32.6,33.25,5576562
1844,2024-05-24,33.1,33.9,32.3,32.5,13925619
1845,2024-05-27,32.7,32.7,32.1,32.4,8221234
1846,2024-05-28,32.45,32.5,31.7,32.2,24692517
1847,2024-05-29,32.2,32.2,31.65,31.65,15637199
1848,2024-05-30,31.35,32.1,31.35,31.8,9621606
1849,2024-05-31,31.8,32.2,31.8,31.9,6192508
1850,2024-06-03,32.25,32.8,32.05,32.6,9931998
1851,2024-06-04,32.7,32.95,32.45,32.8,8847100
1852,2024-06-05,32.9,32.95,32.4,32.4,8386715
1853,2024-06-06,32.5,32.7,32.35,32.6,7439660
1854,2024-06-07,32.8,32.9,32.65,32.8,4309934
1855,2024-06-10,32.95,33.95,32.9,33.5,13322411
1856,2024-06-11,33.95,33.95,33.15,33.2,10719054
1857,2024-06-12,33.25,33.65,32.85,33.5,7594905
1858,2024-06-13,34.0,34.15,33.5,33.9,14014007
1859,2024-06-14,33.9,33.95,32.8,32.8,10433839
1860,2024-06-17,32.8,32.95,32.3,32.75,8420700
1861,2024-06-18,32.75,32.85,32.35,32.35,7749511
1862,2024-06-19,32.4,32.55,31.95,32.5,6707065
1863,2024-06-20,32.3,32.55,32.0,32.2,7046138
1864,2024-06-21,32.4,32.45,32.15,32.2,4905568
1865,2024-06-24,32.2,32.35,31.55,31.65,8441901
1866,2024-06-25,31.9,31.9,31.45,31.6,5415929
1867,2024-06-26,31.6,31.65,31.05,31.3,6559416
1868,2024-06-27,31.3,31.4,31.15,31.3,4085634
1869,2024-06-28,31.3,31.45,31.0,31.0,4523875
1870,2024-07-01,30.85,32.0,30.85,32.0,3926501
1871,2024-07-02,32.0,32.35,31.9,32.3,5125630
1872,2024-07-03,32.35,32.5,32.05,32.35,3318740
1873,2024-07-04,32.4,32.5,32.05,32.3,2528523
1874,2024-07-05,32.35,32.85,32.1,32.7,5592654
1875,2024-07-08,32.75,32.75,32.3,32.6,3855058
1876,2024-07-09,32.6,32.8,32.4,32.7,4735023
1877,2024-07-10,32.7,32.85,32.4,32.4,5207417
1878,2024-07-11,32.5,32.6,32.2,32.2,3869535
1879,2024-07-12,32.2,32.3,31.9,32.0,3875711
1880,2024-07-15,32.05,32.2,32.0,32.1,2452363
1881,2024-07-16,32.15,32.85,32.1,32.5,6591821
1882,2024-07-17,32.7,33.8,32.55,33.0,22607811
1883,2024-07-18,33.3,33.45,32.75,33.45,8114071
1884,2024-07-19,33.25,33.8,32.75,33.4,10151078
1885,2024-07-22,33.2,34.1,33.15,33.65,15874055
1886,2024-07-23,33.7,33.7,32.05,32.4,9828994
1887,2024-07-24,32.35,32.5,31.7,32.2,10319378
1888,2024-07-25,32.0,32.0,31.4,31.55,6107949
1889,2024-07-26,31.55,32.15,31.55,32.05,3281100
1890,2024-07-29,32.15,32.35,32.1,32.1,3120200
1891,2024-07-30,32.0,32.1,31.8,32.0,4284300
1892,2024-07-31,32.0,32.3,31.8,32.0,6542400
1893,2024-08-01,32.0,32.45,31.3,31.45,8811100
1894,2024-08-02,31.05,31.55,30.25,31.55,10408500
1895,2024-08-05,30.9,30.95,30.0,30.15,10630500
1896,2024-08-06,30.5,30.6,29.95,30.55,4871100
1897,2024-08-07,30.65,30.65,30.05,30.2,3892500
1898,2024-08-08,30.2,30.45,30.05,30.2,5155000
1899,2024-08-09,30.35,31.5,30.35,31.5,7179900
1900,2024-08-12,31.55,31.75,31.2,31.7,3052300
1901,2024-08-13,31.85,31.85,31.35,31.85,3764400
1902,2024-08-14,31.85,32.0,31.6,31.8,4668000
1903,2024-08-15,31.8,31.95,31.45,31.85,4421800
1904,2024-08-16,31.85,32.5,31.8,32.5,7856100
1905,2024-08-19,32.5,32.7,32.35,32.65,5863100
1906,2024-08-20,32.65,33.35,32.6,33.2,10766100
1907,2024-08-21,33.25,34.2,33.0,34.2,27480100
1908,2024-08-22,34.35,35.0,34.3,34.6,11485500
1909,2024-08-23,34.4,34.95,34.15,34.95,9860800
1910,2024-08-26,35.0,35.0,34.4,34.6,9584400
1911,2024-08-27,34.6,35.0,34.25,34.85,11698100
1912,2024-08-28,34.9,34.95,34.5,34.9,5938900
1913,2024-08-29,34.95,35.35,34.5,35.0,12531200
1914,2024-08-30,35.0,35.1,34.65,35.05,8124100
1915,2024-09-04,34.6,35.3,34.45,35.3,10446800
1916,2024-09-05,35.2,35.5,34.6,35.0,8504400
1917,2024-09-06,34.8,35.5,34.6,35.5,9157300
1918,2024-09-09,35.2,35.45,35.0,35.45,5375600
1919,2024-09-10,35.4,35.55,34.8,34.95,7474100
1920,2024-09-11,34.95,35.1,34.45,34.95,5494300
1921,2024-09-12,35.25,35.25,34.7,35.0,4999600
1922,2024-09-13,34.8,35.0,34.65,34.9,3439800
1923,2024-09-16,34.95,34.95,34.5,34.65,5810800
1924,2024-09-17,34.55,34.95,34.35,34.95,5230100
1925,2024-09-18,34.95,36.3,34.8,35.7,17487600
1926,2024-09-19,35.75,36.2,35.6,36.0,5835500
1927,2024-09-20,36.05,36.65,35.95,36.0,13164300
1928,2024-09-23,35.95,36.3,35.65,35.9,4440300
1929,2024-09-24,35.9,36.2,35.65,36.05,5546400
1930,2024-09-25,36.5,36.6,36.0,36.0,9797800
1931,2024-09-26,36.0,36.45,35.45,36.4,22830200
1932,2024-09-27,36.45,37.55,36.45,37.0,15617800
1933,2024-09-30,36.9,37.2,36.65,36.95,4842500
1934,2024-10-01,36.95,37.1,36.35,36.5,12315100
1935,2024-10-02,36.15,36.45,35.95,36.0,11271900
1936,2024-10-03,36.0,36.75,35.9,36.2,9111600
1937,2024-10-04,36.15,36.15,35.6,35.6,8545600
1938,2024-10-07,35.9,35.95,35.5,35.8,5298700
1939,2024-10-08,35.8,36.15,35.55,35.75,6638700
1940,2024-10-09,35.8,36.6,35.7,36.1,9143500
1941,2024-10-10,36.45,36.65,36.05,36.15,6226000
1942,2024-10-11,36.25,36.3,35.8,36.25,4217800
1943,2024-10-14,36.4,36.45,36.05,36.05,4041500
1944,2024-10-15,36.25,36.8,36.1,36.15,10587200
1945,2024-10-16,36.1,36.45,35.9,36.3,3778300
1946,2024-10-17,36.5,36.55,36.05,36.55,6200700
1947,2024-10-18,36.8,36.9,36.25,36.25,7054400
1948,2024-10-21,36.1,36.35,35.5,35.5,8242100
1949,2024-10-22,35.5,35.65,34.8,35.0,9519000
1950,2024-10-23,35.0,35.15,34.75,35.05,4488500
1951,2024-10-24,35.0,35.15,34.05,34.85,6405900
1952,2024-10-25,34.75,34.8,34.5,34.6,4448300
1953,2024-10-28,34.65,34.8,34.55,34.7,2288100
1954,2024-10-29,34.7,34.95,34.7,34.95,2890000
1955,2024-10-30,34.9,35.0,34.5,34.75,2626400
1956,2024-10-31,34.9,35.75,34.8,35.7,8400500
1957,2024-11-01,35.55,35.95,35.5,35.6,7983200
1958,2024-11-04,35.55,35.95,35.35,35.7,5247600
1959,2024-11-05,35.5,35.7,35.05,35.05,4093100
1960,2024-11-06,35.2,35.9,35.1,35.9,3543500
1961,2024-11-07,35.9,36.15,35.6,35.6,3822400
1962,2024-11-08,35.7,36.0,34.8,35.0,4916300
1963,2024-11-11,35.0,35.0,33.85,34.95,16325500
1964,2024-11-12,34.8,34.85,34.2,34.5,3342200
1965,2024-11-13,34.45,34.5,33.95,34.35,4244200
1966,2024-11-14,34.3,34.3,33.6,33.6,5270200
1967,2024-11-15,33.6,33.6,32.8,33.1,8350400
1968,2024-11-18,33.1,33.65,32.7,33.3,4072900
1969,2024-11-19,33.5,33.6,33.0,33.35,5280700
1970,2024-11-20,33.05,34.0,33.05,34.0,6494000
1971,2024-11-21,34.0,35.0,33.6,35.0,7810800
1972,2024-11-22,34.9,35.2,34.7,35.0,6181600
1973,2024-11-25,34.95,35.1,34.7,35.1,3824500
1974,2024-11-26,35.0,35.35,34.9,35.3,4538800
1975,2024-11-27,35.1,35.3,34.95,35.15,2761100
1976,2024-11-28,35.3,35.4,34.95,35.4,3289800
1977,2024-11-29,35.5,35.85,35.25,35.75,5142400
1978,2024-12-02,35.9,36.0,35.7,35.85,4468300
1979,2024-12-03,35.95,35.95,35.45,35.9,5261300
1980,2024-12-04,35.6,35.7,35.3,35.3,4137800
1981,2024-12-05,35.3,36.5,35.05,36.4,10395100
1982,2024-12-06,36.5,36.65,36.25,36.25,5625800
1983,2024-12-09,36.15,36.5,36.05,36.45,4392500
1984,2024-12-10,36.45,36.5,36.1,36.35,3293400
1985,2024-12-11,36.3,36.6,36.2,36.35,4390000
1986,2024-12-12,36.4,36.8,36.2,36.3,5010500
1987,2024-12-13,36.15,36.5,36.1,36.35,4180300
1988,2024-12-16,36.35,36.7,36.2,36.25,2866500
1989,2024-12-17,36.25,36.35,36.05,36.25,3429900
1990,2024-12-18,36.2,36.4,35.8,36.25,2933300
1991,2024-12-19,35.85,36.2,35.6,36.2,6319500
1992,2024-12-20,36.0,36.15,35.7,36.15,3418200
1993,2024-12-23,36.2,36.3,36.1,36.25,3097200
1994,2024-12-24,36.1,36.2,35.9,36.2,2831100
1995,2024-12-25,36.2,38.7,36.2,38.2,25190700
1996,2024-12-26,38.4,38.4,38.0,38.2,4847100
1997,2024-12-27,38.35,38.8,38.0,38.8,9539300
1998,2024-12-30,38.5,38.9,38.35,38.9,7210600
1999,2024-12-31,38.6,38.7,37.8,37.8,5449700
2000,2025-01-02,38.0,38.3,37.6,38.1,5742600
2001,2025-01-03,37.8,38.0,37.2,37.2,10284500
2002,2025-01-06,37.25,37.65,37.05,37.2,6045300
2003,2025-01-07,37.5,38.0,37.15,37.45,6267400
2004,2025-01-08,37.4,37.9,37.25,37.8,3664700
2005,2025-01-09,37.8,37.9,37.25,37.4,4056700
2006,2025-01-10,37.4,38.2,37.2,37.5,7501000
2007,2025-01-13,37.2,37.7,36.2,37.7,9377500
2008,2025-01-14,37.45,37.9,36.9,36.95,3716700
2009,2025-01-15,37.0,37.1,36.6,36.75,4980700
2010,2025-01-16,36.85,37.2,36.4,36.8,6641100
2011,2025-01-17,36.8,37.2,36.6,37.2,3948300
2012,2025-01-20,37.25,37.7,37.15,37.3,4400000
2013,2025-01-21,37.45,37.8,37.05,37.3,5502600
2014,2025-01-22,37.6,37.6,37.25,37.3,4497700
2015,2025-01-23,37.4,38.2,37.3,38.1,7583800
2016,2025-01-24,38.1,38.15,37.75,38.0,5047600
2017,2025-02-03,38.25,38.6,37.8,38.05,8325900
2018,2025-02-04,38.25,39.75,38.05,39.4,14538400
2019,2025-02-05,39.65,39.7,39.1,39.35,6686000
2020,2025-02-06,39.4,39.85,39.2,39.5,6527700
2021,2025-02-07,39.5,41.2,39.25,40.8,14973700
2022,2025-02-10,40.8,41.1,40.05,40.3,9535800
2023,2025-02-11,40.35,40.9,40.15,40.7,7621400
2024,2025-02-12,40.7,40.8,40.4,40.5,4835000
2025,2025-02-13,40.3,41.3,40.3,40.85,6945200
2026,2025-02-14,41.0,41.35,40.5,40.55,5515600
2027,2025-02-17,40.5,40.65,40.15,40.15,5951900
2028,2025-02-18,40.15,41.0,40.05,40.3,6539300
2029,2025-02-19,40.55,40.95,40.45,40.5,6136000
2030,2025-02-20,41.05,41.05,40.45,40.85,5265200
2031,2025-02-21,40.85,41.5,40.5,41.5,7710600
2032,2025-02-24,41.5,41.95,41.35,41.9,6764800
2033,2025-02-25,41.95,42.1,41.4,41.85,5728900
2034,2025-02-26,41.8,41.8,41.1,41.35,9430900
2035,2025-02-27,41.25,41.55,40.85,41.5,6079700
2036,2025-02-28,41.3,41.6,41.0,41.5,5529300
2037,2025-03-03,41.2,41.25,40.85,41.25,7674500
2038,2025-03-04,41.0,41.8,40.8,41.6,7443800
2039,2025-03-05,41.6,42.25,41.15,41.2,7812100
2040,2025-03-06,41.4,41.75,41.2,41.65,5639200
2041,2025-03-07,41.7,42.4,41.65,42.4,10858900
2042,2025-03-10,42.7,42.7,42.1,42.45,9163000
2043,2025-03-11,42.0,42.6,41.8,42.6,6943500
2044,2025-03-12,42.8,43.3,42.3,42.65,9350500
2045,2025-03-13,42.7,42.7,42.15,42.3,7914900
2046,2025-03-14,42.05,42.3,41.8,42.3,7787700
2047,2025-03-17,42.3,42.6,42.2,42.6,3459900
2048,2025-03-18,42.9,42.9,41.95,42.0,5406700
2049,2025-03-19,41.9,42.0,41.4,41.55,8668600
2050,2025-03-20,41.55,41.8,41.0,41.6,8810000
2051,2025-03-21,41.6,41.65,41.05,41.65,7361100
