,time,open,high,low,close,volume,ticker
0,2018-04-19,8.69,8.69,7.9,8.06,7295110,TPB
1,2018-04-20,8.15,8.15,7.92,8.07,1970610,TPB
2,2018-04-23,8.07,8.1,7.53,7.65,918490,TPB
3,2018-04-24,7.53,7.7,7.13,7.65,1084620,TPB
4,2018-04-26,7.63,7.68,7.33,7.38,618040,TPB
5,2018-04-27,7.44,7.5,7.29,7.5,783680,TPB
6,2018-05-02,7.68,7.68,7.38,7.4,468940,TPB
7,2018-05-03,7.4,7.4,7.2,7.4,407660,TPB
8,2018-05-04,7.56,7.56,7.33,7.4,267600,TPB
9,2018-05-07,7.43,7.45,7.25,7.45,269800,TPB
10,2018-05-08,7.7,7.7,7.4,7.48,556210,TPB
11,2018-05-09,7.48,7.48,7.35,7.45,368930,TPB
12,2018-05-10,7.45,7.45,7.2,7.33,184990,TPB
13,2018-05-11,7.33,7.4,7.1,7.4,725410,TPB
14,2018-05-14,7.4,7.4,7.15,7.33,252920,TPB
15,2018-05-15,7.33,7.42,7.15,7.4,468650,TPB
16,2018-05-16,7.4,7.42,7.25,7.33,525340,TPB
17,2018-05-17,7.35,7.4,7.28,7.33,385710,TPB
18,2018-05-18,7.3,7.4,7.24,7.38,465950,TPB
19,2018-05-21,7.39,7.39,7.32,7.34,339500,TPB
20,2018-05-22,7.34,7.39,7.1,7.28,414600,TPB
21,2018-05-23,7.28,7.32,7.18,7.3,506080,TPB
22,2018-05-24,7.29,7.32,7.23,7.28,366890,TPB
23,2018-05-25,7.28,7.3,7.19,7.2,307990,TPB
24,2018-05-28,7.15,7.18,6.73,6.73,197040,TPB
25,2018-05-29,6.83,7.17,6.83,7.15,590410,TPB
26,2018-05-30,7.14,7.19,7.06,7.13,171480,TPB
27,2018-05-31,7.1,7.12,6.96,6.96,287350,TPB
28,2018-06-01,7.1,7.1,6.96,6.96,100550,TPB
29,2018-06-04,6.98,7.4,6.94,7.33,387700,TPB
30,2018-06-05,7.35,7.35,7.18,7.3,459200,TPB
31,2018-06-06,7.25,7.28,7.15,7.18,847910,TPB
32,2018-06-07,7.2,7.2,7.13,7.18,675570,TPB
33,2018-06-08,7.18,7.2,7.08,7.12,1162520,TPB
34,2018-06-11,7.18,7.18,7.01,7.08,38710,TPB
35,2018-06-12,7.08,7.08,6.91,7.01,42180,TPB
36,2018-06-13,7.01,7.03,6.96,7.01,111190,TPB
37,2018-06-14,7.01,7.01,6.89,6.96,22990,TPB
38,2018-06-15,6.99,6.99,6.89,6.91,26260,TPB
39,2018-06-18,6.91,6.91,6.71,6.71,44490,TPB
40,2018-06-19,6.61,6.81,6.25,6.73,648860,TPB
41,2018-06-20,6.73,6.83,6.73,6.81,648730,TPB
42,2018-06-21,6.86,6.93,6.71,6.81,43660,TPB
43,2018-06-22,6.78,6.83,6.78,6.83,115320,TPB
44,2018-06-25,6.84,6.96,6.83,6.91,204990,TPB
45,2018-06-26,6.51,6.93,6.51,6.91,101440,TPB
46,2018-06-27,6.88,6.91,6.71,6.87,42360,TPB
47,2018-06-28,6.87,6.87,6.71,6.71,44370,TPB
48,2018-06-29,6.83,6.83,6.68,6.83,234590,TPB
49,2018-07-02,6.83,6.86,6.69,6.71,73960,TPB
50,2018-07-03,6.71,6.72,6.45,6.48,182230,TPB
51,2018-07-04,6.48,6.51,6.16,6.32,283830,TPB
52,2018-07-05,6.43,6.55,6.29,6.29,779170,TPB
53,2018-07-06,6.29,6.63,6.29,6.63,344120,TPB
54,2018-07-09,6.71,6.71,6.17,6.71,226510,TPB
55,2018-07-10,6.71,6.76,6.68,6.76,278740,TPB
56,2018-07-11,6.76,6.76,6.61,6.66,82430,TPB
57,2018-07-12,6.63,6.66,6.6,6.65,138910,TPB
58,2018-07-13,6.74,6.77,6.68,6.73,303750,TPB
59,2018-07-16,6.71,6.71,6.58,6.71,216440,TPB
60,2018-07-17,6.71,6.72,6.66,6.66,157780,TPB
61,2018-07-18,6.67,6.73,6.62,6.71,247780,TPB
62,2018-07-19,6.69,6.71,6.63,6.68,55150,TPB
63,2018-07-20,6.71,6.71,6.66,6.68,25590,TPB
64,2018-07-23,6.69,6.69,6.63,6.67,65750,TPB
65,2018-07-24,6.71,6.72,6.21,6.63,78680,TPB
66,2018-07-25,6.61,6.67,6.21,6.56,98910,TPB
67,2018-07-26,6.56,6.66,6.55,6.58,73720,TPB
68,2018-07-27,6.58,6.66,6.55,6.61,104230,TPB
69,2018-07-30,6.43,6.61,6.24,6.36,217670,TPB
70,2018-07-31,6.22,6.36,6.22,6.33,131670,TPB
71,2018-08-01,6.3,6.35,6.21,6.21,134560,TPB
72,2018-08-02,6.2,6.21,5.96,6.14,188020,TPB
73,2018-08-03,5.96,6.21,5.96,6.12,200320,TPB
74,2018-08-06,6.12,6.21,5.91,5.94,301330,TPB
75,2018-08-07,5.95,5.99,5.95,5.97,95960,TPB
76,2018-08-08,5.97,6.1,5.97,6.06,225180,TPB
77,2018-08-09,6.09,6.38,6.09,6.31,461210,TPB
78,2018-08-10,6.32,6.38,6.24,6.35,332110,TPB
79,2018-08-13,6.36,6.47,6.3,6.46,336850,TPB
80,2018-08-14,6.53,6.56,6.46,6.46,312680,TPB
81,2018-08-15,6.46,6.52,6.38,6.4,289650,TPB
82,2018-08-16,6.36,6.48,6.36,6.47,235000,TPB
83,2018-08-17,6.53,6.71,6.47,6.52,262420,TPB
84,2018-08-20,6.46,6.53,6.46,6.46,285190,TPB
85,2018-08-21,6.46,6.52,6.46,6.52,312010,TPB
86,2018-08-22,6.52,6.62,6.48,6.55,435620,TPB
87,2018-08-23,6.51,6.63,6.51,6.58,375720,TPB
88,2018-08-24,6.6,6.6,6.56,6.6,318750,TPB
89,2018-08-27,6.61,6.63,6.61,6.63,262880,TPB
90,2018-08-28,6.61,6.69,6.61,6.68,367780,TPB
91,2018-08-29,6.68,6.73,6.66,6.72,353290,TPB
92,2018-08-30,6.71,6.73,6.66,6.72,386140,TPB
93,2018-08-31,6.72,6.77,6.68,6.68,344740,TPB
94,2018-09-04,6.67,6.69,6.65,6.66,274950,TPB
95,2018-09-05,6.65,6.67,6.58,6.58,287370,TPB
96,2018-09-06,6.56,6.66,6.12,6.12,314500,TPB
97,2018-09-07,6.4,6.55,6.38,6.55,334230,TPB
98,2018-09-10,6.57,6.6,6.52,6.55,295040,TPB
99,2018-09-11,6.55,6.56,6.48,6.48,306000,TPB
100,2018-09-12,6.48,6.55,6.46,6.48,311310,TPB
101,2018-09-13,6.5,6.52,6.48,6.51,274320,TPB
102,2018-09-14,6.51,6.53,6.5,6.51,296230,TPB
103,2018-09-17,6.51,6.51,6.46,6.48,296810,TPB
104,2018-09-18,6.48,6.48,6.35,6.48,341310,TPB
105,2018-09-19,6.5,6.52,6.46,6.51,403380,TPB
106,2018-09-20,6.52,6.57,6.51,6.52,451650,TPB
107,2018-09-21,6.52,6.56,6.51,6.52,458990,TPB
108,2018-09-24,6.53,6.56,6.51,6.52,179800,TPB
109,2018-09-25,6.52,6.52,6.42,6.45,352600,TPB
110,2018-09-26,6.46,6.6,6.41,6.46,280770,TPB
111,2018-09-27,6.46,6.51,6.45,6.46,237590,TPB
112,2018-09-28,6.46,6.51,6.43,6.51,377090,TPB
113,2018-10-01,6.51,6.55,6.5,6.51,334990,TPB
114,2018-10-02,6.51,6.58,6.45,6.5,462710,TPB
115,2018-10-03,6.51,6.55,6.5,6.53,493170,TPB
116,2018-10-04,6.53,6.76,6.53,6.71,918360,TPB
117,2018-10-05,6.73,6.74,6.67,6.71,691450,TPB
118,2018-10-08,6.72,6.72,6.58,6.62,586980,TPB
119,2018-10-09,6.56,6.65,6.53,6.63,1065850,TPB
120,2018-10-10,6.63,6.66,6.61,6.63,557840,TPB
121,2018-10-11,6.21,6.46,6.19,6.19,500890,TPB
122,2018-10-12,6.17,6.29,6.17,6.25,376500,TPB
123,2018-10-15,6.24,6.25,5.81,5.96,336550,TPB
124,2018-10-16,5.97,6.02,5.96,6,328810,TPB
125,2018-10-17,6.01,6.21,6.01,6.09,321550,TPB
126,2018-10-18,6.1,6.15,6.06,6.07,279180,TPB
127,2018-10-19,6.06,6.09,6.01,6.07,308190,TPB
128,2018-10-22,6.07,6.24,6.07,6.11,386440,TPB
129,2018-10-23,6.12,6.12,6.05,6.06,315760,TPB
130,2018-10-24,6.07,6.12,6.06,6.1,316220,TPB
131,2018-10-25,6.07,6.1,6,6.09,249910,TPB
132,2018-10-26,6.12,6.21,6.12,6.17,269600,TPB
133,2018-10-29,6.17,6.19,6.12,6.17,217050,TPB
134,2018-10-30,6.17,6.26,6.17,6.21,368350,TPB
135,2018-10-31,6.33,6.42,6.33,6.42,308320,TPB
136,2018-11-01,6.58,6.58,6.38,6.4,285340,TPB
137,2018-11-02,6.41,6.47,5.96,5.96,511310,TPB
138,2018-11-05,6.09,6.16,6.07,6.15,481700,TPB
139,2018-11-06,6.15,6.19,6.14,6.15,248270,TPB
140,2018-11-07,6.15,6.24,6.15,6.21,255460,TPB
141,2018-11-08,6.21,6.31,6.12,6.29,631830,TPB
142,2018-11-09,6.29,6.36,6.21,6.24,563400,TPB
143,2018-11-12,6.24,6.35,6.2,6.35,234920,TPB
144,2018-11-13,6.33,6.33,6.27,6.32,206970,TPB
145,2018-11-14,6.32,6.36,6.32,6.33,180650,TPB
146,2018-11-15,6.35,6.36,6.31,6.35,233890,TPB
147,2018-11-16,6.36,6.46,6.36,6.45,252140,TPB
148,2018-11-19,6.46,6.51,6.46,6.51,331610,TPB
149,2018-11-20,6.52,6.52,6.48,6.51,286420,TPB
150,2018-11-21,6.51,6.71,6.45,6.68,307800,TPB
151,2018-11-22,6.83,6.98,6.68,6.98,1262510,TPB
152,2018-11-23,6.98,6.98,6.81,6.83,1055230,TPB
153,2018-11-26,6.58,6.69,6.57,6.57,600550,TPB
154,2018-11-27,6.56,6.57,6.38,6.43,313350,TPB
155,2018-11-28,6.43,6.43,6.21,6.31,313540,TPB
156,2018-11-29,6.41,6.41,6.3,6.31,237440,TPB
157,2018-11-30,6.38,6.38,6.2,6.25,383620,TPB
158,2018-12-03,6.43,6.58,6.33,6.57,473550,TPB
159,2018-12-04,6.57,6.58,6.46,6.46,307480,TPB
160,2018-12-05,6.46,6.58,6.42,6.56,459590,TPB
161,2018-12-06,6.58,6.66,6.53,6.58,575460,TPB
162,2018-12-07,7,7,6.81,6.99,867780,TPB
163,2018-12-10,6.97,6.97,6.83,6.84,447020,TPB
164,2018-12-11,6.83,6.83,6.71,6.73,321360,TPB
165,2018-12-12,6.73,6.81,6.73,6.76,212930,TPB
166,2018-12-13,6.84,6.87,6.76,6.76,223200,TPB
167,2018-12-14,6.81,6.83,6.71,6.73,324020,TPB
168,2018-12-17,6.71,6.71,6.52,6.6,236170,TPB
169,2018-12-18,6.56,6.56,6.4,6.4,407110,TPB
170,2018-12-19,6.56,6.59,6.36,6.36,273950,TPB
171,2018-12-20,6.46,6.51,6.44,6.46,193400,TPB
172,2018-12-21,6.43,6.48,6.38,6.4,264140,TPB
173,2018-12-24,6.43,6.43,6.36,6.38,175850,TPB
174,2018-12-25,6.36,6.36,6.05,6.14,205270,TPB
175,2018-12-26,6.14,6.33,6.14,6.24,219770,TPB
176,2018-12-27,6.52,6.52,6.35,6.35,183410,TPB
177,2018-12-28,6.36,6.46,6.24,6.35,162260,TPB
178,2019-01-02,6.46,6.46,6.21,6.35,101860,TPB
179,2019-01-03,6.33,6.46,6.16,6.21,87800,TPB
180,2019-01-04,6.21,6.21,5.95,6.19,163350,TPB
181,2019-01-07,6.4,6.44,6.19,6.25,100710,TPB
182,2019-01-08,6.3,6.4,6.22,6.27,144900,TPB
183,2019-01-09,6.36,6.59,6.33,6.56,790920,TPB
184,2019-01-10,6.56,6.7,6.56,6.64,476230,TPB
185,2019-01-11,6.68,6.68,6.62,6.65,395170,TPB
186,2019-01-14,6.68,7.02,6.21,7.02,265710,TPB
187,2019-01-15,6.86,6.86,6.59,6.71,442520,TPB
188,2019-01-16,6.73,6.76,6.62,6.62,121030,TPB
189,2019-01-17,6.68,6.68,6.57,6.59,103420,TPB
190,2019-01-18,6.59,6.76,6.59,6.62,136430,TPB
191,2019-01-21,6.64,6.84,6.62,6.68,289120,TPB
192,2019-01-22,6.78,6.78,6.62,6.68,216620,TPB
193,2019-01-23,6.65,6.94,6.59,6.94,952210,TPB
194,2019-01-24,6.71,6.84,6.68,6.76,271940,TPB
195,2019-01-25,6.78,6.79,6.73,6.73,361290,TPB
196,2019-01-28,6.76,6.76,6.68,6.7,229370,TPB
197,2019-01-29,6.7,6.71,6.57,6.59,277150,TPB
198,2019-01-30,6.68,6.68,6.64,6.65,191750,TPB
199,2019-01-31,6.68,6.71,6.62,6.62,194040,TPB
200,2019-02-01,6.65,6.68,6.62,6.67,133360,TPB
201,2019-02-11,6.7,6.76,6.7,6.76,328120,TPB
202,2019-02-12,6.78,6.83,6.76,6.78,387770,TPB
203,2019-02-13,6.79,6.83,6.75,6.79,308220,TPB
204,2019-02-14,6.81,6.81,6.73,6.78,328550,TPB
205,2019-02-15,6.79,6.81,6.68,6.75,536880,TPB
206,2019-02-18,6.79,6.79,6.7,6.76,277020,TPB
207,2019-02-19,6.78,6.78,6.68,6.71,280680,TPB
208,2019-02-20,6.75,6.75,6.62,6.71,349790,TPB
209,2019-02-21,6.73,6.75,6.6,6.62,475180,TPB
210,2019-02-22,6.64,6.73,6.6,6.68,348120,TPB
211,2019-02-25,6.7,6.87,6.7,6.76,331450,TPB
212,2019-02-26,6.76,6.76,6.62,6.68,460890,TPB
213,2019-02-27,6.68,6.68,6.59,6.67,585280,TPB
214,2019-02-28,6.67,6.68,6.57,6.6,528270,TPB
215,2019-03-01,6.6,6.67,6.59,6.67,463220,TPB
216,2019-03-04,6.67,6.87,6.64,6.75,619900,TPB
217,2019-03-05,6.75,6.76,6.62,6.65,620810,TPB
218,2019-03-06,6.67,6.7,6.62,6.65,187320,TPB
219,2019-03-07,6.68,6.76,6.67,6.68,285270,TPB
220,2019-03-08,6.67,6.67,6.6,6.64,133070,TPB
221,2019-03-11,6.62,6.65,6.57,6.62,59560,TPB
222,2019-03-12,6.62,6.75,6.62,6.75,667260,TPB
223,2019-03-13,6.79,6.81,6.75,6.78,548920,TPB
224,2019-03-14,6.79,6.79,6.68,6.78,275980,TPB
225,2019-03-15,6.76,6.79,6.68,6.68,348190,TPB
226,2019-03-18,6.68,6.78,6.68,6.76,939370,TPB
227,2019-03-19,6.78,6.79,6.73,6.76,771910,TPB
228,2019-03-20,6.76,6.78,6.67,6.75,691420,TPB
229,2019-03-21,6.78,6.78,6.65,6.73,504960,TPB
230,2019-03-22,6.75,6.76,6.71,6.75,340730,TPB
231,2019-03-25,6.73,6.73,6.59,6.65,470480,TPB
232,2019-03-26,6.65,6.78,6.65,6.65,337140,TPB
233,2019-03-27,6.67,6.73,6.64,6.68,321520,TPB
234,2019-03-28,6.7,6.76,6.67,6.75,505130,TPB
235,2019-03-29,6.78,6.79,6.76,6.76,502820,TPB
236,2019-04-01,6.78,7.22,6.73,7.19,791220,TPB
237,2019-04-02,7.19,7.22,7.07,7.08,729960,TPB
238,2019-04-03,7.1,7.22,7.07,7.19,1192390,TPB
239,2019-04-04,7.21,7.26,7.14,7.24,829600,TPB
240,2019-04-05,7.26,7.38,7.22,7.22,672710,TPB
241,2019-04-08,7.24,7.3,7.21,7.26,905710,TPB
242,2019-04-09,7.3,7.3,7.19,7.19,1599150,TPB
243,2019-04-10,7.16,7.18,6.95,7.05,665670,TPB
244,2019-04-11,7.05,7.16,7.03,7.16,869930,TPB
245,2019-04-12,7.26,7.26,7.1,7.14,204580,TPB
246,2019-04-16,7.11,7.14,6.99,7.07,351530,TPB
247,2019-04-17,7.07,7.07,6.97,7.03,553850,TPB
248,2019-04-18,7.05,7.08,6.94,6.95,726650,TPB
249,2019-04-19,6.99,7.32,6.91,7.03,746640,TPB
250,2019-04-22,7.1,7.1,6.87,6.92,809550,TPB
251,2019-04-23,7,7,6.83,6.91,1053980,TPB
252,2019-04-24,6.92,6.94,6.83,6.83,981910,TPB
253,2019-04-25,6.84,6.84,6.75,6.75,512850,TPB
254,2019-04-26,6.75,6.84,6.75,6.79,1047920,TPB
255,2019-05-02,6.79,6.83,6.78,6.79,879430,TPB
256,2019-05-03,6.79,6.83,6.73,6.78,1140300,TPB
257,2019-05-06,6.75,6.81,6.65,6.78,325190,TPB
258,2019-05-07,6.78,6.91,6.78,6.84,1689650,TPB
259,2019-05-08,6.79,6.84,6.79,6.81,543450,TPB
260,2019-05-09,6.84,6.94,6.83,6.84,1714680,TPB
261,2019-05-10,6.95,7.16,6.87,7.16,2575760,TPB
262,2019-05-13,7.19,7.38,7.19,7.29,1525660,TPB
263,2019-05-14,7.26,7.32,7.22,7.32,1327600,TPB
264,2019-05-15,7.32,7.37,7.29,7.37,2186550,TPB
265,2019-05-16,7.4,7.42,7.34,7.42,1602800,TPB
266,2019-05-17,7.43,7.57,7.42,7.57,989260,TPB
267,2019-05-20,7.59,7.62,7.53,7.59,560820,TPB
268,2019-05-21,7.61,7.62,7.56,7.61,586370,TPB
269,2019-05-22,7.65,7.7,7.57,7.61,545890,TPB
270,2019-05-23,7.61,7.61,7.48,7.51,540040,TPB
271,2019-05-24,7.48,7.57,7.45,7.51,606470,TPB
272,2019-05-27,7.51,7.61,7.51,7.57,1040400,TPB
273,2019-05-28,7.62,7.64,7.56,7.56,947980,TPB
274,2019-05-29,7.56,7.69,7.56,7.65,806450,TPB
275,2019-05-30,7.67,7.7,7.64,7.65,1013440,TPB
276,2019-05-31,7.65,7.65,7.59,7.61,996740,TPB
277,2019-06-03,7.61,7.61,7.48,7.57,671850,TPB
278,2019-06-04,7.61,7.62,7.48,7.57,520530,TPB
279,2019-06-05,7.57,7.61,7.56,7.61,582690,TPB
280,2019-06-06,7.64,7.64,7.48,7.61,460940,TPB
281,2019-06-07,7.62,7.67,7.57,7.67,775140,TPB
282,2019-06-10,7.7,7.78,7.64,7.75,920390,TPB
283,2019-06-11,7.75,8.12,7.69,8.12,1237320,TPB
284,2019-06-12,8.02,8.04,7.89,8.02,1339830,TPB
285,2019-06-13,7.92,8.08,7.73,8.08,3041540,TPB
286,2019-06-14,8.08,8.08,7.86,7.92,2732610,TPB
287,2019-06-17,7.92,7.92,7.64,7.8,598040,TPB
288,2019-06-18,7.45,7.96,7.45,7.49,787400,TPB
289,2019-06-19,7.35,7.57,7.35,7.45,301690,TPB
290,2019-06-20,7.51,7.53,7.38,7.51,690390,TPB
291,2019-06-21,7.51,7.57,7.42,7.51,501090,TPB
292,2019-06-24,7.51,7.51,7.3,7.3,495680,TPB
293,2019-06-25,7.3,7.32,7.13,7.29,760970,TPB
294,2019-06-26,7.3,7.3,7.16,7.22,612320,TPB
295,2019-06-27,7.22,7.26,7.18,7.22,349370,TPB
296,2019-06-28,7.3,7.3,7.16,7.27,347030,TPB
297,2019-07-01,7.27,7.34,7.26,7.29,300040,TPB
298,2019-07-02,7.38,7.38,7.29,7.32,423140,TPB
299,2019-07-03,7.4,7.4,7.3,7.35,688790,TPB
300,2019-07-04,7.38,7.4,7.34,7.38,943790,TPB
301,2019-07-05,7.42,7.42,7.32,7.35,355190,TPB
302,2019-07-08,7.38,7.38,7.26,7.32,365820,TPB
303,2019-07-09,7.32,7.35,7.29,7.32,406570,TPB
304,2019-07-10,7.35,7.35,7.29,7.32,374840,TPB
305,2019-07-11,7.32,7.34,7.29,7.3,387880,TPB
306,2019-07-12,7.32,7.32,7.26,7.29,227700,TPB
307,2019-07-15,7.29,7.34,7.27,7.34,518900,TPB
308,2019-07-16,7.38,7.48,7.38,7.42,1294800,TPB
309,2019-07-17,7.48,7.48,7.38,7.45,520850,TPB
310,2019-07-18,7.45,7.45,7.35,7.38,98620,TPB
311,2019-07-19,7.38,7.42,7.26,7.26,544670,TPB
312,2019-07-22,7.24,7.32,7.21,7.32,297970,TPB
313,2019-07-23,7.4,7.4,7.27,7.35,216670,TPB
314,2019-07-24,7.38,7.38,7.26,7.34,208650,TPB
315,2019-07-25,7.32,7.34,7.26,7.32,363670,TPB
316,2019-07-26,7.3,7.32,7.26,7.3,450660,TPB
317,2019-07-29,7.3,7.3,7.26,7.29,176250,TPB
318,2019-07-30,7.29,7.29,7.21,7.26,113050,TPB
319,2019-07-31,7.27,7.27,7.16,7.26,154340,TPB
320,2019-08-01,7.26,7.26,7.14,7.16,188550,TPB
321,2019-08-02,7.14,7.14,6.97,7.05,488500,TPB
322,2019-08-05,7.03,7.32,7,7.16,217370,TPB
323,2019-08-06,7.16,7.16,7,7.16,148200,TPB
324,2019-08-07,7.16,7.19,7.1,7.16,103350,TPB
325,2019-08-08,7.16,7.18,7.05,7.18,192020,TPB
326,2019-08-09,7.18,7.22,7.1,7.19,310510,TPB
327,2019-08-12,7.26,7.26,7.13,7.19,73710,TPB
328,2019-08-13,7.16,7.21,7,7.19,440560,TPB
329,2019-08-14,7.19,7.19,7.07,7.14,216610,TPB
330,2019-08-15,7.1,7.13,7.05,7.13,136420,TPB
331,2019-08-16,7.13,7.14,7.05,7.14,134220,TPB
332,2019-08-19,7.13,7.18,7.05,7.13,138500,TPB
333,2019-08-20,7.13,7.13,7.07,7.11,178760,TPB
334,2019-08-21,7.11,7.13,7.02,7.13,283500,TPB
335,2019-08-22,7.13,7.14,7.08,7.14,150020,TPB
336,2019-08-23,7.08,7.22,7.08,7.19,138230,TPB
337,2019-08-26,7.16,7.18,7.14,7.18,53010,TPB
338,2019-08-27,7.16,7.26,7.16,7.21,203670,TPB
339,2019-08-28,7.19,7.26,7.19,7.24,119720,TPB
340,2019-08-29,7.29,7.32,7.26,7.32,437740,TPB
341,2019-08-30,7.37,7.42,7.37,7.4,605890,TPB
342,2019-09-03,7.4,7.4,7.22,7.22,272060,TPB
343,2019-09-04,7.11,7.22,6.76,7.22,235740,TPB
344,2019-09-05,7.26,7.26,7.07,7.13,219360,TPB
345,2019-09-06,7.13,7.18,7,7.13,340980,TPB
346,2019-09-09,7.13,7.13,6.99,7.05,319300,TPB
347,2019-09-10,6.97,7.07,6.68,6.99,326580,TPB
348,2019-09-11,6.99,7.03,6.84,7.03,102410,TPB
349,2019-09-12,7.03,7.13,6.94,7.07,79700,TPB
350,2019-09-13,7.03,7.19,6.97,7.16,254970,TPB
351,2019-09-16,7.16,7.26,7.11,7.16,64320,TPB
352,2019-09-17,7.16,7.16,7.1,7.16,142480,TPB
353,2019-09-18,7.13,7.16,7.1,7.16,127040,TPB
354,2019-09-19,7.16,7.22,7.11,7.22,377020,TPB
355,2019-09-20,7.22,7.22,6.99,7.11,1186020,TPB
356,2019-09-23,7.11,7.11,6.94,7.07,458690,TPB
357,2019-09-24,7.05,7.1,6.89,7.1,391850,TPB
358,2019-09-25,7.1,7.13,7,7.1,139990,TPB
359,2019-09-26,7.1,7.18,7,7.16,372640,TPB
360,2019-09-27,7.16,7.16,7.05,7.13,108320,TPB
361,2019-09-30,7.07,7.14,7.07,7.13,153730,TPB
362,2019-10-01,7.13,7.18,7.07,7.16,493550,TPB
363,2019-10-02,7.13,7.18,7.11,7.16,241870,TPB
364,2019-10-03,7.16,7.16,7.1,7.13,140520,TPB
365,2019-10-04,7.13,7.13,7.07,7.13,287080,TPB
366,2019-10-07,7.13,7.16,7.07,7.1,278320,TPB
367,2019-10-08,7.1,7.1,7.03,7.1,96760,TPB
368,2019-10-09,7.13,7.13,7.1,7.13,90460,TPB
369,2019-10-10,7.14,7.14,7.07,7.13,211140,TPB
370,2019-10-11,7.13,7.13,7.05,7.13,138170,TPB
371,2019-10-14,7.13,7.14,7.07,7.14,550930,TPB
372,2019-10-15,7.13,7.13,7.08,7.13,179510,TPB
373,2019-10-16,7.13,7.14,7.1,7.13,148740,TPB
374,2019-10-17,7.11,7.29,7.11,7.22,1269400,TPB
375,2019-10-18,7.21,7.26,7.14,7.22,244260,TPB
376,2019-10-21,7.22,7.22,7.13,7.22,97050,TPB
377,2019-10-22,7.16,7.19,7.11,7.11,196680,TPB
378,2019-10-23,7.1,7.13,7.05,7.13,262740,TPB
379,2019-10-24,7.13,7.16,7.07,7.16,295440,TPB
380,2019-10-25,7.16,7.16,7.08,7.13,86510,TPB
381,2019-10-28,7.13,7.13,7.08,7.08,130940,TPB
382,2019-10-29,7.08,7.11,7.07,7.11,129980,TPB
383,2019-10-30,7.11,7.18,7.05,7.16,130380,TPB
384,2019-10-31,7.16,7.16,7.08,7.14,87200,TPB
385,2019-11-01,7.14,7.16,7.08,7.14,179450,TPB
386,2019-11-04,7.1,7.14,7.08,7.13,66000,TPB
387,2019-11-05,7.13,7.21,7.11,7.18,310070,TPB
388,2019-11-06,7.16,7.16,7.13,7.16,62370,TPB
389,2019-11-07,7.16,7.18,7.13,7.16,227330,TPB
390,2019-11-08,7.14,7.19,7.13,7.19,486850,TPB
391,2019-11-11,7.24,7.24,7.16,7.19,126270,TPB
392,2019-11-12,7.22,7.22,7.16,7.19,163180,TPB
393,2019-11-13,7.19,7.19,7.1,7.18,180220,TPB
394,2019-11-14,7.18,7.18,7.1,7.14,344300,TPB
395,2019-11-15,7.14,7.14,7.07,7.08,326040,TPB
396,2019-11-18,7.11,7.11,6.99,7.07,401500,TPB
397,2019-11-19,7.07,7.11,7,7.11,253430,TPB
398,2019-11-20,7.11,7.11,7.03,7.1,225620,TPB
399,2019-11-21,7.1,7.1,7,7.1,218440,TPB
400,2019-11-22,7.07,7.1,6.94,6.94,290960,TPB
401,2019-11-25,6.94,7,6.84,6.94,107400,TPB
402,2019-11-26,6.94,6.99,6.87,6.97,174960,TPB
403,2019-11-27,6.97,6.97,6.94,6.97,169180,TPB
404,2019-11-28,6.94,6.95,6.84,6.94,97260,TPB
405,2019-11-29,6.94,6.97,6.86,6.97,113840,TPB
406,2019-12-02,6.97,6.97,6.91,6.95,187770,TPB
407,2019-12-03,6.95,6.95,6.87,6.92,229250,TPB
408,2019-12-04,6.84,7.03,6.84,6.97,136460,TPB
409,2019-12-05,6.97,6.97,6.91,6.94,115300,TPB
410,2019-12-06,6.91,6.92,6.87,6.91,82720,TPB
411,2019-12-09,6.91,6.91,6.65,6.84,92080,TPB
412,2019-12-10,6.84,6.84,6.62,6.75,91110,TPB
413,2019-12-11,6.75,6.78,6.62,6.68,165970,TPB
414,2019-12-12,6.71,6.71,6.62,6.68,144990,TPB
415,2019-12-13,6.65,6.68,6.62,6.68,96660,TPB
416,2019-12-16,6.68,6.68,6.62,6.68,59170,TPB
417,2019-12-17,6.68,6.68,6.62,6.68,143550,TPB
418,2019-12-18,6.62,6.68,6.6,6.62,238860,TPB
419,2019-12-19,6.68,6.68,6.62,6.62,383860,TPB
420,2019-12-20,6.65,6.68,6.65,6.68,208940,TPB
421,2019-12-23,6.68,6.7,6.67,6.68,226530,TPB
422,2019-12-24,6.68,6.7,6.67,6.7,82210,TPB
423,2019-12-25,6.67,6.71,6.67,6.68,227240,TPB
424,2019-12-26,6.71,6.73,6.68,6.73,160970,TPB
425,2019-12-27,6.76,6.76,6.7,6.71,48410,TPB
426,2019-12-30,6.71,6.71,6.68,6.71,74370,TPB
427,2019-12-31,6.73,6.73,6.68,6.7,46840,TPB
428,2020-01-02,6.73,7.13,6.68,6.78,130120,TPB
429,2020-01-03,6.78,6.94,6.78,6.84,99170,TPB
430,2020-01-06,6.81,6.81,6.68,6.73,112640,TPB
431,2020-01-07,6.73,6.76,6.7,6.75,65060,TPB
432,2020-01-08,6.75,6.75,6.65,6.65,102880,TPB
433,2020-01-09,6.65,6.78,6.65,6.71,189800,TPB
434,2020-01-10,6.71,6.86,6.71,6.84,133980,TPB
435,2020-01-13,6.84,6.89,6.81,6.86,98460,TPB
436,2020-01-14,6.86,6.91,6.86,6.91,226240,TPB
437,2020-01-15,6.84,6.92,6.71,6.92,46350,TPB
438,2020-01-16,6.92,7.03,6.92,6.97,383350,TPB
439,2020-01-17,7.05,7.05,6.86,6.86,37830,TPB
440,2020-01-20,6.86,6.92,6.38,6.84,78000,TPB
441,2020-01-21,6.65,6.87,6.65,6.84,122920,TPB
442,2020-01-22,6.75,6.86,6.75,6.84,45070,TPB
443,2020-01-30,6.76,6.81,6.71,6.81,103000,TPB
444,2020-01-31,6.71,6.81,6.36,6.65,89490,TPB
445,2020-02-03,6.24,6.6,6.21,6.6,173210,TPB
446,2020-02-04,6.68,6.7,6.52,6.68,14600,TPB
447,2020-02-05,6.64,6.71,6.64,6.71,28510,TPB
448,2020-02-06,6.7,6.84,6.65,6.81,77450,TPB
449,2020-02-07,6.7,6.79,6.62,6.62,78430,TPB
450,2020-02-10,6.71,6.71,6.59,6.65,71850,TPB
451,2020-02-11,6.65,6.7,6.62,6.68,43150,TPB
452,2020-02-12,6.68,6.75,6.68,6.7,90120,TPB
453,2020-02-13,6.7,6.75,6.67,6.7,113750,TPB
454,2020-02-14,6.7,6.97,6.7,6.94,294880,TPB
455,2020-02-17,6.97,6.99,6.84,6.94,207270,TPB
456,2020-02-18,6.94,6.95,6.84,6.94,111000,TPB
457,2020-02-19,6.91,6.91,6.78,6.78,124780,TPB
458,2020-02-20,6.81,6.83,6.79,6.81,145520,TPB
459,2020-02-21,6.79,6.83,6.75,6.78,90300,TPB
460,2020-02-24,6.52,6.68,6.44,6.44,161490,TPB
461,2020-02-25,6.27,6.67,6.27,6.67,27270,TPB
462,2020-02-26,6.65,6.65,6.52,6.6,41910,TPB
463,2020-02-27,6.6,6.91,6.52,6.83,271110,TPB
464,2020-02-28,6.78,6.83,6.68,6.81,156510,TPB
465,2020-03-02,6.83,6.84,6.71,6.79,99240,TPB
466,2020-03-03,6.84,6.92,6.79,6.81,254330,TPB
467,2020-03-04,6.92,7.05,6.79,6.97,671700,TPB
468,2020-03-05,7.1,7.1,6.97,7,310620,TPB
469,2020-03-06,6.97,7,6.89,7,233160,TPB
470,2020-03-09,6.52,6.68,6.52,6.52,438780,TPB
471,2020-03-10,6.16,6.68,6.16,6.68,242330,TPB
472,2020-03-11,6.68,6.68,6.27,6.68,154120,TPB
473,2020-03-12,6.46,6.49,6.22,6.46,610480,TPB
474,2020-03-13,6.01,6.49,6.01,6.25,281610,TPB
475,2020-03-16,6.25,6.51,6.25,6.51,563900,TPB
476,2020-03-17,6.46,6.68,6.25,6.68,269620,TPB
477,2020-03-18,6.68,6.78,6.64,6.78,558100,TPB
478,2020-03-19,6.76,6.78,6.62,6.78,503440,TPB
479,2020-03-20,6.64,6.97,6.64,6.97,1064230,TPB
480,2020-03-23,6.97,6.97,6.52,6.78,763990,TPB
481,2020-03-24,6.84,6.99,6.68,6.99,1415010,TPB
482,2020-03-25,6.86,6.99,6.86,6.97,249770,TPB
483,2020-03-26,6.97,6.97,6.52,6.52,117490,TPB
484,2020-03-27,6.3,6.52,6.29,6.29,98820,TPB
485,2020-03-30,5.89,6.21,5.86,5.86,166320,TPB
486,2020-03-31,5.86,5.86,5.46,5.46,122410,TPB
487,2020-04-01,5.08,5.57,5.08,5.16,286720,TPB
488,2020-04-03,5.16,5.38,5.16,5.33,101430,TPB
489,2020-04-06,5.41,5.57,5.33,5.55,395510,TPB
490,2020-04-07,5.57,5.57,5.38,5.57,200320,TPB
491,2020-04-08,5.25,5.52,5.25,5.44,52310,TPB
492,2020-04-09,5.55,5.6,5.47,5.54,167930,TPB
493,2020-04-10,5.54,5.54,5.41,5.47,86670,TPB
494,2020-04-13,5.52,5.57,5.47,5.54,204450,TPB
495,2020-04-14,5.57,5.59,5.47,5.52,119710,TPB
496,2020-04-15,5.52,5.82,5.52,5.82,197400,TPB
497,2020-04-16,5.82,5.82,5.66,5.78,73710,TPB
498,2020-04-17,5.76,5.92,5.76,5.89,135520,TPB
499,2020-04-20,5.89,5.95,5.82,5.82,126480,TPB
500,2020-04-21,5.81,5.81,5.44,5.47,156100,TPB
501,2020-04-22,5.41,5.63,5.41,5.63,33200,TPB
502,2020-04-23,5.79,5.79,5.57,5.63,31680,TPB
503,2020-04-24,5.74,5.74,5.63,5.63,34280,TPB
504,2020-04-27,5.63,5.66,5.54,5.57,29160,TPB
505,2020-04-28,5.63,5.63,5.47,5.57,34610,TPB
506,2020-04-29,5.57,5.62,5.47,5.54,88040,TPB
507,2020-05-04,5.47,5.59,5.47,5.54,74680,TPB
508,2020-05-05,5.6,5.6,5.54,5.6,33750,TPB
509,2020-05-06,5.63,5.73,5.6,5.71,101950,TPB
510,2020-05-07,5.79,5.79,5.71,5.76,85730,TPB
511,2020-05-08,5.79,5.89,5.74,5.76,168160,TPB
512,2020-05-11,5.76,6.05,5.76,5.97,137630,TPB
513,2020-05-12,5.98,6.38,5.9,6.38,353420,TPB
514,2020-05-13,6.4,6.83,6.32,6.83,346820,TPB
515,2020-05-14,7.16,7.16,6.83,6.95,652330,TPB
516,2020-05-15,6.71,6.95,6.62,6.95,338510,TPB
517,2020-05-18,6.68,6.94,6.65,6.84,102210,TPB
518,2020-05-19,6.97,7.03,6.84,7,310870,TPB
519,2020-05-20,7,7,6.87,6.99,136380,TPB
520,2020-05-21,6.97,7,6.87,6.94,161530,TPB
521,2020-05-22,6.99,7,6.68,6.68,166670,TPB
522,2020-05-25,6.68,6.78,6.62,6.68,77950,TPB
523,2020-05-26,6.68,6.71,6.59,6.71,238050,TPB
524,2020-05-27,6.81,6.84,6.65,6.65,74930,TPB
525,2020-05-28,6.68,6.83,6.56,6.57,88230,TPB
526,2020-05-29,6.56,6.62,6.52,6.57,123320,TPB
527,2020-06-01,6.62,6.81,6.62,6.78,150440,TPB
528,2020-06-02,6.78,6.84,6.68,6.68,125520,TPB
529,2020-06-03,6.68,7.03,6.68,6.99,546590,TPB
530,2020-06-04,7,7.03,6.97,7,313230,TPB
531,2020-06-05,6.97,7.03,6.94,6.99,323580,TPB
532,2020-06-08,6.91,7,6.91,6.94,132990,TPB
533,2020-06-09,6.94,6.94,6.84,6.89,42790,TPB
534,2020-06-10,6.89,7,6.89,7,126730,TPB
535,2020-06-11,7,7.05,6.56,6.56,126510,TPB
536,2020-06-12,6.14,6.68,6.14,6.68,149330,TPB
537,2020-06-15,6.68,6.68,6.46,6.46,82650,TPB
538,2020-06-16,6.46,6.68,6.46,6.68,67860,TPB
539,2020-06-17,6.68,6.68,6.54,6.54,19700,TPB
540,2020-06-18,6.49,6.59,6.49,6.57,20140,TPB
541,2020-06-19,6.59,6.68,6.51,6.68,82100,TPB
542,2020-06-22,6.67,6.78,6.52,6.67,122470,TPB
543,2020-06-23,6.81,6.81,6.6,6.78,145090,TPB
544,2020-06-24,6.65,6.78,6.65,6.76,148580,TPB
545,2020-06-25,6.64,6.71,6.56,6.68,75010,TPB
546,2020-06-26,6.59,6.73,6.59,6.73,59750,TPB
547,2020-06-29,6.68,6.68,6.46,6.64,90490,TPB
548,2020-06-30,6.64,6.64,6.56,6.56,35420,TPB
549,2020-07-01,6.56,6.65,6.52,6.64,23010,TPB
550,2020-07-02,6.52,6.64,6.52,6.62,33440,TPB
551,2020-07-03,6.62,6.62,6.56,6.56,22730,TPB
552,2020-07-06,6.6,6.65,6.57,6.65,55120,TPB
553,2020-07-07,6.68,6.78,6.67,6.67,85360,TPB
554,2020-07-08,6.67,6.91,6.67,6.81,79230,TPB
555,2020-07-09,6.84,7.1,6.84,6.99,214960,TPB
556,2020-07-10,6.84,6.99,6.84,6.91,67580,TPB
557,2020-07-13,6.94,7.13,6.84,6.94,83070,TPB
558,2020-07-14,6.94,6.94,6.83,6.91,34430,TPB
559,2020-07-15,6.92,6.95,6.87,6.89,22780,TPB
560,2020-07-16,6.89,7.07,6.83,7.03,116430,TPB
561,2020-07-17,6.95,7.03,6.95,7,63130,TPB
562,2020-07-20,7,7,6.95,6.95,30750,TPB
563,2020-07-21,6.95,6.95,6.79,6.84,71650,TPB
564,2020-07-22,6.94,6.94,6.71,6.84,59360,TPB
565,2020-07-23,6.87,6.87,6.68,6.81,67290,TPB
566,2020-07-24,6.75,6.94,6.52,6.59,155090,TPB
567,2020-07-27,6.17,6.49,6.17,6.21,101280,TPB
568,2020-07-28,6.21,6.64,6.21,6.64,211440,TPB
569,2020-07-29,6.43,6.52,6.27,6.46,65230,TPB
570,2020-07-30,6.36,6.52,6.36,6.52,16870,TPB
571,2020-07-31,6.3,6.56,6.3,6.56,35190,TPB
572,2020-08-03,6.59,6.59,6.56,6.57,23300,TPB
573,2020-08-04,6.68,6.84,6.57,6.65,75210,TPB
574,2020-08-05,6.84,6.84,6.62,6.68,26400,TPB
575,2020-08-06,6.68,6.68,6.6,6.68,51960,TPB
576,2020-08-07,6.75,6.75,6.62,6.65,22300,TPB
577,2020-08-10,6.65,6.71,6.65,6.68,63600,TPB
578,2020-08-11,6.71,6.71,6.65,6.71,38000,TPB
579,2020-08-12,6.71,6.75,6.68,6.71,41650,TPB
580,2020-08-13,6.79,6.79,6.73,6.79,12850,TPB
581,2020-08-14,6.71,6.81,6.7,6.7,26190,TPB
582,2020-08-17,6.62,6.71,6.62,6.7,31080,TPB
583,2020-08-18,6.78,6.78,6.64,6.71,70860,TPB
584,2020-08-19,6.78,6.78,6.65,6.73,25160,TPB
585,2020-08-20,6.65,6.81,6.65,6.81,150390,TPB
586,2020-08-21,6.87,7.03,6.87,7,219380,TPB
587,2020-08-24,7.19,7.24,7.1,7.13,457370,TPB
588,2020-08-25,7.13,7.14,7.07,7.14,281750,TPB
589,2020-08-26,7.16,7.16,7.1,7.1,150080,TPB
590,2020-08-27,7.13,7.13,7,7.1,128510,TPB
591,2020-08-28,7.13,7.13,7.05,7.1,266980,TPB
592,2020-08-31,7.13,7.19,7.1,7.16,214630,TPB
593,2020-09-01,7.22,7.54,7.19,7.45,565870,TPB
594,2020-09-03,7.45,7.51,7.32,7.49,375140,TPB
595,2020-09-04,7.42,7.45,7.32,7.37,378370,TPB
596,2020-09-07,7.37,7.45,7.26,7.26,1393600,TPB
597,2020-09-08,7.26,7.35,7.26,7.3,1094670,TPB
598,2020-09-09,7.26,7.34,7.21,7.32,1336480,TPB
599,2020-09-10,7.34,7.42,7.32,7.4,1455720,TPB
600,2020-09-11,7.38,7.38,7.32,7.37,1144310,TPB
601,2020-09-14,7.38,7.42,7.32,7.34,1036980,TPB
602,2020-09-15,7.32,7.35,7.27,7.3,1276570,TPB
603,2020-09-16,7.32,7.34,7.27,7.3,1310010,TPB
604,2020-09-17,7.3,7.34,7.27,7.3,1330110,TPB
605,2020-09-18,7.3,7.62,7.27,7.56,2844100,TPB
606,2020-09-21,7.64,7.65,7.53,7.54,1445490,TPB
607,2020-09-22,7.51,7.8,7.51,7.61,2864060,TPB
608,2020-09-23,7.61,7.7,7.54,7.54,1634160,TPB
609,2020-09-24,7.54,7.61,7.53,7.57,1428130,TPB
610,2020-09-25,7.57,7.59,7.48,7.48,1447080,TPB
611,2020-09-28,7.48,7.64,7.48,7.54,1006930,TPB
612,2020-09-29,7.57,7.61,7.42,7.42,1121300,TPB
613,2020-09-30,7.48,7.53,7.43,7.46,2843160,TPB
614,2020-10-01,7.48,7.91,7.48,7.86,4408980,TPB
615,2020-10-02,7.92,7.99,7.67,7.91,3339580,TPB
616,2020-10-05,7.96,8.05,7.94,8,3570750,TPB
617,2020-10-06,7.99,8.12,7.91,7.99,3513190,TPB
618,2020-10-07,7.94,7.99,7.86,7.88,2744360,TPB
619,2020-10-08,7.92,7.96,7.78,7.83,1913730,TPB
620,2020-10-09,7.83,7.97,7.8,7.92,3478130,TPB
621,2020-10-12,7.99,8.02,7.89,7.89,2026030,TPB
622,2020-10-13,7.89,7.97,7.81,7.91,1935520,TPB
623,2020-10-14,7.94,8,7.89,7.96,3276270,TPB
624,2020-10-15,7.97,7.99,7.89,7.89,2932680,TPB
625,2020-10-16,7.88,8.12,7.86,7.94,3618880,TPB
626,2020-10-19,7.97,8.18,7.92,8.12,3684050,TPB
627,2020-10-20,8.15,8.24,8.08,8.16,3335700,TPB
628,2020-10-21,8.16,8.21,7.96,7.96,4031080,TPB
629,2020-10-22,7.96,8.02,7.8,8.02,2022830,TPB
630,2020-10-23,8.02,8.02,7.84,7.84,2178010,TPB
631,2020-10-26,7.84,7.91,7.64,7.64,1951470,TPB
632,2020-10-27,7.61,7.64,7.45,7.56,2688920,TPB
633,2020-10-28,7.49,7.51,7.03,7.03,1990850,TPB
634,2020-10-29,7.1,7.32,7.1,7.24,1949300,TPB
635,2020-10-30,7.29,7.35,7.13,7.26,915230,TPB
636,2020-11-02,7.29,7.37,7.29,7.35,1070100,TPB
637,2020-11-03,7.38,7.48,7.32,7.42,1578820,TPB
638,2020-11-04,7.48,7.54,7.43,7.53,1800080,TPB
639,2020-11-05,7.53,7.56,7.45,7.45,1206860,TPB
640,2020-11-06,7.45,7.49,7.42,7.46,921120,TPB
641,2020-11-09,7.49,7.8,7.49,7.8,3670230,TPB
642,2020-11-10,7.86,7.89,7.64,7.64,1607900,TPB
643,2020-11-11,7.7,7.8,7.64,7.69,1884080,TPB
644,2020-11-12,7.7,7.72,7.64,7.7,1254330,TPB
645,2020-11-13,7.75,7.78,7.69,7.73,1526510,TPB
646,2020-11-16,7.8,7.83,7.7,7.7,1617010,TPB
647,2020-11-17,7.77,7.8,7.69,7.77,1698360,TPB
648,2020-11-18,7.86,7.91,7.81,7.88,2058430,TPB
649,2020-11-19,7.89,7.92,7.84,7.86,1917270,TPB
650,2020-11-20,7.86,7.89,7.81,7.84,1415320,TPB
651,2020-11-23,7.84,7.86,7.75,7.81,1807420,TPB
652,2020-11-24,7.92,8.05,7.86,8.05,5979860,TPB
653,2020-11-25,8.12,8.13,7.99,8,1958840,TPB
654,2020-11-26,7.96,8.02,7.86,7.89,1995910,TPB
655,2020-11-27,7.91,8.12,7.89,8.12,3783720,TPB
656,2020-11-30,8.63,8.67,8.36,8.67,3057830,TPB
657,2020-12-01,8.55,8.92,8.55,8.69,2665390,TPB
658,2020-12-02,8.65,8.69,8.46,8.52,4206070,TPB
659,2020-12-03,8.5,8.52,8.4,8.44,2474760,TPB
660,2020-12-04,8.44,8.63,8.38,8.52,2515760,TPB
661,2020-12-07,8.52,8.63,8.5,8.55,1778380,TPB
662,2020-12-08,8.59,8.59,8.53,8.57,1964080,TPB
663,2020-12-09,8.57,8.75,8.55,8.73,3548360,TPB
664,2020-12-10,8.75,8.75,8.63,8.63,1978540,TPB
665,2020-12-11,8.61,8.69,8.57,8.67,1785650,TPB
666,2020-12-14,8.69,8.83,8.63,8.73,1913000,TPB
667,2020-12-15,8.73,8.73,8.63,8.63,1077470,TPB
668,2020-12-16,8.69,8.9,8.65,8.83,2612110,TPB
669,2020-12-17,8.86,9.27,8.73,9.14,3057240,TPB
670,2020-12-18,9.29,9.7,9.16,9.68,3473990,TPB
671,2020-12-21,9.99,10.34,9.99,10.34,4223670,TPB
672,2020-12-22,10.46,11,10.46,10.73,3622360,TPB
673,2020-12-23,10.65,10.89,10.11,10.3,2570550,TPB
674,2020-12-24,10.3,10.34,9.58,10.11,2785860,TPB
675,2020-12-25,9.95,10.61,9.76,10.56,4348120,TPB
676,2020-12-28,10.69,10.85,10.28,10.46,2166250,TPB
677,2020-12-29,10.3,10.46,10.23,10.3,1563460,TPB
678,2020-12-30,10.3,10.5,10.23,10.32,1910680,TPB
679,2020-12-31,10.42,10.48,10.25,10.42,1784030,TPB
680,2021-01-04,10.75,10.85,10.58,10.81,3721100,TPB
681,2021-01-05,10.85,10.96,10.73,10.79,2719500,TPB
682,2021-01-06,10.87,11.16,10.73,10.89,3750900,TPB
683,2021-01-07,10.89,11.16,10.81,11.02,3874900,TPB
684,2021-01-08,11.08,11.18,10.93,11.08,4106300,TPB
685,2021-01-11,11.08,11.18,10.89,10.96,3098700,TPB
686,2021-01-12,11.02,11.02,10.61,10.89,2537300,TPB
687,2021-01-13,10.93,10.96,10.71,10.73,4604600,TPB
688,2021-01-14,10.73,10.81,10.6,10.75,2198600,TPB
689,2021-01-15,10.89,11.43,10.85,11.16,8547500,TPB
690,2021-01-18,11.47,11.47,11.16,11.2,4421500,TPB
691,2021-01-19,11.28,11.37,10.42,10.87,4912800,TPB
692,2021-01-20,10.89,11,10.11,10.85,3656500,TPB
693,2021-01-21,10.89,11.24,10.73,11.08,3197000,TPB
694,2021-01-22,11,11.08,10.75,10.77,2745500,TPB
695,2021-01-25,10.77,10.79,10.58,10.61,1988200,TPB
696,2021-01-26,10.58,10.61,10.11,10.38,2712200,TPB
697,2021-01-27,10.11,10.34,9.68,9.76,2839900,TPB
698,2021-01-28,9.08,9.45,9.08,9.08,4594000,TPB
699,2021-01-29,8.55,9.7,8.55,9.7,3775400,TPB
700,2021-02-01,9.88,10.09,9.31,9.47,1379600,TPB
701,2021-02-02,9.47,9.91,9.33,9.84,1646100,TPB
702,2021-02-03,10.03,10.52,9.95,10.42,1899400,TPB
703,2021-02-04,10.46,10.46,9.91,10.3,1119000,TPB
704,2021-02-05,10.19,10.56,10.19,10.38,1117600,TPB
705,2021-02-08,10.38,10.46,9.72,10.19,2133900,TPB
706,2021-02-09,10.26,10.5,10.07,10.44,1529600,TPB
707,2021-02-17,10.5,10.77,10.46,10.77,1709300,TPB
708,2021-02-18,10.81,10.83,10.65,10.83,1481100,TPB
709,2021-02-19,10.77,10.85,10.69,10.77,1768000,TPB
710,2021-02-22,10.87,11.12,10.79,10.85,3988300,TPB
711,2021-02-23,10.91,10.93,10.73,10.87,2963500,TPB
712,2021-02-24,10.89,10.93,10.42,10.65,1909800,TPB
713,2021-02-25,10.65,10.69,10.5,10.63,1739500,TPB
714,2021-02-26,10.5,10.77,10.46,10.71,1406800,TPB
715,2021-03-01,10.89,10.96,10.81,10.89,3672800,TPB
716,2021-03-02,11.08,11.65,10.95,11.57,17188900,TPB
717,2021-03-03,11.63,12.05,11.55,11.57,5889600,TPB
718,2021-03-04,11.59,11.63,11.08,11.14,4032100,TPB
719,2021-03-05,10.96,11.28,10.77,11.08,6168400,TPB
720,2021-03-08,11.22,11.35,11.04,11.08,4699200,TPB
721,2021-03-09,10.96,11.2,10.81,11.04,3367100,TPB
722,2021-03-10,11.06,11.14,10.89,11.06,2567700,TPB
723,2021-03-11,11.18,11.22,11.08,11.12,5008800,TPB
724,2021-03-12,11.14,11.33,11.1,11.12,5823500,TPB
725,2021-03-15,11.16,11.28,11.14,11.16,4597200,TPB
726,2021-03-16,11.2,11.24,10.96,11.08,3011500,TPB
727,2021-03-17,11.04,11.2,10.98,11.16,3656000,TPB
728,2021-03-18,11.28,11.35,11.16,11.28,5781900,TPB
729,2021-03-19,11.28,11.37,11.14,11.24,6947000,TPB
730,2021-03-22,11.26,11.35,11.16,11.2,3471700,TPB
731,2021-03-23,11.16,11.24,10.89,11,4377900,TPB
732,2021-03-24,10.81,10.96,10.46,10.48,6669100,TPB
733,2021-03-25,10.58,10.67,10.4,10.46,5221400,TPB
734,2021-03-26,10.4,10.46,9.99,10.38,5041800,TPB
735,2021-03-29,10.5,10.65,10.44,10.65,2164500,TPB
736,2021-03-30,10.69,10.81,10.65,10.81,2611900,TPB
737,2021-03-31,10.81,10.91,10.75,10.83,2172200,TPB
738,2021-04-01,10.83,10.95,10.79,10.89,4129700,TPB
739,2021-04-02,11.08,11.2,10.96,11,3197300,TPB
740,2021-04-05,11.12,11.16,10.98,11.04,3468800,TPB
741,2021-04-06,11.02,11.04,10.89,10.95,5698500,TPB
742,2021-04-07,10.95,11.35,10.93,11.2,8769900,TPB
743,2021-04-08,11.28,11.33,11.16,11.24,4230200,TPB
744,2021-04-09,11.28,11.28,11.12,11.2,2837100,TPB
745,2021-04-12,11.31,11.33,11.2,11.33,7405300,TPB
746,2021-04-13,11.41,11.94,11.39,11.51,13381000,TPB
747,2021-04-14,11.45,11.57,11.28,11.53,4211400,TPB
748,2021-04-15,11.55,11.55,11.2,11.2,5927900,TPB
749,2021-04-16,11.04,11.08,10.67,10.77,9357800,TPB
750,2021-04-19,10.89,11,10.65,11,4273500,TPB
751,2021-04-20,11.06,11.1,10.75,10.81,4568500,TPB
752,2021-04-22,10.81,11.06,10.5,10.5,4524000,TPB
753,2021-04-23,10.69,10.89,10.42,10.89,3974200,TPB
754,2021-04-26,10.89,10.89,10.54,10.56,2466600,TPB
755,2021-04-27,10.56,10.67,10.46,10.54,1963700,TPB
756,2021-04-28,10.5,10.67,10.46,10.6,2403800,TPB
757,2021-04-29,10.67,10.81,10.58,10.65,6020100,TPB
758,2021-05-04,10.48,10.89,10.46,10.89,4210300,TPB
759,2021-05-05,10.95,11.2,10.91,11.14,5462800,TPB
760,2021-05-06,11.06,11.24,10.93,10.95,3732900,TPB
761,2021-05-07,10.89,11.49,10.85,11.31,11689700,TPB
762,2021-05-10,11.31,12.09,11.28,12.09,14127900,TPB
763,2021-05-11,12.29,12.52,12.05,12.05,9406500,TPB
764,2021-05-12,11.98,12.42,11.9,12.42,7670600,TPB
765,2021-05-13,12.44,12.64,12.25,12.25,8058500,TPB
766,2021-05-14,12.36,12.52,12.25,12.42,7273700,TPB
767,2021-05-17,12.48,12.79,12.48,12.68,6851800,TPB
768,2021-05-18,12.68,12.68,12.29,12.48,6628100,TPB
769,2021-05-19,12.48,12.79,12.48,12.79,6049900,TPB
770,2021-05-20,12.83,13.04,12.77,12.83,6273700,TPB
771,2021-05-21,12.83,13.03,12.69,12.83,6207600,TPB
772,2021-05-24,12.83,13.03,12.68,12.97,7400000,TPB
773,2021-05-25,13.06,13.74,13.04,13.65,6027300,TPB
774,2021-05-26,13.67,14,13.65,13.98,7918500,TPB
775,2021-05-27,13.92,14,13.41,13.65,7594100,TPB
776,2021-05-28,13.65,14.04,13.55,14.04,6656000,TPB
777,2021-05-31,14.04,14.58,14.04,14.56,3844900,TPB
778,2021-06-01,15.01,15.01,14.56,14.7,6046600,TPB
779,2021-06-02,14.39,14.64,14.23,14.46,5058600,TPB
780,2021-06-03,14.56,14.89,14.46,14.87,5342100,TPB
781,2021-06-04,14.78,15.9,14.58,15.16,4796400,TPB
782,2021-06-07,14.78,15.09,14.19,14.46,5115100,TPB
783,2021-06-08,14.39,14.58,13.45,13.61,5103800,TPB
784,2021-06-09,13.61,14.15,13.22,13.96,5857500,TPB
785,2021-06-10,14.19,14.35,13.71,13.71,3283700,TPB
786,2021-06-11,13.8,14.39,13.71,14.23,5631100,TPB
787,2021-06-14,14.39,14.39,13.92,14.11,3289600,TPB
788,2021-06-15,14.11,14.19,13.8,14,3629500,TPB
789,2021-06-16,13.8,14.23,13.61,13.84,5993800,TPB
790,2021-06-17,13.61,14,13.49,13.76,3953600,TPB
791,2021-06-18,13.92,13.98,13.78,13.8,2732200,TPB
792,2021-06-21,13.94,14.04,13.69,13.71,3684200,TPB
793,2021-06-22,13.71,14,13.69,13.78,3665200,TPB
794,2021-06-23,13.96,14.02,13.82,13.9,2609800,TPB
795,2021-06-24,14,14.04,13.78,13.86,2873600,TPB
796,2021-06-25,13.86,13.96,13.71,13.96,2778100,TPB
797,2021-06-28,14.11,14.64,13.92,14.64,11082500,TPB
798,2021-06-29,14.78,14.78,14.35,14.5,4886800,TPB
799,2021-06-30,14.46,14.54,14.27,14.29,2831800,TPB
800,2021-07-01,14.31,14.46,14.06,14.46,5441400,TPB
801,2021-07-02,14.62,14.74,14.46,14.68,5091100,TPB
802,2021-07-05,14.79,15.28,14.72,15.28,8382000,TPB
803,2021-07-06,15.28,15.36,14.21,14.21,8022400,TPB
804,2021-07-07,14.35,14.7,13.84,14.58,5701400,TPB
805,2021-07-08,14.56,15.12,14.46,14.68,5774600,TPB
806,2021-07-09,14.54,14.93,14,14.39,4759000,TPB
807,2021-07-12,14.39,14.39,13.39,13.63,7554300,TPB
808,2021-07-13,13.8,13.86,13.22,13.53,3263000,TPB
809,2021-07-14,13.49,13.61,12.79,12.83,5212700,TPB
810,2021-07-15,12.83,13.39,12.68,13.1,3272200,TPB
811,2021-07-16,13.34,13.38,13.14,13.18,1930300,TPB
812,2021-07-19,12.91,12.91,12.27,12.27,5202600,TPB
813,2021-07-20,12.36,12.83,12.21,12.83,7650000,TPB
814,2021-07-21,12.91,13.03,12.79,12.87,5750900,TPB
815,2021-07-22,12.87,13.16,12.71,13.16,6179900,TPB
816,2021-07-23,12.95,13.12,12.83,12.83,6293200,TPB
817,2021-07-26,12.64,13.01,12.62,12.79,7083400,TPB
818,2021-07-27,12.99,13.34,12.91,13.26,9483900,TPB
819,2021-07-28,13.18,13.49,13.14,13.3,5651400,TPB
820,2021-07-29,13.36,13.61,13.36,13.49,7422900,TPB
821,2021-07-30,13.61,13.73,13.49,13.61,5460700,TPB
822,2021-08-02,13.49,13.65,13.39,13.39,6590300,TPB
823,2021-08-03,13.41,13.55,13.26,13.43,3921100,TPB
824,2021-08-04,13.49,13.88,13.47,13.65,9425000,TPB
825,2021-08-05,13.8,13.96,13.65,13.96,4879300,TPB
826,2021-08-06,14.04,14.11,13.78,13.8,3867300,TPB
827,2021-08-09,13.73,13.96,13.59,13.96,3632200,TPB
828,2021-08-10,14.08,14.08,13.76,14,3413600,TPB
829,2021-08-11,14.08,14.58,13.92,14.39,13559700,TPB
830,2021-08-12,14.35,14.43,14.15,14.15,3106500,TPB
831,2021-08-13,13.84,14.19,13.84,14.15,3475900,TPB
832,2021-08-16,14.15,14.48,14,14.43,6804300,TPB
833,2021-08-17,14.72,14.72,14.39,14.52,4819100,TPB
834,2021-08-18,14.5,14.62,14.39,14.48,2954100,TPB
835,2021-08-19,14.41,14.43,14.17,14.27,3203000,TPB
836,2021-08-20,14.27,14.27,13.3,13.61,6442500,TPB
837,2021-08-23,13.45,13.69,13.14,13.14,4981600,TPB
838,2021-08-24,13.12,13.3,13.06,13.24,3121900,TPB
839,2021-08-25,13.24,13.57,13.06,13.57,3063600,TPB
840,2021-08-26,13.61,13.67,13.26,13.26,3452600,TPB
841,2021-08-27,13.08,13.51,13.01,13.22,2387500,TPB
842,2021-08-30,13.34,13.55,13.2,13.47,2214900,TPB
843,2021-08-31,13.49,13.61,13.22,13.26,1914500,TPB
844,2021-09-01,13.22,13.41,13.18,13.3,2358900,TPB
845,2021-09-06,13.55,13.69,13.36,13.53,4847800,TPB
846,2021-09-07,13.57,14.19,13.53,14.15,11320500,TPB
847,2021-09-08,14.19,14.37,14,14.04,6472700,TPB
848,2021-09-09,14.04,14.74,13.94,14.7,12528300,TPB
849,2021-09-10,14.78,14.97,14.54,14.54,7832100,TPB
850,2021-09-13,14.58,15.05,14.5,14.81,6969300,TPB
851,2021-09-14,14.62,14.93,14.6,14.62,6127000,TPB
852,2021-09-15,14.58,14.97,14.39,14.87,6953500,TPB
853,2021-09-16,14.97,15.28,14.85,15.03,5226100,TPB
854,2021-09-17,15.09,15.86,15.01,15.86,11835000,TPB
855,2021-09-20,15.94,16.25,15.36,15.59,8941100,TPB
856,2021-09-21,15.4,15.71,15.36,15.55,6615400,TPB
857,2021-09-22,15.67,15.67,15.28,15.59,4172000,TPB
858,2021-09-23,15.73,16.33,15.4,16.16,17971500,TPB
859,2021-09-24,16.21,16.37,16.06,16.17,9113500,TPB
860,2021-09-27,16.21,16.21,15.55,15.55,6183100,TPB
861,2021-09-28,15.36,15.82,15.2,15.82,5440500,TPB
862,2021-09-29,15.67,16.14,15.67,16.1,8107000,TPB
863,2021-09-30,15.98,16.27,15.98,16.17,6327900,TPB
864,2021-10-01,16.27,16.6,16.12,16.56,14912000,TPB
865,2021-10-04,16.64,16.68,16.14,16.33,13232300,TPB
866,2021-10-05,16.45,16.56,16.17,16.52,9289100,TPB
867,2021-10-06,16.52,16.78,16.29,16.45,8403600,TPB
868,2021-10-07,16.51,16.51,16.25,16.33,4681500,TPB
869,2021-10-08,16.6,16.6,16.25,16.39,3133300,TPB
870,2021-10-11,16.37,16.76,16.35,16.76,4961600,TPB
871,2021-10-12,16.8,16.84,16.6,16.6,1868600,TPB
872,2021-10-13,16.52,16.64,16.45,16.49,2308600,TPB
873,2021-10-14,16.41,16.58,16.33,16.45,3529900,TPB
874,2021-10-15,16.56,16.99,16.54,16.93,8141800,TPB
875,2021-10-18,17.03,17.22,16.97,17.11,5380700,TPB
876,2021-10-19,17.07,17.21,16.84,17.07,1757300,TPB
877,2021-10-20,17.3,17.3,16.95,17.15,3448400,TPB
878,2021-10-21,17.09,17.28,16.99,16.99,3518900,TPB
879,2021-10-22,17.01,17.11,16.76,16.8,2608400,TPB
880,2021-10-25,16.8,16.87,16.33,16.33,3636400,TPB
881,2021-10-26,16.29,16.54,16.21,16.52,2109700,TPB
882,2021-10-27,16.7,16.91,16.52,16.84,1765600,TPB
883,2021-10-28,16.91,17.3,16.91,17.26,5366700,TPB
884,2021-10-29,17.26,17.48,17.09,17.44,4835600,TPB
885,2021-11-01,17.44,17.44,16.68,16.87,3171500,TPB
886,2021-11-02,16.91,17.19,16.87,17.03,4763800,TPB
887,2021-11-03,17.03,17.36,16.99,17.19,4896100,TPB
888,2021-11-04,17.19,17.21,16.97,17.01,2000700,TPB
889,2021-11-05,17.15,17.17,16.8,16.91,2881900,TPB
890,2021-11-08,17.05,17.13,16.99,17.03,4557700,TPB
891,2021-11-09,17.11,17.11,16.8,16.87,2345100,TPB
892,2021-11-10,16.8,17.11,16.74,17.11,1869200,TPB
893,2021-11-11,17.11,17.15,16.64,16.72,2416900,TPB
894,2021-11-12,16.76,17.03,16.6,16.91,1388100,TPB
895,2021-11-15,17.19,17.19,16.91,17.09,2505800,TPB
896,2021-11-16,17.11,17.19,16.99,16.99,2533500,TPB
897,2021-11-17,17.11,17.11,16.8,16.82,1572000,TPB
898,2021-11-18,16.78,16.84,16.7,16.7,2206300,TPB
899,2021-11-19,16.68,17.3,16.66,16.91,3155700,TPB
900,2021-11-22,17.11,18.08,16.91,18.08,10239600,TPB
901,2021-11-23,18.47,18.94,18.08,18.94,7755400,TPB
902,2021-11-24,18.94,19.38,18.55,19.09,7302100,TPB
903,2021-11-25,19.25,19.25,18.72,19.13,4304700,TPB
904,2021-11-26,19.09,19.13,18.47,18.47,3319200,TPB
905,2021-11-29,18.08,18.66,18.08,18.35,2410200,TPB
906,2021-11-30,18.62,18.62,17.3,17.54,6316500,TPB
907,2021-12-01,17.5,18.76,17.42,18.76,5480300,TPB
908,2021-12-02,18.68,19.4,18.68,18.82,5754000,TPB
909,2021-12-03,19.01,19.05,18.27,18.27,3624400,TPB
910,2021-12-06,18.12,18.59,17.5,18.27,4309000,TPB
911,2021-12-07,18.43,18.86,18.1,18.59,2257700,TPB
912,2021-12-08,18.7,19.87,18.7,19.87,9186000,TPB
913,2021-12-09,19.87,20.22,19.6,19.91,2544400,TPB
914,2021-12-10,19.91,20.8,19.75,20.22,8180500,TPB
915,2021-12-13,20.22,20.37,19.44,19.64,4682900,TPB
916,2021-12-14,19.44,19.95,19.25,19.64,2339500,TPB
917,2021-12-15,19.67,20.49,19.4,20.22,4599700,TPB
918,2021-12-16,20.49,20.49,19.91,19.91,4016000,TPB
919,2021-12-17,19.99,20.02,19.6,19.95,4365800,TPB
920,2021-12-20,20.47,21,20.31,20.89,8238900,TPB
921,2021-12-21,20.73,20.79,20.21,20.37,3634600,TPB
922,2021-12-22,20.21,20.73,19.89,19.95,5929700,TPB
923,2021-12-23,19.95,20.26,18.74,19.26,4598100,TPB
924,2021-12-24,19.21,20.6,19.13,20.6,7855000,TPB
925,2021-12-27,20.79,21.84,20.58,21.39,9038200,TPB
926,2021-12-28,21.26,22.15,21,22.07,8593600,TPB
927,2021-12-29,22.07,22.28,21.6,21.71,5365300,TPB
928,2021-12-30,21.6,21.73,21.29,21.39,3226200,TPB
929,2021-12-31,21.52,22.23,21.52,21.55,3726100,TPB
930,2022-01-04,21.78,22.7,21.68,22.44,11034900,TPB
931,2022-01-05,22.31,22.44,21.99,22.05,3828100,TPB
932,2022-01-06,21.68,22.57,21.68,22.05,5190400,TPB
933,2022-01-07,21.97,22.26,21.52,21.52,4150700,TPB
934,2022-01-10,21.52,22.02,21.23,21.23,4219100,TPB
935,2022-01-11,21.21,21.78,21,21.1,4830300,TPB
936,2022-01-12,21.1,22.57,21,22.57,18620300,TPB
937,2022-01-13,22.73,23.1,22.1,22.13,17622800,TPB
938,2022-01-14,21.89,22.34,21.84,21.99,5566400,TPB
939,2022-01-17,21.84,22.15,21.1,21.1,9068700,TPB
940,2022-01-18,20.79,21.13,20.34,20.42,9953400,TPB
941,2022-01-19,20.26,21.15,20.26,20.63,6653400,TPB
942,2022-01-20,20.63,21.18,20.6,20.79,7434600,TPB
943,2022-01-21,20.81,21.52,20.81,21,8225000,TPB
944,2022-01-24,21,21.26,19.53,19.82,6820100,TPB
945,2022-01-25,19.79,21,19.79,20.87,8957900,TPB
946,2022-01-26,21,21.29,20.58,20.58,10946400,TPB
947,2022-01-27,20.68,21.26,20.58,21.1,7264800,TPB
948,2022-01-28,21.08,22.2,21,22.02,15526500,TPB
949,2022-02-07,22.2,22.36,21.68,21.89,5806800,TPB
950,2022-02-08,21.97,22.26,21.68,22.05,5776900,TPB
951,2022-02-09,21.99,22.23,21.73,21.78,5316900,TPB
952,2022-02-10,21.94,21.94,21.42,21.63,3954300,TPB
953,2022-02-11,21.52,22.55,21.42,22.49,15984500,TPB
954,2022-02-14,22.05,22.49,21,21,7405700,TPB
955,2022-02-15,21.52,21.55,21.1,21.39,3153900,TPB
956,2022-02-16,21.5,21.57,21.18,21.21,2879600,TPB
957,2022-02-17,21.21,21.6,21.15,21.6,3081100,TPB
958,2022-02-18,21.26,21.63,21.26,21.42,3759900,TPB
959,2022-02-21,21.26,21.47,21.05,21.47,3924200,TPB
960,2022-02-22,21.29,21.78,21.21,21.78,8309400,TPB
961,2022-02-23,21.78,22.68,21.76,22.36,16076300,TPB
962,2022-02-24,22.05,22.26,21.15,21.65,4957200,TPB
963,2022-02-25,21.89,22.44,21.68,22.02,10795200,TPB
964,2022-02-28,21.94,22.31,21.52,22.18,5548200,TPB
965,2022-03-01,22.15,22.68,21.99,22.47,11884800,TPB
966,2022-03-02,22.28,22.73,21.57,21.76,8271600,TPB
967,2022-03-03,21.84,22.18,21.57,21.78,4590700,TPB
968,2022-03-04,21.57,21.92,21.26,21.39,5107000,TPB
969,2022-03-07,21.21,21.23,20.21,20.47,10005000,TPB
970,2022-03-08,20.37,21,20.13,20.37,5092700,TPB
971,2022-03-09,20.39,20.66,20.37,20.37,2653800,TPB
972,2022-03-10,20.89,20.89,20.45,20.47,2043100,TPB
973,2022-03-11,20.31,20.73,20.24,20.29,2509400,TPB
974,2022-03-14,20.21,20.73,20.21,20.58,2160600,TPB
975,2022-03-15,20.58,21.15,20.52,20.94,8713700,TPB
976,2022-03-16,20.97,21.21,20.81,20.87,2937800,TPB
977,2022-03-17,21.02,21.21,20.79,20.79,3131300,TPB
978,2022-03-18,20.94,21,20.71,20.73,1622300,TPB
979,2022-03-21,20.76,21.15,20.76,20.94,3849800,TPB
980,2022-03-22,20.94,21.47,20.92,21.26,6367200,TPB
981,2022-03-23,21.26,21.55,21,21.02,4207000,TPB
982,2022-03-24,21.02,21.13,20.89,21.05,2951000,TPB
983,2022-03-25,21.31,21.31,20.94,20.94,2187700,TPB
984,2022-03-28,20.92,21.1,20.39,20.71,2993800,TPB
985,2022-03-29,20.71,21.26,20.71,21.15,4909800,TPB
986,2022-03-30,21.15,21.5,20.89,21,5350100,TPB
987,2022-03-31,21.15,21.42,21.05,21.08,2433800,TPB
988,2022-04-01,21.08,21.81,21,21.65,11121000,TPB
989,2022-04-04,21.89,21.94,21.57,21.65,6600400,TPB
990,2022-04-05,21.52,21.81,21.36,21.42,4682200,TPB
991,2022-04-06,21.36,21.73,21.1,21.6,6695600,TPB
992,2022-04-07,21.71,21.89,21.36,21.52,8696600,TPB
993,2022-04-08,21.47,21.63,21.1,21.1,3486300,TPB
994,2022-04-12,21.15,21.23,19.97,19.97,3022200,TPB
995,2022-04-13,20.29,21.1,19.97,21,5941400,TPB
996,2022-04-14,21,21,20.47,20.5,2541800,TPB
997,2022-04-15,20.52,20.63,19.61,19.61,5117800,TPB
998,2022-04-18,19.84,20.1,19.42,19.89,3139300,TPB
999,2022-04-19,19.89,20,19,19,1927100,TPB
1000,2022-04-20,19.32,19.47,18.64,18.64,3759500,TPB
1001,2022-04-21,18.69,19.05,17.9,18.27,3722600,TPB
1002,2022-04-22,18.4,18.9,18.27,18.48,2544600,TPB
1003,2022-04-25,18.53,18.74,17.19,18.11,3408500,TPB
1004,2022-04-26,17.85,18.4,17.01,18.35,3801700,TPB
1005,2022-04-27,18.35,18.37,17.56,18.27,2244300,TPB
1006,2022-04-28,18.32,18.32,17.64,17.64,1822600,TPB
1007,2022-04-29,17.64,18.08,17.43,17.64,3022600,TPB
1008,2022-05-04,17.64,17.69,16.8,16.8,1643600,TPB
1009,2022-05-05,17.06,17.95,17.06,17.95,7805500,TPB
1010,2022-05-06,17.64,18.08,17.45,17.64,2046700,TPB
1011,2022-05-09,17.22,17.77,16.48,16.59,2197900,TPB
1012,2022-05-10,16.27,17.64,16.01,17.48,5931000,TPB
1013,2022-05-11,17.48,17.56,16.69,17.56,3606600,TPB
1014,2022-05-12,17.32,17.48,16.35,16.59,2322400,TPB
1015,2022-05-13,16.8,16.8,15.43,15.75,3558200,TPB
1016,2022-05-16,16.27,16.59,15.85,16.27,2422200,TPB
1017,2022-05-17,16.27,17.35,16.01,17.32,3919900,TPB
1018,2022-05-18,17.38,17.9,16.9,16.9,3950000,TPB
1019,2022-05-19,16.51,16.88,16.14,16.35,1963400,TPB
1020,2022-05-20,16.75,16.9,16.38,16.48,2095800,TPB
1021,2022-05-23,16.75,16.85,15.7,15.75,2555000,TPB
1022,2022-05-24,15.85,16.25,15.85,16.22,1674200,TPB
1023,2022-05-25,16.25,16.8,16.22,16.75,4540800,TPB
1024,2022-05-26,16.75,16.77,16.51,16.59,1314300,TPB
1025,2022-05-27,16.59,17.22,16.54,16.96,4877200,TPB
1026,2022-05-30,17.01,17.38,16.88,17.32,5396700,TPB
1027,2022-05-31,17.32,17.35,16.98,16.98,2721700,TPB
1028,2022-06-01,16.88,17.17,16.54,16.8,1734700,TPB
1029,2022-06-02,16.8,16.8,16.38,16.8,3017400,TPB
1030,2022-06-03,16.67,16.8,16.38,16.72,1206700,TPB
1031,2022-06-06,16.69,16.72,15.91,16.12,2785800,TPB
1032,2022-06-07,16.12,16.12,15.49,15.54,2127800,TPB
1033,2022-06-08,15.59,16.27,15.59,15.88,3549200,TPB
1034,2022-06-09,15.88,15.93,15.75,15.77,1929100,TPB
1035,2022-06-10,15.7,16.06,15.59,15.59,1371900,TPB
1036,2022-06-13,15.33,15.33,14.51,14.51,3791000,TPB
1037,2022-06-14,14.44,14.44,13.65,13.91,4019300,TPB
1038,2022-06-15,13.91,14.02,13.02,13.94,3493100,TPB
1039,2022-06-16,14.02,14.28,13.78,14.07,2916700,TPB
1040,2022-06-17,13.65,13.86,13.12,13.39,3209900,TPB
1041,2022-06-20,13.36,13.73,13.15,13.15,3691400,TPB
1042,2022-06-21,13.1,13.75,13.1,13.46,3071400,TPB
1043,2022-06-22,13.46,13.91,13.46,13.75,1667200,TPB
1044,2022-06-23,13.75,13.91,13.49,13.91,1838200,TPB
1045,2022-06-24,13.91,13.99,13.65,13.65,906300,TPB
1046,2022-06-27,13.65,14.25,13.65,14.02,1953200,TPB
1047,2022-06-28,14.38,14.7,14.15,14.49,2059500,TPB
1048,2022-06-29,14.23,14.86,14.23,14.38,1929300,TPB
1049,2022-06-30,14.28,14.7,14.25,14.25,1757700,TPB
1050,2022-07-01,14.25,14.49,13.86,14.33,898800,TPB
1051,2022-07-04,14.33,14.59,14.28,14.33,575300,TPB
1052,2022-07-05,14.44,14.67,14.2,14.44,2314300,TPB
1053,2022-07-06,14.33,14.59,13.86,14.15,1497300,TPB
1054,2022-07-07,14.02,14.51,14.02,14.41,1466500,TPB
1055,2022-07-08,14.44,14.62,14.17,14.23,1153300,TPB
1056,2022-07-11,14.17,14.23,13.65,13.65,1301000,TPB
1057,2022-07-12,13.67,14.04,13.67,14.02,629500,TPB
1058,2022-07-13,14.02,14.44,13.67,13.99,1522200,TPB
1059,2022-07-14,13.94,14.2,13.91,14.12,678000,TPB
1060,2022-07-15,14.17,14.44,14.17,14.23,1418200,TPB
1061,2022-07-18,14.36,14.44,14.25,14.3,1343100,TPB
1062,2022-07-19,14.33,14.33,14.04,14.25,807800,TPB
1063,2022-07-20,14.44,14.96,14.28,14.93,3076300,TPB
1064,2022-07-21,14.99,15.04,14.72,14.86,2614000,TPB
1065,2022-07-22,14.86,15.04,14.67,14.72,2447800,TPB
1066,2022-07-25,14.46,14.65,14.33,14.38,1365400,TPB
1067,2022-07-26,14.44,14.49,14.17,14.17,1261300,TPB
1068,2022-07-27,14.17,14.23,13.91,14.15,1623200,TPB
1069,2022-07-28,14.2,14.59,14.2,14.28,2373300,TPB
1070,2022-07-29,14.49,14.49,13.96,13.96,3021600,TPB
1071,2022-08-01,14.23,14.41,14.2,14.3,1942000,TPB
1072,2022-08-02,14.33,14.59,14.33,14.51,2302300,TPB
1073,2022-08-03,14.44,14.75,14.33,14.7,2573400,TPB
1074,2022-08-04,14.96,15.33,14.83,15.12,5311300,TPB
1075,2022-08-05,15.17,15.33,14.96,15.12,1921300,TPB
1076,2022-08-08,15.09,15.3,14.88,14.99,2285100,TPB
1077,2022-08-09,15.2,15.2,14.91,15.01,2334000,TPB
1078,2022-08-10,15.07,15.07,14.83,14.86,1904100,TPB
1079,2022-08-11,15.04,15.28,14.83,14.96,2561900,TPB
1080,2022-08-12,15.04,15.04,14.88,15.01,1013100,TPB
1081,2022-08-15,15.2,15.38,15.07,15.2,3271800,TPB
1082,2022-08-16,15.22,15.25,15.09,15.14,1398100,TPB
1083,2022-08-17,15.14,15.2,15.07,15.07,1323000,TPB
1084,2022-08-18,15.07,15.12,14.86,15.07,2094800,TPB
1085,2022-08-19,15.12,15.12,14.86,14.91,1464800,TPB
1086,2022-08-22,14.83,14.86,14.57,14.65,1455600,TPB
1087,2022-08-23,14.44,14.7,14.44,14.7,1225800,TPB
1088,2022-08-24,14.7,14.83,14.67,14.75,1183300,TPB
1089,2022-08-25,14.93,15.17,14.78,15.12,1687100,TPB
1090,2022-08-26,15.14,15.17,14.88,14.91,1359300,TPB
1091,2022-08-29,14.7,14.75,14.23,14.54,2031300,TPB
1092,2022-08-30,14.7,14.8,14.54,14.65,821500,TPB
1093,2022-08-31,14.65,14.78,14.46,14.7,585300,TPB
1094,2022-09-05,14.96,14.96,14.57,14.7,1827200,TPB
1095,2022-09-06,14.78,14.78,14.51,14.7,1348000,TPB
1096,2022-09-07,14.59,14.65,14.33,14.33,1754000,TPB
1097,2022-09-08,14.36,14.38,14.12,14.12,1410600,TPB
1098,2022-09-09,14.33,14.33,13.96,14.17,935700,TPB
1099,2022-09-12,14.17,14.23,14.07,14.15,828599,TPB
1100,2022-09-13,14.23,14.23,14.04,14.09,773332,TPB
1101,2022-09-14,13.91,14.07,13.78,13.94,956169,TPB
1102,2022-09-15,13.99,14.36,13.91,13.94,800110,TPB
1103,2022-09-16,13.91,14.09,13.81,13.81,867879,TPB
1104,2022-09-19,13.81,13.81,12.97,13.12,1440519,TPB
1105,2022-09-20,13.33,13.33,13.07,13.33,891679,TPB
1106,2022-09-21,13.12,13.33,13.12,13.25,676786,TPB
1107,2022-09-22,13.12,13.31,13.02,13.31,605778,TPB
1108,2022-09-23,13.31,13.33,13.12,13.15,1060462,TPB
1109,2022-09-26,12.97,13.07,12.44,13.07,1899725,TPB
1110,2022-09-27,13.02,13.07,12.6,13.07,1142409,TPB
1111,2022-09-28,12.73,12.99,12.34,12.94,1534557,TPB
1112,2022-09-29,12.97,13.12,12.7,12.97,983968,TPB
1113,2022-09-30,12.86,13.18,12.57,13.12,2075563,TPB
1114,2022-10-03,13.18,13.18,12.28,12.52,1604080,TPB
1115,2022-10-04,12.55,12.81,12.47,12.49,959173,TPB
1116,2022-10-05,12.6,12.68,12.47,12.6,1213932,TPB
1117,2022-10-06,12.55,12.7,12.07,12.6,3201701,TPB
1118,2022-10-07,12.1,12.15,11.73,11.73,2060296,TPB
1119,2022-10-10,10.92,11.39,10.92,10.92,2389500,TPB
1120,2022-10-11,10.16,10.5,10.16,10.16,8999630,TPB
1121,2022-10-12,9.61,10.76,9.61,10.76,4643791,TPB
1122,2022-10-13,10.76,10.81,10.34,10.81,3781791,TPB
1123,2022-10-14,11,11.05,10.66,10.81,2178844,TPB
1124,2022-10-17,10.55,10.81,10.18,10.81,4157867,TPB
1125,2022-10-18,10.87,11,10.71,10.81,2525246,TPB
1126,2022-10-19,10.87,10.87,10.52,10.79,1715823,TPB
1127,2022-10-20,10.66,10.84,10.5,10.81,1713554,TPB
1128,2022-10-21,10.81,10.92,10.16,10.55,2779325,TPB
1129,2022-10-24,10.55,10.58,9.82,10.58,3262389,TPB
1130,2022-10-25,10.34,10.84,10.13,10.58,3235196,TPB
1131,2022-10-26,10.6,10.73,10.39,10.5,1129662,TPB
1132,2022-10-27,10.47,11.02,10.42,11.02,4337901,TPB
1133,2022-10-28,11.13,11.29,10.84,10.94,2785626,TPB
1134,2022-10-31,11.02,11.02,10.66,10.87,2828416,TPB
1135,2022-11-01,11.02,11.6,10.97,11.44,5885447,TPB
1136,2022-11-02,11.44,11.81,11.31,11.31,4003267,TPB
1137,2022-11-03,11.21,11.6,10.94,11.15,3799603,TPB
1138,2022-11-04,11.02,11.18,10.39,11.18,7373867,TPB
1139,2022-11-07,11.26,11.26,10.5,10.55,2522145,TPB
1140,2022-11-08,10.34,10.87,10.24,10.76,4239349,TPB
1141,2022-11-09,10.87,11.02,10.55,10.6,2800095,TPB
1142,2022-11-10,10.52,10.55,9.97,10.45,2993920,TPB
1143,2022-11-11,10.76,10.76,10.08,10.45,3738739,TPB
1144,2022-11-14,10.24,10.37,10,10.34,3213445,TPB
1145,2022-11-15,10.18,10.45,9.63,10.45,5347443,TPB
1146,2022-11-16,9.84,11.02,9.76,10.94,5538959,TPB
1147,2022-11-17,11.18,11.29,10.73,10.94,5230443,TPB
1148,2022-11-18,10.81,10.97,10.58,10.81,2041765,TPB
1149,2022-11-21,10.87,10.87,10.5,10.81,3200388,TPB
1150,2022-11-22,10.76,11.13,10.58,10.84,5490108,TPB
1151,2022-11-23,10.68,10.92,10.45,10.5,2889847,TPB
1152,2022-11-24,10.55,10.63,10.08,10.5,4812983,TPB
1153,2022-11-25,10.6,10.68,10.37,10.66,3035692,TPB
1154,2022-11-28,10.76,11.18,10.52,11.02,12704595,TPB
1155,2022-11-29,11.18,11.34,10.87,11.29,9287703,TPB
1156,2022-11-30,11.39,11.81,10.94,11.55,12994213,TPB
1157,2022-12-01,11.73,11.94,11.34,11.44,15160792,TPB
1158,2022-12-02,11.29,11.97,11.13,11.97,8250994,TPB
1159,2022-12-05,12.18,12.6,12.05,12.15,16151858,TPB
1160,2022-12-06,12.07,12.15,11.34,11.34,11607702,TPB
1161,2022-12-07,11.29,11.44,10.89,11,8894207,TPB
1162,2022-12-08,11.21,11.76,10.92,11.55,20800040,TPB
1163,2022-12-09,11.65,12.07,11.44,11.81,13275657,TPB
1164,2022-12-12,11.94,12.18,11.71,12.02,14482587,TPB
1165,2022-12-13,11.86,12.07,11.81,12.07,9695859,TPB
1166,2022-12-14,12.28,12.28,11.86,11.97,5662958,TPB
1167,2022-12-15,11.89,12.39,11.81,12.07,13101154,TPB
1168,2022-12-16,11.94,12.36,11.81,12.07,4769891,TPB
1169,2022-12-19,12.05,12.23,11.81,11.81,7145498,TPB
1170,2022-12-20,11.78,11.78,11.15,11.55,9975295,TPB
1171,2022-12-21,11.68,11.76,11.26,11.34,3514365,TPB
1172,2022-12-22,11.5,11.81,11.34,11.73,6223963,TPB
1173,2022-12-23,11.76,11.76,11.47,11.55,2280883,TPB
1174,2022-12-26,11.47,11.6,10.81,11.02,3118194,TPB
1175,2022-12-27,10.79,11.18,10.79,11.05,2796949,TPB
1176,2022-12-28,11.05,11.26,10.84,11.23,2828431,TPB
1177,2022-12-29,11.29,11.31,11.13,11.23,3162508,TPB
1178,2022-12-30,11.31,11.31,11.05,11.05,3246447,TPB
1179,2023-01-03,11.05,11.5,11.05,11.5,2333350,TPB
1180,2023-01-04,11.63,11.73,11.36,11.55,4383781,TPB
1181,2023-01-05,11.55,11.97,11.47,11.84,7504260,TPB
1182,2023-01-06,11.84,12.13,11.71,11.81,5806560,TPB
1183,2023-01-09,11.84,12.05,11.71,11.81,4156802,TPB
1184,2023-01-10,11.97,11.97,11.71,11.81,2905092,TPB
1185,2023-01-11,11.76,11.99,11.73,11.78,5230431,TPB
1186,2023-01-12,11.86,11.86,11.68,11.76,2067274,TPB
1187,2023-01-13,11.81,11.84,11.65,11.76,4921044,TPB
1188,2023-01-16,11.76,11.81,11.55,11.55,2963120,TPB
1189,2023-01-17,11.65,12.07,11.6,12.07,13157017,TPB
1190,2023-01-18,12.1,12.49,12.1,12.39,10093531,TPB
1191,2023-01-19,12.28,12.68,12.2,12.6,13449205,TPB
1192,2023-01-27,12.76,13.02,12.6,12.86,12822815,TPB
1193,2023-01-30,12.86,12.86,12.49,12.55,8373452,TPB
1194,2023-01-31,12.57,13.12,12.31,13.12,16662021,TPB
1195,2023-02-01,13.12,13.33,12.23,12.44,14497938,TPB
1196,2023-02-02,12.49,12.65,12.34,12.55,8034481,TPB
1197,2023-02-03,12.6,12.6,12.36,12.6,5938923,TPB
1198,2023-02-06,12.49,12.7,12.47,12.65,4564035,TPB
1199,2023-02-07,12.7,13.1,12.62,12.81,17626114,TPB
1200,2023-02-08,13.07,13.07,12.81,12.91,6008968,TPB
1201,2023-02-09,12.86,13.2,12.73,12.73,10388630,TPB
1202,2023-02-10,12.73,12.86,12.36,12.36,4093777,TPB
1203,2023-02-13,12.36,12.44,11.94,12.07,4327415,TPB
1204,2023-02-14,12.28,12.39,12.23,12.34,2690267,TPB
1205,2023-02-15,12.36,12.78,12.31,12.49,6781877,TPB
1206,2023-02-16,12.55,12.6,12.41,12.6,3655695,TPB
1207,2023-02-17,12.65,12.65,12.44,12.52,4452854,TPB
1208,2023-02-20,12.52,12.91,12.49,12.91,8702102,TPB
1209,2023-02-21,12.97,13.18,12.76,13.02,11405901,TPB
1210,2023-02-22,12.86,12.91,12.36,12.36,4054871,TPB
1211,2023-02-23,12.44,12.6,12.23,12.6,4540521,TPB
1212,2023-02-24,12.6,12.7,12.34,12.34,2353336,TPB
1213,2023-02-27,12.23,12.39,12.1,12.2,3120503,TPB
1214,2023-02-28,12.28,12.39,12.23,12.23,2093625,TPB
1215,2023-03-01,12.2,12.65,12.13,12.6,4259498,TPB
1216,2023-03-02,12.6,12.7,12.49,12.49,2697318,TPB
1217,2023-03-03,12.49,12.62,12.28,12.28,2869690,TPB
1218,2023-03-06,12.39,12.57,12.31,12.31,2322691,TPB
1219,2023-03-07,12.44,12.49,12.28,12.34,1779033,TPB
1220,2023-03-08,12.28,12.6,12.23,12.57,5406304,TPB
1221,2023-03-09,12.6,12.89,12.55,12.86,7713211,TPB
1222,2023-03-10,12.7,12.83,12.55,12.6,2711834,TPB
1223,2023-03-13,12.44,12.91,12.41,12.76,6635979,TPB
1224,2023-03-14,12.83,12.83,12.52,12.7,6715992,TPB
1225,2023-03-15,12.91,13.18,12.76,12.94,9041560,TPB
1226,2023-03-16,12.89,13.07,12.78,12.94,3008474,TPB
1227,2023-03-17,12.94,13.39,12.94,13.28,10698140,TPB
1228,2023-03-20,13.28,13.28,12.58,12.58,3895355,TPB
1229,2023-03-21,12.7,12.79,12.49,12.58,2205946,TPB
1230,2023-03-22,12.64,12.9,12.64,12.7,3282085,TPB
1231,2023-03-23,12.7,12.9,12.64,12.84,2587221,TPB
1232,2023-03-24,12.84,12.93,12.76,12.81,2493617,TPB
1233,2023-03-27,12.84,12.96,12.76,12.76,2417223,TPB
1234,2023-03-28,12.81,12.93,12.73,12.73,2008291,TPB
1235,2023-03-29,12.81,12.81,12.67,12.76,1441375,TPB
1236,2023-03-30,12.81,12.93,12.76,12.9,2721464,TPB
1237,2023-03-31,12.87,12.99,12.87,12.93,2387138,TPB
1238,2023-04-03,13.11,13.28,12.96,13.25,8218357,TPB
1239,2023-04-04,13.34,13.34,13.08,13.16,3620230,TPB
1240,2023-04-05,13.19,13.25,12.99,13.22,5449287,TPB
1241,2023-04-06,13.22,13.6,13.16,13.46,10311195,TPB
1242,2023-04-07,13.34,13.57,13.31,13.46,4469745,TPB
1243,2023-04-10,13.57,13.69,13.28,13.46,7617514,TPB
1244,2023-04-11,13.37,13.54,13.19,13.46,2704196,TPB
1245,2023-04-12,13.46,13.57,13.34,13.46,3844800,TPB
1246,2023-04-13,13.63,13.63,13.46,13.51,2531229,TPB
1247,2023-04-14,13.51,13.86,13.51,13.51,7235840,TPB
1248,2023-04-17,13.51,13.51,13.28,13.4,1630746,TPB
1249,2023-04-18,13.28,13.57,13.16,13.28,1700541,TPB
1250,2023-04-19,13.28,13.4,13.02,13.02,1858990,TPB
1251,2023-04-20,13.02,13.16,12.96,13.05,952156,TPB
1252,2023-04-21,13.05,13.43,13.05,13.13,2605357,TPB
1253,2023-04-24,13.11,13.43,13.11,13.31,4773916,TPB
1254,2023-04-25,13.31,13.34,13.16,13.25,1385612,TPB
1255,2023-04-26,13.19,13.48,13.11,13.4,4375876,TPB
1256,2023-04-27,13.46,13.54,13.37,13.43,1875119,TPB
1257,2023-04-28,13.43,13.86,13.4,13.86,8038300,TPB
1258,2023-05-04,13.86,13.86,13.66,13.75,1874368,TPB
1259,2023-05-05,13.69,13.8,13.43,13.6,2077234,TPB
1260,2023-05-08,13.57,13.72,13.43,13.54,2834392,TPB
1261,2023-05-09,13.54,13.8,13.54,13.72,3221528,TPB
1262,2023-05-10,13.75,13.92,13.57,13.83,4226138,TPB
1263,2023-05-11,13.86,13.89,13.63,13.75,1383896,TPB
1264,2023-05-12,13.78,13.78,13.6,13.72,1785435,TPB
1265,2023-05-15,13.75,14.1,13.69,13.92,10105598,TPB
1266,2023-05-16,13.92,13.95,13.75,13.89,1727269,TPB
1267,2023-05-17,13.92,13.95,13.54,13.54,1959863,TPB
1268,2023-05-18,13.57,13.8,13.57,13.63,1266222,TPB
1269,2023-05-19,13.75,13.75,13.51,13.66,1117353,TPB
1270,2023-05-22,13.89,13.98,13.69,13.86,4991543,TPB
1271,2023-05-23,13.8,14.04,13.8,13.8,4101523,TPB
1272,2023-05-24,13.92,13.95,13.69,13.69,1902828,TPB
1273,2023-05-25,13.75,13.8,13.57,13.63,987937,TPB
1274,2023-05-26,13.8,13.8,13.63,13.78,1359868,TPB
1275,2023-05-29,13.95,14.24,13.8,14.15,6815461,TPB
1276,2023-05-30,14.3,14.3,13.92,14.04,2891753,TPB
1277,2023-05-31,14.24,14.68,14.13,14.56,11087140,TPB
1278,2023-06-01,14.74,15.23,14.56,15.23,13566630,TPB
1279,2023-06-02,15,15.64,15,15.32,12080730,TPB
1280,2023-06-05,16.02,16.02,15.14,15.2,9603592,TPB
1281,2023-06-06,15.2,15.35,14.88,15.03,10017781,TPB
1282,2023-06-07,15.14,15.35,15,15.29,9306637,TPB
1283,2023-06-08,15.35,15.35,14.91,14.91,7733193,TPB
1284,2023-06-09,15.16,15.41,15,15.12,7733809,TPB
1285,2023-06-12,15.2,15.2,14.8,14.92,2669072,TPB
1286,2023-06-13,15,15,14.72,14.72,3061892,TPB
1287,2023-06-14,14.76,14.96,14.72,14.72,3722910,TPB
1288,2023-06-15,14.76,14.76,14.63,14.72,2762507,TPB
1289,2023-06-16,14.72,14.92,14.72,14.76,4861584,TPB
1290,2023-06-19,14.8,14.84,14.68,14.84,1546332,TPB
1291,2023-06-20,14.84,14.88,14.72,14.8,2287320,TPB
1292,2023-06-21,14.84,14.92,14.8,14.92,4234535,TPB
1293,2023-06-22,15.08,15.2,14.92,14.92,5295375,TPB
1294,2023-06-23,14.96,15.12,14.88,15,6150470,TPB
1295,2023-06-26,15.04,15.12,14.8,14.96,3353412,TPB
1296,2023-06-27,14.96,15,14.8,14.92,2755396,TPB
1297,2023-06-28,14.92,14.96,14.84,14.96,3334307,TPB
1298,2023-06-29,15,15,14.68,14.68,3937347,TPB
1299,2023-06-30,14.68,14.72,14.59,14.59,2646567,TPB
1300,2023-07-03,14.8,14.8,14.63,14.72,2904706,TPB
1301,2023-07-04,14.76,14.8,14.68,14.72,1809105,TPB
1302,2023-07-05,14.76,14.8,14.68,14.68,3936273,TPB
1303,2023-07-06,14.68,14.76,14.59,14.76,4456046,TPB
1304,2023-07-07,14.63,14.76,14.55,14.63,4773277,TPB
1305,2023-07-10,14.68,14.8,14.59,14.76,5910499,TPB
1306,2023-07-11,14.84,15.08,14.76,14.84,8870114,TPB
1307,2023-07-12,14.92,14.92,14.72,14.72,3911153,TPB
1308,2023-07-13,14.76,14.84,14.68,14.8,4697336,TPB
1309,2023-07-14,14.8,14.84,14.63,14.72,3864302,TPB
1310,2023-07-17,14.72,14.8,14.68,14.8,4233459,TPB
1311,2023-07-18,14.8,15.36,14.76,15.36,24821321,TPB
1312,2023-07-19,15.41,15.49,15.12,15.16,9355940,TPB
1313,2023-07-20,15.16,15.24,14.92,15.24,11174363,TPB
1314,2023-07-21,15.16,15.36,15.08,15.2,9112052,TPB
1315,2023-07-24,15.16,15.24,14.96,15.12,7045839,TPB
1316,2023-07-25,15.12,15.61,15.08,15.41,13361374,TPB
1317,2023-07-26,15.41,15.41,15.16,15.24,6636529,TPB
1318,2023-07-27,15.24,15.28,14.92,15.04,6664965,TPB
1319,2023-07-28,15,15.24,14.96,15.16,7182079,TPB
1320,2023-07-31,15.12,15.28,15.08,15.2,5201548,TPB
1321,2023-08-01,15.24,15.61,15.2,15.24,14484569,TPB
1322,2023-08-02,15.2,15.41,15.16,15.32,6637422,TPB
1323,2023-08-03,15.32,15.41,14.92,14.96,6911097,TPB
1324,2023-08-04,15.08,15.41,14.96,15.36,12271753,TPB
1325,2023-08-07,15.41,15.77,15.36,15.65,17755159,TPB
1326,2023-08-08,15.73,15.73,15.36,15.41,6318090,TPB
1327,2023-08-09,15.45,15.49,15.2,15.28,5499014,TPB
1328,2023-08-10,15.28,15.32,14.96,15,5801849,TPB
1329,2023-08-11,15.04,15.12,14.8,15.12,5342544,TPB
1330,2023-08-14,15.12,15.16,15,15.12,5489663,TPB
1331,2023-08-15,15.16,15.53,15.04,15.41,12077448,TPB
1332,2023-08-16,15.41,15.53,15.24,15.49,8498716,TPB
1333,2023-08-17,15.49,15.53,15.24,15.28,5852301,TPB
1334,2023-08-18,15.2,15.24,14.59,14.68,11569243,TPB
1335,2023-08-21,14.84,15.08,14.63,15,8200962,TPB
1336,2023-08-22,14.92,15.08,14.76,15.04,4105984,TPB
1337,2023-08-23,15.12,15.12,14.88,15,5562659,TPB
1338,2023-08-24,15,15.32,14.88,15.24,10071220,TPB
1339,2023-08-25,15.16,15.28,15.08,15.28,3739298,TPB
1340,2023-08-28,15.36,15.45,15.24,15.41,7209299,TPB
1341,2023-08-29,15.41,15.49,15.28,15.41,6938674,TPB
1342,2023-08-30,15.41,15.85,15.41,15.85,22004414,TPB
1343,2023-08-31,15.93,15.97,15.69,15.89,5943375,TPB
1344,2023-09-05,15.97,16.09,15.89,15.93,9233621,TPB
1345,2023-09-06,15.93,16.01,15.53,16.01,11953366,TPB
1346,2023-09-07,16.05,16.3,15.85,15.93,16385746,TPB
1347,2023-09-08,15.93,15.97,15.73,15.73,6027774,TPB
1348,2023-09-11,15.81,15.89,15.32,15.36,10193226,TPB
1349,2023-09-12,15.36,15.57,15.24,15.57,9028399,TPB
1350,2023-09-13,15.61,15.69,15.36,15.61,5527774,TPB
1351,2023-09-14,15.61,15.81,15.41,15.41,5654954,TPB
1352,2023-09-15,15.57,15.65,15.45,15.57,4834829,TPB
1353,2023-09-18,15.57,15.57,15.24,15.36,5315824,TPB
1354,2023-09-19,15.24,15.49,15.2,15.45,6067311,TPB
1355,2023-09-20,15.36,15.89,15.28,15.81,14288894,TPB
1356,2023-09-21,15.81,15.85,15.45,15.45,5546570,TPB
1357,2023-09-22,15.28,15.36,14.88,15.04,8919499,TPB
1358,2023-09-25,15.04,15.16,14.59,14.59,6151606,TPB
1359,2023-09-26,14.59,14.8,14.35,14.35,7205172,TPB
1360,2023-09-27,14.35,14.47,14.11,14.43,5753983,TPB
1361,2023-09-28,14.43,14.68,13.99,14.63,6391686,TPB
1362,2023-09-29,14.63,14.68,14.43,14.47,3985833,TPB
1363,2023-10-02,14.47,14.51,14.19,14.19,4169925,TPB
1364,2023-10-03,14.11,14.11,13.54,13.54,7815486,TPB
1365,2023-10-04,13.38,13.78,13.38,13.46,3544218,TPB
1366,2023-10-05,13.7,13.7,13.38,13.42,3338911,TPB
1367,2023-10-06,13.42,13.66,13.38,13.62,4443068,TPB
1368,2023-10-09,13.62,13.82,13.54,13.66,4909438,TPB
1369,2023-10-10,13.78,13.78,13.58,13.58,4295187,TPB
1370,2023-10-11,13.62,13.66,13.5,13.58,3219715,TPB
1371,2023-10-12,13.66,13.95,13.58,13.95,5225264,TPB
1372,2023-10-13,13.78,14.07,13.74,13.99,7510640,TPB
1373,2023-10-16,13.95,13.95,13.58,13.62,4727722,TPB
1374,2023-10-17,13.62,13.74,13.38,13.38,3430612,TPB
1375,2023-10-18,13.42,13.46,12.93,13.18,5441532,TPB
1376,2023-10-19,13.18,13.22,13.01,13.09,2474668,TPB
1377,2023-10-20,13.05,13.42,13.05,13.38,2687532,TPB
1378,2023-10-23,13.38,13.58,13.26,13.34,4556885,TPB
1379,2023-10-24,13.38,13.66,13.34,13.62,4262188,TPB
1380,2023-10-25,13.62,13.7,13.46,13.58,4186043,TPB
1381,2023-10-26,13.3,13.46,12.69,12.97,6942761,TPB
1382,2023-10-27,12.97,13.22,12.89,13.13,2255518,TPB
1383,2023-10-30,13.13,13.26,12.97,12.97,4289663,TPB
1384,2023-10-31,13.05,13.05,12.81,12.81,2936880,TPB
1385,2023-11-01,12.93,12.93,12.65,12.81,3184883,TPB
1386,2023-11-02,13.01,13.54,13.01,13.3,7606127,TPB
1387,2023-11-03,13.46,13.5,13.01,13.01,5737264,TPB
1388,2023-11-06,13.34,13.58,13.13,13.46,4382632,TPB
1389,2023-11-07,13.38,13.58,13.34,13.42,3708947,TPB
1390,2023-11-08,13.42,14.19,13.38,13.99,8612907,TPB
1391,2023-11-09,14.07,14.15,13.82,13.86,5485926,TPB
1392,2023-11-10,13.78,14.03,13.7,13.78,5917888,TPB
1393,2023-11-13,13.78,13.99,13.7,13.99,4234952,TPB
1394,2023-11-14,14.19,14.47,13.99,14.11,12506923,TPB
1395,2023-11-15,14.15,14.51,14.11,14.35,9716888,TPB
1396,2023-11-16,14.27,14.27,13.99,14.19,5220788,TPB
1397,2023-11-17,14.19,14.31,13.7,13.78,7433829,TPB
1398,2023-11-20,13.54,14.11,13.5,13.95,4723035,TPB
1399,2023-11-21,13.95,14.11,13.78,13.82,2617136,TPB
1400,2023-11-22,13.82,13.95,13.78,13.86,2305512,TPB
1401,2023-11-23,13.95,14.11,13.78,13.78,6956587,TPB
1402,2023-11-24,13.82,13.82,13.58,13.78,3550391,TPB
1403,2023-11-27,13.74,13.78,13.5,13.5,3115183,TPB
1404,2023-11-28,13.5,13.66,13.38,13.58,2506689,TPB
1405,2023-11-29,13.58,13.74,13.54,13.66,2468113,TPB
1406,2023-11-30,13.58,13.86,13.58,13.78,8678015,TPB
1407,2023-12-01,13.82,13.91,13.66,13.86,9187846,TPB
1408,2023-12-04,13.91,14.15,13.86,13.95,11161978,TPB
1409,2023-12-05,13.99,13.99,13.82,13.82,4491908,TPB
1410,2023-12-06,13.86,14.27,13.82,14.15,14005355,TPB
1411,2023-12-07,14.19,14.27,13.99,14.23,15079464,TPB
1412,2023-12-08,14.19,14.35,14.11,14.15,4737848,TPB
1413,2023-12-11,14.15,14.23,14.07,14.07,4331665,TPB
1414,2023-12-12,14.11,14.15,13.99,14.07,2416307,TPB
1415,2023-12-13,14.11,14.11,13.78,13.78,3335319,TPB
1416,2023-12-14,13.86,13.95,13.66,13.7,3330261,TPB
1417,2023-12-15,13.78,13.82,13.66,13.74,3380612,TPB
1418,2023-12-18,13.7,13.78,13.58,13.7,3077529,TPB
1419,2023-12-19,13.62,13.78,13.58,13.78,2429238,TPB
1420,2023-12-20,13.7,13.78,13.66,13.7,2825458,TPB
1421,2023-12-21,13.7,13.7,13.54,13.7,2097571,TPB
1422,2023-12-22,13.7,13.74,13.58,13.7,2374078,TPB
1423,2023-12-25,13.7,13.86,13.7,13.82,2548254,TPB
1424,2023-12-26,13.86,13.86,13.74,13.78,2030227,TPB
1425,2023-12-27,13.78,14.07,13.78,14.07,5357747,TPB
1426,2023-12-28,14.03,14.07,13.91,14.03,3899546,TPB
1427,2023-12-29,14.11,14.15,13.99,14.11,3048145,TPB
1428,2024-01-02,14.15,14.19,13.99,14.03,6972007,TPB
1429,2024-01-03,13.99,14.15,13.86,14.15,7156654,TPB
1430,2024-01-04,14.19,14.76,14.11,14.51,30604262,TPB
1431,2024-01-05,14.51,14.72,14.39,14.59,11027926,TPB
1432,2024-01-08,14.76,14.76,14.43,14.55,10135587,TPB
1433,2024-01-09,14.59,14.63,14.35,14.39,10505693,TPB
1434,2024-01-10,14.43,15.08,14.39,15,24221574,TPB
1435,2024-01-11,15,15.41,14.88,15,18119563,TPB
1436,2024-01-12,14.88,15.24,14.72,15.04,18903546,TPB
1437,2024-01-15,15.2,15.24,14.84,14.84,6965814,TPB
1438,2024-01-16,14.76,15.08,14.76,15.08,9335413,TPB
1439,2024-01-17,15.04,15.16,14.88,14.88,7455094,TPB
1440,2024-01-18,14.88,14.96,14.76,14.96,5370589,TPB
1441,2024-01-19,14.96,15.12,14.92,15.08,5652900,TPB
1442,2024-01-22,15.08,15.16,14.96,15.12,8799064,TPB
1443,2024-01-23,15.12,15.24,15,15.08,9422714,TPB
1444,2024-01-24,15.04,15.04,14.8,14.84,9179066,TPB
1445,2024-01-25,14.84,14.84,14.72,14.72,5631807,TPB
1446,2024-01-26,14.76,15,14.72,14.84,3899828,TPB
1447,2024-01-29,14.84,14.92,14.72,14.72,2948966,TPB
1448,2024-01-30,14.72,14.96,14.72,14.84,7023878,TPB
1449,2024-01-31,14.96,14.96,14.43,14.47,8858005,TPB
1450,2024-02-01,14.47,14.63,14.43,14.47,5057592,TPB
1451,2024-02-02,14.51,14.55,14.19,14.19,9175641,TPB
1452,2024-02-05,14.19,14.8,14.19,14.72,18714346,TPB
1453,2024-02-06,14.8,14.88,14.68,14.68,9957893,TPB
1454,2024-02-07,14.68,15.08,14.68,15,14678695,TPB
1455,2024-02-15,15.12,15.53,15.08,15.28,25902501,TPB
1456,2024-02-16,15.32,15.45,15.24,15.32,14364194,TPB
1457,2024-02-19,15.32,15.36,15.12,15.24,8782998,TPB
1458,2024-02-20,15.2,15.28,15.12,15.2,9315850,TPB
1459,2024-02-21,15.2,15.81,15.04,15.81,31800025,TPB
1460,2024-02-22,15.81,16.01,15.57,15.85,15647874,TPB
1461,2024-02-23,15.89,16.3,15.49,15.49,43609529,TPB
1462,2024-02-26,15.45,15.65,15.36,15.53,8203673,TPB
1463,2024-02-27,15.53,15.65,15.28,15.53,15272359,TPB
1464,2024-02-28,15.61,16.22,15.49,16.22,25604492,TPB
1465,2024-02-29,16.22,16.42,15.97,16.09,30163480,TPB
1466,2024-03-01,16.09,16.18,15.85,16.09,14285287,TPB
1467,2024-03-04,16.13,16.18,15.81,15.89,15044312,TPB
1468,2024-03-05,15.89,15.89,15.65,15.73,12297029,TPB
1469,2024-03-06,15.73,15.93,15.49,15.57,10019615,TPB
1470,2024-03-07,15.69,15.69,15.53,15.61,9138978,TPB
1471,2024-03-08,15.61,15.65,15.08,15.08,22069265,TPB
1472,2024-03-11,15.04,15.24,14.92,15,11039443,TPB
1473,2024-03-12,15,15.16,14.96,15,7981563,TPB
1474,2024-03-13,15,15.41,14.96,15.41,7645139,TPB
1475,2024-03-14,15.41,15.45,15.08,15.2,7678563,TPB
1476,2024-03-15,15.16,15.41,14.96,15.24,9001479,TPB
1477,2024-03-18,15.41,15.41,14.35,14.84,13706020,TPB
1478,2024-03-19,14.84,14.92,14.76,14.76,4383580,TPB
1479,2024-03-20,14.76,15.2,14.55,15.08,15981272,TPB
1480,2024-03-21,15.24,15.28,15,15.2,9185199,TPB
1481,2024-03-22,15.24,15.61,15.12,15.2,17972329,TPB
1482,2024-03-25,15.24,15.61,15.16,15.41,17585868,TPB
1483,2024-03-26,15.41,15.57,15.32,15.53,10845104,TPB
1484,2024-03-27,15.57,15.61,15.41,15.57,6032387,TPB
1485,2024-03-28,15.73,15.81,15.41,15.49,10136151,TPB
1486,2024-03-29,15.57,15.57,15.41,15.49,5777111,TPB
1487,2024-04-01,15.41,15.45,15.12,15.2,10022082,TPB
1488,2024-04-02,15.12,15.28,14.84,15.28,10361316,TPB
1489,2024-04-03,15.24,15.24,14.96,15,8205356,TPB
1490,2024-04-04,15,15.04,14.84,14.92,11409380,TPB
1491,2024-04-05,14.76,14.88,14.68,14.76,9631727,TPB
1492,2024-04-08,14.76,15.08,14.68,14.8,11669502,TPB
1493,2024-04-09,14.88,15.08,14.72,15.08,4447989,TPB
1494,2024-04-10,15.12,15.12,14.88,14.88,4269718,TPB
1495,2024-04-11,14.68,14.88,14.68,14.88,6872629,TPB
1496,2024-04-12,14.88,15.16,14.8,15.16,10983193,TPB
1497,2024-04-15,14.96,15.12,14.19,14.19,12294528,TPB
1498,2024-04-16,14.19,14.39,13.78,14.27,16800367,TPB
1499,2024-04-17,14.35,14.35,13.78,13.78,6202546,TPB
1500,2024-04-19,13.74,13.86,13.3,13.46,8466392,TPB
1501,2024-04-22,13.78,14.23,13.62,14.19,12636955,TPB
1502,2024-04-23,14.11,14.27,13.91,13.99,6326477,TPB
1503,2024-04-24,14.23,14.59,14.19,14.59,11891874,TPB
1504,2024-04-25,14.55,14.59,14.35,14.55,4945753,TPB
1505,2024-04-26,14.31,14.55,14.31,14.51,3092380,TPB
1506,2024-05-02,14.51,14.55,14.31,14.31,1668427,TPB
1507,2024-05-03,14.39,14.51,14.19,14.19,7857085,TPB
1508,2024-05-06,14.35,14.51,14.27,14.43,4038552,TPB
1509,2024-05-07,14.47,14.47,14.27,14.39,2575038,TPB
1510,2024-05-08,14.35,14.43,14.23,14.39,4168883,TPB
1511,2024-05-09,14.43,14.92,14.35,14.72,15538786,TPB
1512,2024-05-10,14.76,14.84,14.59,14.68,8321349,TPB
1513,2024-05-13,14.68,14.88,14.51,14.59,5844574,TPB
1514,2024-05-14,14.63,14.76,14.51,14.59,4387329,TPB
1515,2024-05-15,14.76,14.76,14.51,14.55,9488725,TPB
1516,2024-05-16,14.76,14.92,14.59,14.88,9640850,TPB
1517,2024-05-17,14.92,15.12,14.8,14.92,12136290,TPB
1518,2024-05-20,14.92,15.08,14.92,14.96,13765827,TPB
1519,2024-05-21,15,15,14.76,14.88,4451104,TPB
1520,2024-05-22,14.92,14.96,14.68,14.72,6157747,TPB
1521,2024-05-23,14.72,14.84,14.63,14.84,5062723,TPB
1522,2024-05-24,14.59,14.88,14.27,14.39,15603862,TPB
1523,2024-05-27,14.39,14.51,14.23,14.35,5793453,TPB
1524,2024-05-28,14.43,14.51,14.35,14.47,4458316,TPB
1525,2024-05-29,14.51,14.51,14.35,14.35,4683211,TPB
1526,2024-05-30,14.35,14.39,14.19,14.35,6362308,TPB
1527,2024-05-31,14.35,14.43,14.23,14.31,3888474,TPB
1528,2024-06-03,14.39,14.88,14.35,14.63,12045228,TPB
1529,2024-06-04,14.72,14.76,14.59,14.63,4465731,TPB
1530,2024-06-05,14.63,14.72,14.55,14.59,4057482,TPB
1531,2024-06-06,14.59,14.88,14.55,14.8,8350356,TPB
1532,2024-06-07,14.84,14.92,14.68,14.68,3481908,TPB
1533,2024-06-10,14.8,15.08,14.76,14.88,13101015,TPB
1534,2024-06-11,14.92,15,14.72,14.76,4549487,TPB
1535,2024-06-12,14.76,15,14.72,14.96,6748117,TPB
1536,2024-06-13,15,15.49,14.96,15.41,44008939,TPB
1537,2024-06-14,15.41,15.49,15.12,15.12,11914278,TPB
1538,2024-06-17,15.16,15.16,14.92,15.04,9227155,TPB
1539,2024-06-18,15.2,15.2,15,15.08,7925120,TPB
1540,2024-06-19,15.16,15.2,14.92,15.04,8455930,TPB
1541,2024-06-20,15.25,15.25,15,15.21,8933153,TPB
1542,2024-06-21,15.12,15.29,15.04,15.08,7478006,TPB
1543,2024-06-24,15.04,15.08,14.5,14.5,9998726,TPB
1544,2024-06-25,14.62,14.67,14.5,14.62,4195120,TPB
1545,2024-06-26,14.58,14.62,14.42,14.62,4414757,TPB
1546,2024-06-27,14.54,14.62,14.46,14.54,2870324,TPB
1547,2024-06-28,14.37,14.58,14.25,14.33,5437684,TPB
1548,2024-07-01,14.33,14.46,14.29,14.46,2304798,TPB
1549,2024-07-02,14.46,14.67,14.46,14.54,2732397,TPB
1550,2024-07-03,14.58,14.75,14.54,14.62,3470501,TPB
1551,2024-07-04,14.67,14.83,14.62,14.71,4745748,TPB
1552,2024-07-05,14.71,14.75,14.54,14.75,2533797,TPB
1553,2024-07-08,14.75,15.04,14.75,14.79,12786282,TPB
1554,2024-07-09,14.79,15,14.75,14.92,7759602,TPB
1555,2024-07-10,15,15,14.67,14.87,4930100,TPB
1556,2024-07-11,14.92,15.04,14.79,14.92,9298029,TPB
1557,2024-07-12,14.92,15,14.83,14.96,4263833,TPB
1558,2024-07-15,14.96,15,14.67,14.71,2941273,TPB
1559,2024-07-16,14.75,15.04,14.75,14.87,4742215,TPB
1560,2024-07-17,14.87,15.25,14.75,14.87,10970541,TPB
1561,2024-07-18,14.96,15,14.75,15,3673666,TPB
1562,2024-07-19,15,15.46,14.92,15.33,42893806,TPB
1563,2024-07-22,15.33,15.75,15.25,15.5,32705162,TPB
1564,2024-07-23,15.54,15.58,14.42,14.79,14193128,TPB
1565,2024-07-24,14.71,15.08,14.58,14.96,16213404,TPB
1566,2024-07-25,14.75,15,14.75,14.83,7532966,TPB
1567,2024-07-26,14.92,15,14.83,14.87,5558371,TPB
1568,2024-07-29,15,15.25,14.96,15.08,13239463,TPB
1569,2024-07-30,15.08,15.17,14.83,15,5121957,TPB
1570,2024-07-31,15.04,15.46,15,15.12,21622214,TPB
1571,2024-08-01,15.17,15.21,14.58,14.75,14232788,TPB
1572,2024-08-02,14.58,14.79,14.46,14.79,12011577,TPB
1573,2024-08-05,14.42,14.62,14,14,17831543,TPB
1574,2024-08-06,14.21,14.58,14.04,14.46,9816351,TPB
1575,2024-08-07,14.46,14.67,14.17,14.21,13941183,TPB
1576,2024-08-08,14.21,14.33,14.04,14.08,6128688,TPB
1577,2024-08-09,14.33,14.46,14.17,14.25,13230777,TPB
1578,2024-08-12,14.25,14.42,14.17,14.37,4133334,TPB
1579,2024-08-13,14.37,14.58,14.29,14.37,7204284,TPB
1580,2024-08-14,14.46,14.46,14.33,14.33,2721711,TPB
1581,2024-08-15,14.33,14.42,14.25,14.25,3773838,TPB
1582,2024-08-16,14.29,14.62,14.29,14.58,8175982,TPB
1583,2024-08-19,14.58,14.71,14.46,14.58,8332879,TPB
1584,2024-08-20,14.58,14.75,14.58,14.62,8888684,TPB
1585,2024-08-21,14.62,14.92,14.58,14.92,16731142,TPB
1586,2024-08-22,15,15.17,14.92,15,7987928,TPB
1587,2024-08-23,15,15,14.75,14.92,8050463,TPB
1588,2024-08-26,14.92,15.17,14.83,14.83,11812943,TPB
1589,2024-08-27,14.83,14.92,14.75,14.79,4465669,TPB
1590,2024-08-28,14.83,15,14.75,14.79,8035333,TPB
1591,2024-08-29,14.79,15.04,14.79,14.87,7341604,TPB
1592,2024-08-30,14.87,15,14.83,14.92,6998759,TPB
1593,2024-09-04,14.67,14.79,14.58,14.71,7588693,TPB
1594,2024-09-05,14.79,14.83,14.62,14.67,4866650,TPB
1595,2024-09-06,14.71,14.92,14.62,14.75,7409422,TPB
1596,2024-09-09,14.71,14.79,14.62,14.67,3034364,TPB
1597,2024-09-10,14.75,15.04,14.75,14.83,16888810,TPB
1598,2024-09-11,14.92,14.96,14.75,14.87,3937481,TPB
1599,2024-09-12,15,15.29,14.92,15.12,28884459,TPB
1600,2024-09-13,15.17,15.21,15.04,15.12,6115159,TPB
1601,2024-09-16,15.12,15.29,14.92,15,14300838,TPB
1602,2024-09-17,15,15.12,14.92,15.12,4891183,TPB
1603,2024-09-18,15.21,15.33,15.04,15.21,15986465,TPB
1604,2024-09-19,15.25,15.42,15.21,15.21,15198847,TPB
1605,2024-09-20,15.29,15.42,15.04,15.08,24879440,TPB
1606,2024-09-23,15.3,15.6,15.25,15.25,11937319,TPB
1607,2024-09-24,15.3,15.4,15.15,15.4,5345342,TPB
1608,2024-09-25,15.5,15.65,15.45,15.6,11743747,TPB
1609,2024-09-26,15.7,16.65,15.55,16.65,60835591,TPB
1610,2024-09-27,17,17.2,16.6,16.9,60292572,TPB
1611,2024-09-30,16.9,17.45,16.85,17.2,37870846,TPB
1612,2024-10-01,17.2,17.4,16.95,17.1,30055170,TPB
1613,2024-10-02,17.25,17.6,17.05,17.5,33126116,TPB
1614,2024-10-03,17.6,18.1,17.35,17.5,51544738,TPB
1615,2024-10-04,17.7,17.7,17.2,17.25,20462400,TPB
1616,2024-10-07,17.45,17.6,17.25,17.5,16722300,TPB
1617,2024-10-08,17.7,18.1,17.55,17.55,32029800,TPB
1618,2024-10-09,17.6,17.7,17.4,17.6,15086300,TPB
1619,2024-10-10,17.8,18.05,17.4,17.45,34471200,TPB
1620,2024-10-11,17.45,17.5,17.25,17.5,13142400,TPB
1621,2024-10-14,17.6,17.7,17.35,17.45,13859900,TPB
1622,2024-10-15,17.6,17.8,17.4,17.45,14881000,TPB
1623,2024-10-16,17.4,17.55,17.35,17.5,8606300,TPB
1624,2024-10-17,17.55,17.95,17.3,17.9,22478600,TPB
1625,2024-10-18,18,18.1,17.75,17.8,29518000,TPB
1626,2024-10-21,17.65,17.8,17.5,17.5,12873600,TPB
1627,2024-10-22,17.4,17.8,17.15,17.3,31041200,TPB
1628,2024-10-23,17.35,17.75,17.2,17.65,18002200,TPB
1629,2024-10-24,17.75,17.85,17.05,17.05,18317600,TPB
1630,2024-10-25,17.15,17.3,17,17.05,16901500,TPB
1631,2024-10-28,17.05,17.2,17.05,17.2,7919600,TPB
1632,2024-10-29,17.25,17.35,17.1,17.1,9762400,TPB
1633,2024-10-30,17.15,17.25,17,17.25,11117800,TPB
1634,2024-10-31,17.15,17.55,17.05,17.3,19905800,TPB
1635,2024-11-01,17.2,17.3,17.05,17.05,13064000,TPB
1636,2024-11-04,17.05,17.1,16.5,16.55,27011700,TPB
1637,2024-11-05,16.55,16.7,16.5,16.55,9258300,TPB
1638,2024-11-06,16.7,17.05,16.55,16.95,12037400,TPB
1639,2024-11-07,17.05,17.05,16.75,16.8,6837000,TPB
1640,2024-11-08,16.9,16.9,16.55,16.65,8665200,TPB
1641,2024-11-11,16.6,16.65,16,16.2,30694100,TPB
1642,2024-11-12,16.3,16.3,16.05,16.1,9278100,TPB
1643,2024-11-13,16.05,16.2,15.7,16.15,17328900,TPB
1644,2024-11-14,16.05,16.3,15.75,15.75,10651400,TPB
1645,2024-11-15,15.6,15.75,15.5,15.6,16220400,TPB
1646,2024-11-18,15.6,16.1,15.55,16,16208300,TPB
1647,2024-11-19,15.95,16.05,15.8,15.8,9959400,TPB
1648,2024-11-20,15.7,16.35,15.7,16.05,11375300,TPB
1649,2024-11-21,16.15,16.25,16.05,16.25,6027200,TPB
1650,2024-11-22,16.2,16.3,16.1,16.1,6826400,TPB
1651,2024-11-25,16.15,16.25,16.05,16.15,5428500,TPB
1652,2024-11-26,16.15,16.4,16.15,16.15,7393100,TPB
1653,2024-11-27,16.15,16.3,16.1,16.15,4886900,TPB
1654,2024-11-28,16.25,16.5,16.2,16.25,11221300,TPB
1655,2024-11-29,16.25,16.35,16.2,16.2,4912000,TPB
1656,2024-12-02,16.35,16.45,16.1,16.1,6793000,TPB
1657,2024-12-03,16.15,16.2,16,16,6553700,TPB
1658,2024-12-04,16.05,16.05,15.8,15.8,8010900,TPB
1659,2024-12-05,15.85,16.45,15.75,16.45,11737500,TPB
1660,2024-12-06,16.5,16.5,16.25,16.25,9727100,TPB
1661,2024-12-09,16.35,16.5,16.25,16.4,8418500,TPB
1662,2024-12-10,16.4,16.5,16.35,16.35,4978800,TPB
1663,2024-12-11,16.4,16.5,16.2,16.3,6312900,TPB
1664,2024-12-12,16.35,16.65,16.25,16.35,17357400,TPB
1665,2024-12-13,16.35,16.45,16.25,16.25,4585600,TPB
1666,2024-12-16,16.25,16.4,16.15,16.2,9848600,TPB
1667,2024-12-17,16.2,16.3,16.15,16.2,4265400,TPB
1668,2024-12-18,16.2,16.3,16.1,16.25,5405700,TPB
1669,2024-12-19,16.05,16.15,15.95,16,10785400,TPB
1670,2024-12-20,16.05,16.05,15.9,15.9,5572800,TPB
1671,2024-12-23,16.15,16.2,16,16.05,6272100,TPB
1672,2024-12-24,16.05,16.15,16,16.05,5949200,TPB
1673,2024-12-25,16.1,16.85,16.05,16.4,14525600,TPB
1674,2024-12-26,16.35,16.6,16.35,16.55,6862500,TPB
1675,2024-12-27,16.6,17.05,16.55,16.75,27796400,TPB
1676,2024-12-30,16.8,16.9,16.5,16.65,6732600,TPB
1677,2024-12-31,16.65,16.8,16.5,16.65,7930000,TPB
1678,2025-01-02,16.7,16.7,16.4,16.55,5149600,TPB
1679,2025-01-03,16.5,16.55,16.2,16.2,9674200,TPB
1680,2025-01-06,16.2,16.3,16,16.05,7769800,TPB
1681,2025-01-07,16.1,16.25,16.05,16.1,5751500,TPB
1682,2025-01-08,16.25,16.35,16.15,16.2,4606600,TPB
1683,2025-01-09,16.3,16.3,16.05,16.1,4448700,TPB
1684,2025-01-10,16.1,16.25,15.85,15.9,8367400,TPB
1685,2025-01-13,15.8,16.05,15.7,15.9,6936800,TPB
1686,2025-01-14,15.9,16.05,15.85,15.9,3547500,TPB
1687,2025-01-15,16,16.1,15.9,16,5695500,TPB
1688,2025-01-16,16.1,16.2,16,16.05,6277100,TPB
1689,2025-01-17,16.05,16.2,16,16.15,4337800,TPB
1690,2025-01-20,16.25,16.45,16.2,16.4,6756100,TPB
1691,2025-01-21,16.5,16.5,16.2,16.2,5404500,TPB
1692,2025-01-22,16.3,16.3,16.1,16.1,5141700,TPB
1693,2025-01-23,16.25,16.4,16.1,16.35,6159900,TPB
1694,2025-01-24,16.3,16.5,16.3,16.45,8382700,TPB
1695,2025-02-03,16.4,16.4,16.1,16.15,8872100,TPB
1696,2025-02-04,16.25,16.6,16.15,16.55,10936200,TPB
1697,2025-02-05,16.6,16.7,16.45,16.6,8947000,TPB
1698,2025-02-06,16.7,16.9,16.5,16.55,8814900,TPB
1699,2025-02-07,16.65,16.8,16.45,16.55,10057900,TPB
1700,2025-02-10,16.5,16.85,16.35,16.75,17700200,TPB
1701,2025-02-11,16.75,17.2,16.75,17,42514000,TPB
1702,2025-02-12,17.1,17.1,16.8,16.85,7638400,TPB
1703,2025-02-13,16.85,16.95,16.75,16.9,7949000,TPB
1704,2025-02-14,17,17.15,16.9,16.9,9816600,TPB
1705,2025-02-17,16.9,17,16.8,16.85,8521000,TPB
1706,2025-02-18,16.85,17.05,16.8,16.9,9227100,TPB
1707,2025-02-19,16.95,17,16.85,17,8589200,TPB
1708,2025-02-20,17,17.25,16.95,17.1,17107500,TPB
1709,2025-02-21,17.15,17.15,16.9,17,9998800,TPB
1710,2025-02-24,17,17.15,16.9,17.05,12868200,TPB
1711,2025-02-25,17.15,17.15,16.9,16.95,15150600,TPB
1712,2025-02-26,17.1,17.1,16.9,16.95,12927200,TPB
1713,2025-02-27,17,17.05,16.8,16.9,18061000,TPB
1714,2025-02-28,16.85,16.9,16.7,16.7,20436100,TPB
1715,2025-03-03,16.4,16.45,16.1,16.2,61853300,TPB
1716,2025-03-04,16.2,16.35,16.1,16.2,20875800,TPB
1717,2025-03-05,16.25,16.4,16.1,16.1,15091100,TPB
1718,2025-03-06,16.1,16.25,16.05,16.2,17481600,TPB
1719,2025-03-07,16.2,16.45,16.2,16.35,18976100,TPB
1720,2025-03-10,16.35,16.45,16.2,16.2,12081100,TPB
1721,2025-03-11,16.1,16.25,16.05,16.25,9436300,TPB
1722,2025-03-12,16.25,16.3,16.1,16.15,8865400,TPB
1723,2025-03-13,16.15,16.2,16.05,16.05,9950000,TPB
1724,2025-03-14,16.05,16.15,16,16.1,10218600,TPB
1725,2025-03-17,16.15,16.45,16.05,16.35,14569500,TPB
1726,2025-03-18,16.4,16.4,16.2,16.25,5575000,TPB
1727,2025-03-19,16.25,16.3,16,16.05,17889400,TPB
1728,2025-03-20,16.05,16.1,15,15.2,80976700,TPB
1729,2025-03-21,15,15.2,14.6,14.75,38265700,TPB
