time,open,high,low,close,volume,ticker
1/2/2020,6.73,7.13,6.68,6.78,130120,TPB
1/3/2020,6.78,6.94,6.78,6.84,99170,TPB
1/6/2020,6.81,6.81,6.68,6.73,112640,TPB
1/7/2020,6.73,6.76,6.7,6.75,65060,TPB
1/8/2020,6.75,6.75,6.65,6.65,102880,TPB
1/9/2020,6.65,6.78,6.65,6.71,189800,TPB
1/10/2020,6.71,6.86,6.71,6.84,133980,TPB
1/13/2020,6.84,6.89,6.81,6.86,98460,TPB
1/14/2020,6.86,6.91,6.86,6.91,226240,TPB
1/15/2020,6.84,6.92,6.71,6.92,46350,TPB
1/16/2020,6.92,7.03,6.92,6.97,383350,TPB
1/17/2020,7.05,7.05,6.86,6.86,37830,TPB
1/20/2020,6.86,6.92,6.38,6.84,78000,TPB
1/21/2020,6.65,6.87,6.65,6.84,122920,TPB
1/22/2020,6.75,6.86,6.75,6.84,45070,TPB
1/30/2020,6.76,6.81,6.71,6.81,103000,TPB
1/31/2020,6.71,6.81,6.36,6.65,89490,TPB
2/3/2020,6.24,6.6,6.21,6.6,173210,TPB
2/4/2020,6.68,6.7,6.52,6.68,14600,TPB
2/5/2020,6.64,6.71,6.64,6.71,28510,TPB
2/6/2020,6.7,6.84,6.65,6.81,77450,TPB
2/7/2020,6.7,6.79,6.62,6.62,78430,TPB
2/10/2020,6.71,6.71,6.59,6.65,71850,TPB
2/11/2020,6.65,6.7,6.62,6.68,43150,TPB
2/12/2020,6.68,6.75,6.68,6.7,90120,TPB
2/13/2020,6.7,6.75,6.67,6.7,113750,TPB
2/14/2020,6.7,6.97,6.7,6.94,294880,TPB
2/17/2020,6.97,6.99,6.84,6.94,207270,TPB
2/18/2020,6.94,6.95,6.84,6.94,111000,TPB
2/19/2020,6.91,6.91,6.78,6.78,124780,TPB
2/20/2020,6.81,6.83,6.79,6.81,145520,TPB
2/21/2020,6.79,6.83,6.75,6.78,90300,TPB
2/24/2020,6.52,6.68,6.44,6.44,161490,TPB
2/25/2020,6.27,6.67,6.27,6.67,27270,TPB
2/26/2020,6.65,6.65,6.52,6.6,41910,TPB
2/27/2020,6.6,6.91,6.52,6.83,271110,TPB
2/28/2020,6.78,6.83,6.68,6.81,156510,TPB
3/2/2020,6.83,6.84,6.71,6.79,99240,TPB
3/3/2020,6.84,6.92,6.79,6.81,254330,TPB
3/4/2020,6.92,7.05,6.79,6.97,671700,TPB
3/5/2020,7.1,7.1,6.97,7,310620,TPB
3/6/2020,6.97,7,6.89,7,233160,TPB
3/9/2020,6.52,6.68,6.52,6.52,438780,TPB
3/10/2020,6.16,6.68,6.16,6.68,242330,TPB
3/11/2020,6.68,6.68,6.27,6.68,154120,TPB
3/12/2020,6.46,6.49,6.22,6.46,610480,TPB
3/13/2020,6.01,6.49,6.01,6.25,281610,TPB
3/16/2020,6.25,6.51,6.25,6.51,563900,TPB
3/17/2020,6.46,6.68,6.25,6.68,269620,TPB
3/18/2020,6.68,6.78,6.64,6.78,558100,TPB
3/19/2020,6.76,6.78,6.62,6.78,503440,TPB
3/20/2020,6.64,6.97,6.64,6.97,1064230,TPB
3/23/2020,6.97,6.97,6.52,6.78,763990,TPB
3/24/2020,6.84,6.99,6.68,6.99,1415010,TPB
3/25/2020,6.86,6.99,6.86,6.97,249770,TPB
3/26/2020,6.97,6.97,6.52,6.52,117490,TPB
3/27/2020,6.3,6.52,6.29,6.29,98820,TPB
3/30/2020,5.89,6.21,5.86,5.86,166320,TPB
3/31/2020,5.86,5.86,5.46,5.46,122410,TPB
4/1/2020,5.08,5.57,5.08,5.16,286720,TPB
4/3/2020,5.16,5.38,5.16,5.33,101430,TPB
4/6/2020,5.41,5.57,5.33,5.55,395510,TPB
4/7/2020,5.57,5.57,5.38,5.57,200320,TPB
4/8/2020,5.25,5.52,5.25,5.44,52310,TPB
4/9/2020,5.55,5.6,5.47,5.54,167930,TPB
4/10/2020,5.54,5.54,5.41,5.47,86670,TPB
4/13/2020,5.52,5.57,5.47,5.54,204450,TPB
4/14/2020,5.57,5.59,5.47,5.52,119710,TPB
4/15/2020,5.52,5.82,5.52,5.82,197400,TPB
4/16/2020,5.82,5.82,5.66,5.78,73710,TPB
4/17/2020,5.76,5.92,5.76,5.89,135520,TPB
4/20/2020,5.89,5.95,5.82,5.82,126480,TPB
4/21/2020,5.81,5.81,5.44,5.47,156100,TPB
4/22/2020,5.41,5.63,5.41,5.63,33200,TPB
4/23/2020,5.79,5.79,5.57,5.63,31680,TPB
4/24/2020,5.74,5.74,5.63,5.63,34280,TPB
4/27/2020,5.63,5.66,5.54,5.57,29160,TPB
4/28/2020,5.63,5.63,5.47,5.57,34610,TPB
4/29/2020,5.57,5.62,5.47,5.54,88040,TPB
5/4/2020,5.47,5.59,5.47,5.54,74680,TPB
5/5/2020,5.6,5.6,5.54,5.6,33750,TPB
5/6/2020,5.63,5.73,5.6,5.71,101950,TPB
5/7/2020,5.79,5.79,5.71,5.76,85730,TPB
5/8/2020,5.79,5.89,5.74,5.76,168160,TPB
5/11/2020,5.76,6.05,5.76,5.97,137630,TPB
5/12/2020,5.98,6.38,5.9,6.38,353420,TPB
5/13/2020,6.4,6.83,6.32,6.83,346820,TPB
5/14/2020,7.16,7.16,6.83,6.95,652330,TPB
5/15/2020,6.71,6.95,6.62,6.95,338510,TPB
5/18/2020,6.68,6.94,6.65,6.84,102210,TPB
5/19/2020,6.97,7.03,6.84,7,310870,TPB
5/20/2020,7,7,6.87,6.99,136380,TPB
5/21/2020,6.97,7,6.87,6.94,161530,TPB
5/22/2020,6.99,7,6.68,6.68,166670,TPB
5/25/2020,6.68,6.78,6.62,6.68,77950,TPB
5/26/2020,6.68,6.71,6.59,6.71,238050,TPB
5/27/2020,6.81,6.84,6.65,6.65,74930,TPB
5/28/2020,6.68,6.83,6.56,6.57,88230,TPB
5/29/2020,6.56,6.62,6.52,6.57,123320,TPB
6/1/2020,6.62,6.81,6.62,6.78,150440,TPB
6/2/2020,6.78,6.84,6.68,6.68,125520,TPB
6/3/2020,6.68,7.03,6.68,6.99,546590,TPB
6/4/2020,7,7.03,6.97,7,313230,TPB
6/5/2020,6.97,7.03,6.94,6.99,323580,TPB
6/8/2020,6.91,7,6.91,6.94,132990,TPB
6/9/2020,6.94,6.94,6.84,6.89,42790,TPB
6/10/2020,6.89,7,6.89,7,126730,TPB
6/11/2020,7,7.05,6.56,6.56,126510,TPB
6/12/2020,6.14,6.68,6.14,6.68,149330,TPB
6/15/2020,6.68,6.68,6.46,6.46,82650,TPB
6/16/2020,6.46,6.68,6.46,6.68,67860,TPB
6/17/2020,6.68,6.68,6.54,6.54,19700,TPB
6/18/2020,6.49,6.59,6.49,6.57,20140,TPB
6/19/2020,6.59,6.68,6.51,6.68,82100,TPB
6/22/2020,6.67,6.78,6.52,6.67,122470,TPB
6/23/2020,6.81,6.81,6.6,6.78,145090,TPB
6/24/2020,6.65,6.78,6.65,6.76,148580,TPB
6/25/2020,6.64,6.71,6.56,6.68,75010,TPB
6/26/2020,6.59,6.73,6.59,6.73,59750,TPB
6/29/2020,6.68,6.68,6.46,6.64,90490,TPB
6/30/2020,6.64,6.64,6.56,6.56,35420,TPB
7/1/2020,6.56,6.65,6.52,6.64,23010,TPB
7/2/2020,6.52,6.64,6.52,6.62,33440,TPB
7/3/2020,6.62,6.62,6.56,6.56,22730,TPB
7/6/2020,6.6,6.65,6.57,6.65,55120,TPB
7/7/2020,6.68,6.78,6.67,6.67,85360,TPB
7/8/2020,6.67,6.91,6.67,6.81,79230,TPB
7/9/2020,6.84,7.1,6.84,6.99,214960,TPB
7/10/2020,6.84,6.99,6.84,6.91,67580,TPB
7/13/2020,6.94,7.13,6.84,6.94,83070,TPB
7/14/2020,6.94,6.94,6.83,6.91,34430,TPB
7/15/2020,6.92,6.95,6.87,6.89,22780,TPB
7/16/2020,6.89,7.07,6.83,7.03,116430,TPB
7/17/2020,6.95,7.03,6.95,7,63130,TPB
7/20/2020,7,7,6.95,6.95,30750,TPB
7/21/2020,6.95,6.95,6.79,6.84,71650,TPB
7/22/2020,6.94,6.94,6.71,6.84,59360,TPB
7/23/2020,6.87,6.87,6.68,6.81,67290,TPB
7/24/2020,6.75,6.94,6.52,6.59,155090,TPB
7/27/2020,6.17,6.49,6.17,6.21,101280,TPB
7/28/2020,6.21,6.64,6.21,6.64,211440,TPB
7/29/2020,6.43,6.52,6.27,6.46,65230,TPB
7/30/2020,6.36,6.52,6.36,6.52,16870,TPB
7/31/2020,6.3,6.56,6.3,6.56,35190,TPB
8/3/2020,6.59,6.59,6.56,6.57,23300,TPB
8/4/2020,6.68,6.84,6.57,6.65,75210,TPB
8/5/2020,6.84,6.84,6.62,6.68,26400,TPB
8/6/2020,6.68,6.68,6.6,6.68,51960,TPB
8/7/2020,6.75,6.75,6.62,6.65,22300,TPB
8/10/2020,6.65,6.71,6.65,6.68,63600,TPB
8/11/2020,6.71,6.71,6.65,6.71,38000,TPB
8/12/2020,6.71,6.75,6.68,6.71,41650,TPB
8/13/2020,6.79,6.79,6.73,6.79,12850,TPB
8/14/2020,6.71,6.81,6.7,6.7,26190,TPB
8/17/2020,6.62,6.71,6.62,6.7,31080,TPB
8/18/2020,6.78,6.78,6.64,6.71,70860,TPB
8/19/2020,6.78,6.78,6.65,6.73,25160,TPB
8/20/2020,6.65,6.81,6.65,6.81,150390,TPB
8/21/2020,6.87,7.03,6.87,7,219380,TPB
8/24/2020,7.19,7.24,7.1,7.13,457370,TPB
8/25/2020,7.13,7.14,7.07,7.14,281750,TPB
8/26/2020,7.16,7.16,7.1,7.1,150080,TPB
8/27/2020,7.13,7.13,7,7.1,128510,TPB
8/28/2020,7.13,7.13,7.05,7.1,266980,TPB
8/31/2020,7.13,7.19,7.1,7.16,214630,TPB
9/1/2020,7.22,7.54,7.19,7.45,565870,TPB
9/3/2020,7.45,7.51,7.32,7.49,375140,TPB
9/4/2020,7.42,7.45,7.32,7.37,378370,TPB
9/7/2020,7.37,7.45,7.26,7.26,1393600,TPB
9/8/2020,7.26,7.35,7.26,7.3,1094670,TPB
9/9/2020,7.26,7.34,7.21,7.32,1336480,TPB
9/10/2020,7.34,7.42,7.32,7.4,1455720,TPB
9/11/2020,7.38,7.38,7.32,7.37,1144310,TPB
9/14/2020,7.38,7.42,7.32,7.34,1036980,TPB
9/15/2020,7.32,7.35,7.27,7.3,1276570,TPB
9/16/2020,7.32,7.34,7.27,7.3,1310010,TPB
9/17/2020,7.3,7.34,7.27,7.3,1330110,TPB
9/18/2020,7.3,7.62,7.27,7.56,2844100,TPB
9/21/2020,7.64,7.65,7.53,7.54,1445490,TPB
9/22/2020,7.51,7.8,7.51,7.61,2864060,TPB
9/23/2020,7.61,7.7,7.54,7.54,1634160,TPB
9/24/2020,7.54,7.61,7.53,7.57,1428130,TPB
9/25/2020,7.57,7.59,7.48,7.48,1447080,TPB
9/28/2020,7.48,7.64,7.48,7.54,1006930,TPB
9/29/2020,7.57,7.61,7.42,7.42,1121300,TPB
9/30/2020,7.48,7.53,7.43,7.46,2843160,TPB
10/1/2020,7.48,7.91,7.48,7.86,4408980,TPB
10/2/2020,7.92,7.99,7.67,7.91,3339580,TPB
10/5/2020,7.96,8.05,7.94,8,3570750,TPB
10/6/2020,7.99,8.12,7.91,7.99,3513190,TPB
10/7/2020,7.94,7.99,7.86,7.88,2744360,TPB
10/8/2020,7.92,7.96,7.78,7.83,1913730,TPB
10/9/2020,7.83,7.97,7.8,7.92,3478130,TPB
10/12/2020,7.99,8.02,7.89,7.89,2026030,TPB
10/13/2020,7.89,7.97,7.81,7.91,1935520,TPB
10/14/2020,7.94,8,7.89,7.96,3276270,TPB
10/15/2020,7.97,7.99,7.89,7.89,2932680,TPB
10/16/2020,7.88,8.12,7.86,7.94,3618880,TPB
10/19/2020,7.97,8.18,7.92,8.12,3684050,TPB
10/20/2020,8.15,8.24,8.08,8.16,3335700,TPB
10/21/2020,8.16,8.21,7.96,7.96,4031080,TPB
10/22/2020,7.96,8.02,7.8,8.02,2022830,TPB
10/23/2020,8.02,8.02,7.84,7.84,2178010,TPB
10/26/2020,7.84,7.91,7.64,7.64,1951470,TPB
10/27/2020,7.61,7.64,7.45,7.56,2688920,TPB
10/28/2020,7.49,7.51,7.03,7.03,1990850,TPB
10/29/2020,7.1,7.32,7.1,7.24,1949300,TPB
10/30/2020,7.29,7.35,7.13,7.26,915230,TPB
11/2/2020,7.29,7.37,7.29,7.35,1070100,TPB
11/3/2020,7.38,7.48,7.32,7.42,1578820,TPB
11/4/2020,7.48,7.54,7.43,7.53,1800080,TPB
11/5/2020,7.53,7.56,7.45,7.45,1206860,TPB
11/6/2020,7.45,7.49,7.42,7.46,921120,TPB
11/9/2020,7.49,7.8,7.49,7.8,3670230,TPB
11/10/2020,7.86,7.89,7.64,7.64,1607900,TPB
11/11/2020,7.7,7.8,7.64,7.69,1884080,TPB
11/12/2020,7.7,7.72,7.64,7.7,1254330,TPB
11/13/2020,7.75,7.78,7.69,7.73,1526510,TPB
11/16/2020,7.8,7.83,7.7,7.7,1617010,TPB
11/17/2020,7.77,7.8,7.69,7.77,1698360,TPB
11/18/2020,7.86,7.91,7.81,7.88,2058430,TPB
11/19/2020,7.89,7.92,7.84,7.86,1917270,TPB
11/20/2020,7.86,7.89,7.81,7.84,1415320,TPB
11/23/2020,7.84,7.86,7.75,7.81,1807420,TPB
11/24/2020,7.92,8.05,7.86,8.05,5979860,TPB
11/25/2020,8.12,8.13,7.99,8,1958840,TPB
11/26/2020,7.96,8.02,7.86,7.89,1995910,TPB
11/27/2020,7.91,8.12,7.89,8.12,3783720,TPB
11/30/2020,8.63,8.67,8.36,8.67,3057830,TPB
12/1/2020,8.55,8.92,8.55,8.69,2665390,TPB
12/2/2020,8.65,8.69,8.46,8.52,4206070,TPB
12/3/2020,8.5,8.52,8.4,8.44,2474760,TPB
12/4/2020,8.44,8.63,8.38,8.52,2515760,TPB
12/7/2020,8.52,8.63,8.5,8.55,1778380,TPB
12/8/2020,8.59,8.59,8.53,8.57,1964080,TPB
12/9/2020,8.57,8.75,8.55,8.73,3548360,TPB
12/10/2020,8.75,8.75,8.63,8.63,1978540,TPB
12/11/2020,8.61,8.69,8.57,8.67,1785650,TPB
12/14/2020,8.69,8.83,8.63,8.73,1913000,TPB
12/15/2020,8.73,8.73,8.63,8.63,1077470,TPB
12/16/2020,8.69,8.9,8.65,8.83,2612110,TPB
12/17/2020,8.86,9.27,8.73,9.14,3057240,TPB
12/18/2020,9.29,9.7,9.16,9.68,3473990,TPB
12/21/2020,9.99,10.34,9.99,10.34,4223670,TPB
12/22/2020,10.46,11,10.46,10.73,3622360,TPB
12/23/2020,10.65,10.89,10.11,10.3,2570550,TPB
12/24/2020,10.3,10.34,9.58,10.11,2785860,TPB
12/25/2020,9.95,10.61,9.76,10.56,4348120,TPB
12/28/2020,10.69,10.85,10.28,10.46,2166250,TPB
12/29/2020,10.3,10.46,10.23,10.3,1563460,TPB
12/30/2020,10.3,10.5,10.23,10.32,1910680,TPB
12/31/2020,10.42,10.48,10.25,10.42,1784030,TPB
1/4/2021,10.75,10.85,10.58,10.81,3721100,TPB
1/5/2021,10.85,10.96,10.73,10.79,2719500,TPB
1/6/2021,10.87,11.16,10.73,10.89,3750900,TPB
1/7/2021,10.89,11.16,10.81,11.02,3874900,TPB
1/8/2021,11.08,11.18,10.93,11.08,4106300,TPB
1/11/2021,11.08,11.18,10.89,10.96,3098700,TPB
1/12/2021,11.02,11.02,10.61,10.89,2537300,TPB
1/13/2021,10.93,10.96,10.71,10.73,4604600,TPB
1/14/2021,10.73,10.81,10.6,10.75,2198600,TPB
1/15/2021,10.89,11.43,10.85,11.16,8547500,TPB
1/18/2021,11.47,11.47,11.16,11.2,4421500,TPB
1/19/2021,11.28,11.37,10.42,10.87,4912800,TPB
1/20/2021,10.89,11,10.11,10.85,3656500,TPB
1/21/2021,10.89,11.24,10.73,11.08,3197000,TPB
1/22/2021,11,11.08,10.75,10.77,2745500,TPB
1/25/2021,10.77,10.79,10.58,10.61,1988200,TPB
1/26/2021,10.58,10.61,10.11,10.38,2712200,TPB
1/27/2021,10.11,10.34,9.68,9.76,2839900,TPB
1/28/2021,9.08,9.45,9.08,9.08,4594000,TPB
1/29/2021,8.55,9.7,8.55,9.7,3775400,TPB
2/1/2021,9.88,10.09,9.31,9.47,1379600,TPB
2/2/2021,9.47,9.91,9.33,9.84,1646100,TPB
2/3/2021,10.03,10.52,9.95,10.42,1899400,TPB
2/4/2021,10.46,10.46,9.91,10.3,1119000,TPB
2/5/2021,10.19,10.56,10.19,10.38,1117600,TPB
2/8/2021,10.38,10.46,9.72,10.19,2133900,TPB
2/9/2021,10.26,10.5,10.07,10.44,1529600,TPB
2/17/2021,10.5,10.77,10.46,10.77,1709300,TPB
2/18/2021,10.81,10.83,10.65,10.83,1481100,TPB
2/19/2021,10.77,10.85,10.69,10.77,1768000,TPB
2/22/2021,10.87,11.12,10.79,10.85,3988300,TPB
2/23/2021,10.91,10.93,10.73,10.87,2963500,TPB
2/24/2021,10.89,10.93,10.42,10.65,1909800,TPB
2/25/2021,10.65,10.69,10.5,10.63,1739500,TPB
2/26/2021,10.5,10.77,10.46,10.71,1406800,TPB
3/1/2021,10.89,10.96,10.81,10.89,3672800,TPB
3/2/2021,11.08,11.65,10.95,11.57,17188900,TPB
3/3/2021,11.63,12.05,11.55,11.57,5889600,TPB
3/4/2021,11.59,11.63,11.08,11.14,4032100,TPB
3/5/2021,10.96,11.28,10.77,11.08,6168400,TPB
3/8/2021,11.22,11.35,11.04,11.08,4699200,TPB
3/9/2021,10.96,11.2,10.81,11.04,3367100,TPB
3/10/2021,11.06,11.14,10.89,11.06,2567700,TPB
3/11/2021,11.18,11.22,11.08,11.12,5008800,TPB
3/12/2021,11.14,11.33,11.1,11.12,5823500,TPB
3/15/2021,11.16,11.28,11.14,11.16,4597200,TPB
3/16/2021,11.2,11.24,10.96,11.08,3011500,TPB
3/17/2021,11.04,11.2,10.98,11.16,3656000,TPB
3/18/2021,11.28,11.35,11.16,11.28,5781900,TPB
3/19/2021,11.28,11.37,11.14,11.24,6947000,TPB
3/22/2021,11.26,11.35,11.16,11.2,3471700,TPB
3/23/2021,11.16,11.24,10.89,11,4377900,TPB
3/24/2021,10.81,10.96,10.46,10.48,6669100,TPB
3/25/2021,10.58,10.67,10.4,10.46,5221400,TPB
3/26/2021,10.4,10.46,9.99,10.38,5041800,TPB
3/29/2021,10.5,10.65,10.44,10.65,2164500,TPB
3/30/2021,10.69,10.81,10.65,10.81,2611900,TPB
3/31/2021,10.81,10.91,10.75,10.83,2172200,TPB
4/1/2021,10.83,10.95,10.79,10.89,4129700,TPB
4/2/2021,11.08,11.2,10.96,11,3197300,TPB
4/5/2021,11.12,11.16,10.98,11.04,3468800,TPB
4/6/2021,11.02,11.04,10.89,10.95,5698500,TPB
4/7/2021,10.95,11.35,10.93,11.2,8769900,TPB
4/8/2021,11.28,11.33,11.16,11.24,4230200,TPB
4/9/2021,11.28,11.28,11.12,11.2,2837100,TPB
4/12/2021,11.31,11.33,11.2,11.33,7405300,TPB
4/13/2021,11.41,11.94,11.39,11.51,13381000,TPB
4/14/2021,11.45,11.57,11.28,11.53,4211400,TPB
4/15/2021,11.55,11.55,11.2,11.2,5927900,TPB
4/16/2021,11.04,11.08,10.67,10.77,9357800,TPB
4/19/2021,10.89,11,10.65,11,4273500,TPB
4/20/2021,11.06,11.1,10.75,10.81,4568500,TPB
4/22/2021,10.81,11.06,10.5,10.5,4524000,TPB
4/23/2021,10.69,10.89,10.42,10.89,3974200,TPB
4/26/2021,10.89,10.89,10.54,10.56,2466600,TPB
4/27/2021,10.56,10.67,10.46,10.54,1963700,TPB
4/28/2021,10.5,10.67,10.46,10.6,2403800,TPB
4/29/2021,10.67,10.81,10.58,10.65,6020100,TPB
5/4/2021,10.48,10.89,10.46,10.89,4210300,TPB
5/5/2021,10.95,11.2,10.91,11.14,5462800,TPB
5/6/2021,11.06,11.24,10.93,10.95,3732900,TPB
5/7/2021,10.89,11.49,10.85,11.31,11689700,TPB
5/10/2021,11.31,12.09,11.28,12.09,14127900,TPB
5/11/2021,12.29,12.52,12.05,12.05,9406500,TPB
5/12/2021,11.98,12.42,11.9,12.42,7670600,TPB
5/13/2021,12.44,12.64,12.25,12.25,8058500,TPB
5/14/2021,12.36,12.52,12.25,12.42,7273700,TPB
5/17/2021,12.48,12.79,12.48,12.68,6851800,TPB
5/18/2021,12.68,12.68,12.29,12.48,6628100,TPB
5/19/2021,12.48,12.79,12.48,12.79,6049900,TPB
5/20/2021,12.83,13.04,12.77,12.83,6273700,TPB
5/21/2021,12.83,13.03,12.69,12.83,6207600,TPB
5/24/2021,12.83,13.03,12.68,12.97,7400000,TPB
5/25/2021,13.06,13.74,13.04,13.65,6027300,TPB
5/26/2021,13.67,14,13.65,13.98,7918500,TPB
5/27/2021,13.92,14,13.41,13.65,7594100,TPB
5/28/2021,13.65,14.04,13.55,14.04,6656000,TPB
5/31/2021,14.04,14.58,14.04,14.56,3844900,TPB
6/1/2021,15.01,15.01,14.56,14.7,6046600,TPB
6/2/2021,14.39,14.64,14.23,14.46,5058600,TPB
6/3/2021,14.56,14.89,14.46,14.87,5342100,TPB
6/4/2021,14.78,15.9,14.58,15.16,4796400,TPB
6/7/2021,14.78,15.09,14.19,14.46,5115100,TPB
6/8/2021,14.39,14.58,13.45,13.61,5103800,TPB
6/9/2021,13.61,14.15,13.22,13.96,5857500,TPB
6/10/2021,14.19,14.35,13.71,13.71,3283700,TPB
6/11/2021,13.8,14.39,13.71,14.23,5631100,TPB
6/14/2021,14.39,14.39,13.92,14.11,3289600,TPB
6/15/2021,14.11,14.19,13.8,14,3629500,TPB
6/16/2021,13.8,14.23,13.61,13.84,5993800,TPB
6/17/2021,13.61,14,13.49,13.76,3953600,TPB
6/18/2021,13.92,13.98,13.78,13.8,2732200,TPB
6/21/2021,13.94,14.04,13.69,13.71,3684200,TPB
6/22/2021,13.71,14,13.69,13.78,3665200,TPB
6/23/2021,13.96,14.02,13.82,13.9,2609800,TPB
6/24/2021,14,14.04,13.78,13.86,2873600,TPB
6/25/2021,13.86,13.96,13.71,13.96,2778100,TPB
6/28/2021,14.11,14.64,13.92,14.64,11082500,TPB
6/29/2021,14.78,14.78,14.35,14.5,4886800,TPB
6/30/2021,14.46,14.54,14.27,14.29,2831800,TPB
7/1/2021,14.31,14.46,14.06,14.46,5441400,TPB
7/2/2021,14.62,14.74,14.46,14.68,5091100,TPB
7/5/2021,14.79,15.28,14.72,15.28,8382000,TPB
7/6/2021,15.28,15.36,14.21,14.21,8022400,TPB
7/7/2021,14.35,14.7,13.84,14.58,5701400,TPB
7/8/2021,14.56,15.12,14.46,14.68,5774600,TPB
7/9/2021,14.54,14.93,14,14.39,4759000,TPB
7/12/2021,14.39,14.39,13.39,13.63,7554300,TPB
7/13/2021,13.8,13.86,13.22,13.53,3263000,TPB
7/14/2021,13.49,13.61,12.79,12.83,5212700,TPB
7/15/2021,12.83,13.39,12.68,13.1,3272200,TPB
7/16/2021,13.34,13.38,13.14,13.18,1930300,TPB
7/19/2021,12.91,12.91,12.27,12.27,5202600,TPB
7/20/2021,12.36,12.83,12.21,12.83,7650000,TPB
7/21/2021,12.91,13.03,12.79,12.87,5750900,TPB
7/22/2021,12.87,13.16,12.71,13.16,6179900,TPB
7/23/2021,12.95,13.12,12.83,12.83,6293200,TPB
7/26/2021,12.64,13.01,12.62,12.79,7083400,TPB
7/27/2021,12.99,13.34,12.91,13.26,9483900,TPB
7/28/2021,13.18,13.49,13.14,13.3,5651400,TPB
7/29/2021,13.36,13.61,13.36,13.49,7422900,TPB
7/30/2021,13.61,13.73,13.49,13.61,5460700,TPB
8/2/2021,13.49,13.65,13.39,13.39,6590300,TPB
8/3/2021,13.41,13.55,13.26,13.43,3921100,TPB
8/4/2021,13.49,13.88,13.47,13.65,9425000,TPB
8/5/2021,13.8,13.96,13.65,13.96,4879300,TPB
8/6/2021,14.04,14.11,13.78,13.8,3867300,TPB
8/9/2021,13.73,13.96,13.59,13.96,3632200,TPB
8/10/2021,14.08,14.08,13.76,14,3413600,TPB
8/11/2021,14.08,14.58,13.92,14.39,13559700,TPB
8/12/2021,14.35,14.43,14.15,14.15,3106500,TPB
8/13/2021,13.84,14.19,13.84,14.15,3475900,TPB
8/16/2021,14.15,14.48,14,14.43,6804300,TPB
8/17/2021,14.72,14.72,14.39,14.52,4819100,TPB
8/18/2021,14.5,14.62,14.39,14.48,2954100,TPB
8/19/2021,14.41,14.43,14.17,14.27,3203000,TPB
8/20/2021,14.27,14.27,13.3,13.61,6442500,TPB
8/23/2021,13.45,13.69,13.14,13.14,4981600,TPB
8/24/2021,13.12,13.3,13.06,13.24,3121900,TPB
8/25/2021,13.24,13.57,13.06,13.57,3063600,TPB
8/26/2021,13.61,13.67,13.26,13.26,3452600,TPB
8/27/2021,13.08,13.51,13.01,13.22,2387500,TPB
8/30/2021,13.34,13.55,13.2,13.47,2214900,TPB
8/31/2021,13.49,13.61,13.22,13.26,1914500,TPB
9/1/2021,13.22,13.41,13.18,13.3,2358900,TPB
9/6/2021,13.55,13.69,13.36,13.53,4847800,TPB
9/7/2021,13.57,14.19,13.53,14.15,11320500,TPB
9/8/2021,14.19,14.37,14,14.04,6472700,TPB
9/9/2021,14.04,14.74,13.94,14.7,12528300,TPB
9/10/2021,14.78,14.97,14.54,14.54,7832100,TPB
9/13/2021,14.58,15.05,14.5,14.81,6969300,TPB
9/14/2021,14.62,14.93,14.6,14.62,6127000,TPB
9/15/2021,14.58,14.97,14.39,14.87,6953500,TPB
9/16/2021,14.97,15.28,14.85,15.03,5226100,TPB
9/17/2021,15.09,15.86,15.01,15.86,11835000,TPB
9/20/2021,15.94,16.25,15.36,15.59,8941100,TPB
9/21/2021,15.4,15.71,15.36,15.55,6615400,TPB
9/22/2021,15.67,15.67,15.28,15.59,4172000,TPB
9/23/2021,15.73,16.33,15.4,16.16,17971500,TPB
9/24/2021,16.21,16.37,16.06,16.17,9113500,TPB
9/27/2021,16.21,16.21,15.55,15.55,6183100,TPB
9/28/2021,15.36,15.82,15.2,15.82,5440500,TPB
9/29/2021,15.67,16.14,15.67,16.1,8107000,TPB
9/30/2021,15.98,16.27,15.98,16.17,6327900,TPB
10/1/2021,16.27,16.6,16.12,16.56,14912000,TPB
10/4/2021,16.64,16.68,16.14,16.33,13232300,TPB
10/5/2021,16.45,16.56,16.17,16.52,9289100,TPB
10/6/2021,16.52,16.78,16.29,16.45,8403600,TPB
10/7/2021,16.51,16.51,16.25,16.33,4681500,TPB
10/8/2021,16.6,16.6,16.25,16.39,3133300,TPB
10/11/2021,16.37,16.76,16.35,16.76,4961600,TPB
10/12/2021,16.8,16.84,16.6,16.6,1868600,TPB
10/13/2021,16.52,16.64,16.45,16.49,2308600,TPB
10/14/2021,16.41,16.58,16.33,16.45,3529900,TPB
10/15/2021,16.56,16.99,16.54,16.93,8141800,TPB
10/18/2021,17.03,17.22,16.97,17.11,5380700,TPB
10/19/2021,17.07,17.21,16.84,17.07,1757300,TPB
10/20/2021,17.3,17.3,16.95,17.15,3448400,TPB
10/21/2021,17.09,17.28,16.99,16.99,3518900,TPB
10/22/2021,17.01,17.11,16.76,16.8,2608400,TPB
10/25/2021,16.8,16.87,16.33,16.33,3636400,TPB
10/26/2021,16.29,16.54,16.21,16.52,2109700,TPB
10/27/2021,16.7,16.91,16.52,16.84,1765600,TPB
10/28/2021,16.91,17.3,16.91,17.26,5366700,TPB
10/29/2021,17.26,17.48,17.09,17.44,4835600,TPB
11/1/2021,17.44,17.44,16.68,16.87,3171500,TPB
11/2/2021,16.91,17.19,16.87,17.03,4763800,TPB
11/3/2021,17.03,17.36,16.99,17.19,4896100,TPB
11/4/2021,17.19,17.21,16.97,17.01,2000700,TPB
11/5/2021,17.15,17.17,16.8,16.91,2881900,TPB
11/8/2021,17.05,17.13,16.99,17.03,4557700,TPB
11/9/2021,17.11,17.11,16.8,16.87,2345100,TPB
11/10/2021,16.8,17.11,16.74,17.11,1869200,TPB
11/11/2021,17.11,17.15,16.64,16.72,2416900,TPB
11/12/2021,16.76,17.03,16.6,16.91,1388100,TPB
11/15/2021,17.19,17.19,16.91,17.09,2505800,TPB
11/16/2021,17.11,17.19,16.99,16.99,2533500,TPB
11/17/2021,17.11,17.11,16.8,16.82,1572000,TPB
11/18/2021,16.78,16.84,16.7,16.7,2206300,TPB
11/19/2021,16.68,17.3,16.66,16.91,3155700,TPB
11/22/2021,17.11,18.08,16.91,18.08,10239600,TPB
11/23/2021,18.47,18.94,18.08,18.94,7755400,TPB
11/24/2021,18.94,19.38,18.55,19.09,7302100,TPB
11/25/2021,19.25,19.25,18.72,19.13,4304700,TPB
11/26/2021,19.09,19.13,18.47,18.47,3319200,TPB
11/29/2021,18.08,18.66,18.08,18.35,2410200,TPB
11/30/2021,18.62,18.62,17.3,17.54,6316500,TPB
12/1/2021,17.5,18.76,17.42,18.76,5480300,TPB
12/2/2021,18.68,19.4,18.68,18.82,5754000,TPB
12/3/2021,19.01,19.05,18.27,18.27,3624400,TPB
12/6/2021,18.12,18.59,17.5,18.27,4309000,TPB
12/7/2021,18.43,18.86,18.1,18.59,2257700,TPB
12/8/2021,18.7,19.87,18.7,19.87,9186000,TPB
12/9/2021,19.87,20.22,19.6,19.91,2544400,TPB
12/10/2021,19.91,20.8,19.75,20.22,8180500,TPB
12/13/2021,20.22,20.37,19.44,19.64,4682900,TPB
12/14/2021,19.44,19.95,19.25,19.64,2339500,TPB
12/15/2021,19.67,20.49,19.4,20.22,4599700,TPB
12/16/2021,20.49,20.49,19.91,19.91,4016000,TPB
12/17/2021,19.99,20.02,19.6,19.95,4365800,TPB
12/20/2021,20.47,21,20.31,20.89,8238900,TPB
12/21/2021,20.73,20.79,20.21,20.37,3634600,TPB
12/22/2021,20.21,20.73,19.89,19.95,5929700,TPB
12/23/2021,19.95,20.26,18.74,19.26,4598100,TPB
12/24/2021,19.21,20.6,19.13,20.6,7855000,TPB
12/27/2021,20.79,21.84,20.58,21.39,9038200,TPB
12/28/2021,21.26,22.15,21,22.07,8593600,TPB
12/29/2021,22.07,22.28,21.6,21.71,5365300,TPB
12/30/2021,21.6,21.73,21.29,21.39,3226200,TPB
12/31/2021,21.52,22.23,21.52,21.55,3726100,TPB
1/4/2022,21.78,22.7,21.68,22.44,11034900,TPB
1/5/2022,22.31,22.44,21.99,22.05,3828100,TPB
1/6/2022,21.68,22.57,21.68,22.05,5190400,TPB
1/7/2022,21.97,22.26,21.52,21.52,4150700,TPB
1/10/2022,21.52,22.02,21.23,21.23,4219100,TPB
1/11/2022,21.21,21.78,21,21.1,4830300,TPB
1/12/2022,21.1,22.57,21,22.57,18620300,TPB
1/13/2022,22.73,23.1,22.1,22.13,17622800,TPB
1/14/2022,21.89,22.34,21.84,21.99,5566400,TPB
1/17/2022,21.84,22.15,21.1,21.1,9068700,TPB
1/18/2022,20.79,21.13,20.34,20.42,9953400,TPB
1/19/2022,20.26,21.15,20.26,20.63,6653400,TPB
1/20/2022,20.63,21.18,20.6,20.79,7434600,TPB
1/21/2022,20.81,21.52,20.81,21,8225000,TPB
1/24/2022,21,21.26,19.53,19.82,6820100,TPB
1/25/2022,19.79,21,19.79,20.87,8957900,TPB
1/26/2022,21,21.29,20.58,20.58,10946400,TPB
1/27/2022,20.68,21.26,20.58,21.1,7264800,TPB
1/28/2022,21.08,22.2,21,22.02,15526500,TPB
2/7/2022,22.2,22.36,21.68,21.89,5806800,TPB
2/8/2022,21.97,22.26,21.68,22.05,5776900,TPB
2/9/2022,21.99,22.23,21.73,21.78,5316900,TPB
2/10/2022,21.94,21.94,21.42,21.63,3954300,TPB
2/11/2022,21.52,22.55,21.42,22.49,15984500,TPB
2/14/2022,22.05,22.49,21,21,7405700,TPB
2/15/2022,21.52,21.55,21.1,21.39,3153900,TPB
2/16/2022,21.5,21.57,21.18,21.21,2879600,TPB
2/17/2022,21.21,21.6,21.15,21.6,3081100,TPB
2/18/2022,21.26,21.63,21.26,21.42,3759900,TPB
2/21/2022,21.26,21.47,21.05,21.47,3924200,TPB
2/22/2022,21.29,21.78,21.21,21.78,8309400,TPB
2/23/2022,21.78,22.68,21.76,22.36,16076300,TPB
2/24/2022,22.05,22.26,21.15,21.65,4957200,TPB
2/25/2022,21.89,22.44,21.68,22.02,10795200,TPB
2/28/2022,21.94,22.31,21.52,22.18,5548200,TPB
3/1/2022,22.15,22.68,21.99,22.47,11884800,TPB
3/2/2022,22.28,22.73,21.57,21.76,8271600,TPB
3/3/2022,21.84,22.18,21.57,21.78,4590700,TPB
3/4/2022,21.57,21.92,21.26,21.39,5107000,TPB
3/7/2022,21.21,21.23,20.21,20.47,10005000,TPB
3/8/2022,20.37,21,20.13,20.37,5092700,TPB
3/9/2022,20.39,20.66,20.37,20.37,2653800,TPB
3/10/2022,20.89,20.89,20.45,20.47,2043100,TPB
3/11/2022,20.31,20.73,20.24,20.29,2509400,TPB
3/14/2022,20.21,20.73,20.21,20.58,2160600,TPB
3/15/2022,20.58,21.15,20.52,20.94,8713700,TPB
3/16/2022,20.97,21.21,20.81,20.87,2937800,TPB
3/17/2022,21.02,21.21,20.79,20.79,3131300,TPB
3/18/2022,20.94,21,20.71,20.73,1622300,TPB
3/21/2022,20.76,21.15,20.76,20.94,3849800,TPB
3/22/2022,20.94,21.47,20.92,21.26,6367200,TPB
3/23/2022,21.26,21.55,21,21.02,4207000,TPB
3/24/2022,21.02,21.13,20.89,21.05,2951000,TPB
3/25/2022,21.31,21.31,20.94,20.94,2187700,TPB
3/28/2022,20.92,21.1,20.39,20.71,2993800,TPB
3/29/2022,20.71,21.26,20.71,21.15,4909800,TPB
3/30/2022,21.15,21.5,20.89,21,5350100,TPB
3/31/2022,21.15,21.42,21.05,21.08,2433800,TPB
4/1/2022,21.08,21.81,21,21.65,11121000,TPB
4/4/2022,21.89,21.94,21.57,21.65,6600400,TPB
4/5/2022,21.52,21.81,21.36,21.42,4682200,TPB
4/6/2022,21.36,21.73,21.1,21.6,6695600,TPB
4/7/2022,21.71,21.89,21.36,21.52,8696600,TPB
4/8/2022,21.47,21.63,21.1,21.1,3486300,TPB
4/12/2022,21.15,21.23,19.97,19.97,3022200,TPB
4/13/2022,20.29,21.1,19.97,21,5941400,TPB
4/14/2022,21,21,20.47,20.5,2541800,TPB
4/15/2022,20.52,20.63,19.61,19.61,5117800,TPB
4/18/2022,19.84,20.1,19.42,19.89,3139300,TPB
4/19/2022,19.89,20,19,19,1927100,TPB
4/20/2022,19.32,19.47,18.64,18.64,3759500,TPB
4/21/2022,18.69,19.05,17.9,18.27,3722600,TPB
4/22/2022,18.4,18.9,18.27,18.48,2544600,TPB
4/25/2022,18.53,18.74,17.19,18.11,3408500,TPB
4/26/2022,17.85,18.4,17.01,18.35,3801700,TPB
4/27/2022,18.35,18.37,17.56,18.27,2244300,TPB
4/28/2022,18.32,18.32,17.64,17.64,1822600,TPB
4/29/2022,17.64,18.08,17.43,17.64,3022600,TPB
5/4/2022,17.64,17.69,16.8,16.8,1643600,TPB
5/5/2022,17.06,17.95,17.06,17.95,7805500,TPB
5/6/2022,17.64,18.08,17.45,17.64,2046700,TPB
5/9/2022,17.22,17.77,16.48,16.59,2197900,TPB
5/10/2022,16.27,17.64,16.01,17.48,5931000,TPB
5/11/2022,17.48,17.56,16.69,17.56,3606600,TPB
5/12/2022,17.32,17.48,16.35,16.59,2322400,TPB
5/13/2022,16.8,16.8,15.43,15.75,3558200,TPB
5/16/2022,16.27,16.59,15.85,16.27,2422200,TPB
5/17/2022,16.27,17.35,16.01,17.32,3919900,TPB
5/18/2022,17.38,17.9,16.9,16.9,3950000,TPB
5/19/2022,16.51,16.88,16.14,16.35,1963400,TPB
5/20/2022,16.75,16.9,16.38,16.48,2095800,TPB
5/23/2022,16.75,16.85,15.7,15.75,2555000,TPB
5/24/2022,15.85,16.25,15.85,16.22,1674200,TPB
5/25/2022,16.25,16.8,16.22,16.75,4540800,TPB
5/26/2022,16.75,16.77,16.51,16.59,1314300,TPB
5/27/2022,16.59,17.22,16.54,16.96,4877200,TPB
5/30/2022,17.01,17.38,16.88,17.32,5396700,TPB
5/31/2022,17.32,17.35,16.98,16.98,2721700,TPB
6/1/2022,16.88,17.17,16.54,16.8,1734700,TPB
6/2/2022,16.8,16.8,16.38,16.8,3017400,TPB
6/3/2022,16.67,16.8,16.38,16.72,1206700,TPB
6/6/2022,16.69,16.72,15.91,16.12,2785800,TPB
6/7/2022,16.12,16.12,15.49,15.54,2127800,TPB
6/8/2022,15.59,16.27,15.59,15.88,3549200,TPB
6/9/2022,15.88,15.93,15.75,15.77,1929100,TPB
6/10/2022,15.7,16.06,15.59,15.59,1371900,TPB
6/13/2022,15.33,15.33,14.51,14.51,3791000,TPB
6/14/2022,14.44,14.44,13.65,13.91,4019300,TPB
6/15/2022,13.91,14.02,13.02,13.94,3493100,TPB
6/16/2022,14.02,14.28,13.78,14.07,2916700,TPB
6/17/2022,13.65,13.86,13.12,13.39,3209900,TPB
6/20/2022,13.36,13.73,13.15,13.15,3691400,TPB
6/21/2022,13.1,13.75,13.1,13.46,3071400,TPB
6/22/2022,13.46,13.91,13.46,13.75,1667200,TPB
6/23/2022,13.75,13.91,13.49,13.91,1838200,TPB
6/24/2022,13.91,13.99,13.65,13.65,906300,TPB
6/27/2022,13.65,14.25,13.65,14.02,1953200,TPB
6/28/2022,14.38,14.7,14.15,14.49,2059500,TPB
6/29/2022,14.23,14.86,14.23,14.38,1929300,TPB
6/30/2022,14.28,14.7,14.25,14.25,1757700,TPB
7/1/2022,14.25,14.49,13.86,14.33,898800,TPB
7/4/2022,14.33,14.59,14.28,14.33,575300,TPB
7/5/2022,14.44,14.67,14.2,14.44,2314300,TPB
7/6/2022,14.33,14.59,13.86,14.15,1497300,TPB
7/7/2022,14.02,14.51,14.02,14.41,1466500,TPB
7/8/2022,14.44,14.62,14.17,14.23,1153300,TPB
7/11/2022,14.17,14.23,13.65,13.65,1301000,TPB
7/12/2022,13.67,14.04,13.67,14.02,629500,TPB
7/13/2022,14.02,14.44,13.67,13.99,1522200,TPB
7/14/2022,13.94,14.2,13.91,14.12,678000,TPB
7/15/2022,14.17,14.44,14.17,14.23,1418200,TPB
7/18/2022,14.36,14.44,14.25,14.3,1343100,TPB
7/19/2022,14.33,14.33,14.04,14.25,807800,TPB
7/20/2022,14.44,14.96,14.28,14.93,3076300,TPB
7/21/2022,14.99,15.04,14.72,14.86,2614000,TPB
7/22/2022,14.86,15.04,14.67,14.72,2447800,TPB
7/25/2022,14.46,14.65,14.33,14.38,1365400,TPB
7/26/2022,14.44,14.49,14.17,14.17,1261300,TPB
7/27/2022,14.17,14.23,13.91,14.15,1623200,TPB
7/28/2022,14.2,14.59,14.2,14.28,2373300,TPB
7/29/2022,14.49,14.49,13.96,13.96,3021600,TPB
8/1/2022,14.23,14.41,14.2,14.3,1942000,TPB
8/2/2022,14.33,14.59,14.33,14.51,2302300,TPB
8/3/2022,14.44,14.75,14.33,14.7,2573400,TPB
8/4/2022,14.96,15.33,14.83,15.12,5311300,TPB
8/5/2022,15.17,15.33,14.96,15.12,1921300,TPB
8/8/2022,15.09,15.3,14.88,14.99,2285100,TPB
8/9/2022,15.2,15.2,14.91,15.01,2334000,TPB
8/10/2022,15.07,15.07,14.83,14.86,1904100,TPB
8/11/2022,15.04,15.28,14.83,14.96,2561900,TPB
8/12/2022,15.04,15.04,14.88,15.01,1013100,TPB
8/15/2022,15.2,15.38,15.07,15.2,3271800,TPB
8/16/2022,15.22,15.25,15.09,15.14,1398100,TPB
8/17/2022,15.14,15.2,15.07,15.07,1323000,TPB
8/18/2022,15.07,15.12,14.86,15.07,2094800,TPB
8/19/2022,15.12,15.12,14.86,14.91,1464800,TPB
8/22/2022,14.83,14.86,14.57,14.65,1455600,TPB
8/23/2022,14.44,14.7,14.44,14.7,1225800,TPB
8/24/2022,14.7,14.83,14.67,14.75,1183300,TPB
8/25/2022,14.93,15.17,14.78,15.12,1687100,TPB
8/26/2022,15.14,15.17,14.88,14.91,1359300,TPB
8/29/2022,14.7,14.75,14.23,14.54,2031300,TPB
8/30/2022,14.7,14.8,14.54,14.65,821500,TPB
8/31/2022,14.65,14.78,14.46,14.7,585300,TPB
9/5/2022,14.96,14.96,14.57,14.7,1827200,TPB
9/6/2022,14.78,14.78,14.51,14.7,1348000,TPB
9/7/2022,14.59,14.65,14.33,14.33,1754000,TPB
9/8/2022,14.36,14.38,14.12,14.12,1410600,TPB
9/9/2022,14.33,14.33,13.96,14.17,935700,TPB
9/12/2022,14.17,14.23,14.07,14.15,828599,TPB
9/13/2022,14.23,14.23,14.04,14.09,773332,TPB
9/14/2022,13.91,14.07,13.78,13.94,956169,TPB
9/15/2022,13.99,14.36,13.91,13.94,800110,TPB
9/16/2022,13.91,14.09,13.81,13.81,867879,TPB
9/19/2022,13.81,13.81,12.97,13.12,1440519,TPB
9/20/2022,13.33,13.33,13.07,13.33,891679,TPB
9/21/2022,13.12,13.33,13.12,13.25,676786,TPB
9/22/2022,13.12,13.31,13.02,13.31,605778,TPB
9/23/2022,13.31,13.33,13.12,13.15,1060462,TPB
9/26/2022,12.97,13.07,12.44,13.07,1899725,TPB
9/27/2022,13.02,13.07,12.6,13.07,1142409,TPB
9/28/2022,12.73,12.99,12.34,12.94,1534557,TPB
9/29/2022,12.97,13.12,12.7,12.97,983968,TPB
9/30/2022,12.86,13.18,12.57,13.12,2075563,TPB
10/3/2022,13.18,13.18,12.28,12.52,1604080,TPB
10/4/2022,12.55,12.81,12.47,12.49,959173,TPB
10/5/2022,12.6,12.68,12.47,12.6,1213932,TPB
10/6/2022,12.55,12.7,12.07,12.6,3201701,TPB
10/7/2022,12.1,12.15,11.73,11.73,2060296,TPB
10/10/2022,10.92,11.39,10.92,10.92,2389500,TPB
10/11/2022,10.16,10.5,10.16,10.16,8999630,TPB
10/12/2022,9.61,10.76,9.61,10.76,4643791,TPB
10/13/2022,10.76,10.81,10.34,10.81,3781791,TPB
10/14/2022,11,11.05,10.66,10.81,2178844,TPB
10/17/2022,10.55,10.81,10.18,10.81,4157867,TPB
10/18/2022,10.87,11,10.71,10.81,2525246,TPB
10/19/2022,10.87,10.87,10.52,10.79,1715823,TPB
10/20/2022,10.66,10.84,10.5,10.81,1713554,TPB
10/21/2022,10.81,10.92,10.16,10.55,2779325,TPB
10/24/2022,10.55,10.58,9.82,10.58,3262389,TPB
10/25/2022,10.34,10.84,10.13,10.58,3235196,TPB
10/26/2022,10.6,10.73,10.39,10.5,1129662,TPB
10/27/2022,10.47,11.02,10.42,11.02,4337901,TPB
10/28/2022,11.13,11.29,10.84,10.94,2785626,TPB
10/31/2022,11.02,11.02,10.66,10.87,2828416,TPB
11/1/2022,11.02,11.6,10.97,11.44,5885447,TPB
11/2/2022,11.44,11.81,11.31,11.31,4003267,TPB
11/3/2022,11.21,11.6,10.94,11.15,3799603,TPB
11/4/2022,11.02,11.18,10.39,11.18,7373867,TPB
11/7/2022,11.26,11.26,10.5,10.55,2522145,TPB
11/8/2022,10.34,10.87,10.24,10.76,4239349,TPB
11/9/2022,10.87,11.02,10.55,10.6,2800095,TPB
11/10/2022,10.52,10.55,9.97,10.45,2993920,TPB
11/11/2022,10.76,10.76,10.08,10.45,3738739,TPB
11/14/2022,10.24,10.37,10,10.34,3213445,TPB
11/15/2022,10.18,10.45,9.63,10.45,5347443,TPB
11/16/2022,9.84,11.02,9.76,10.94,5538959,TPB
11/17/2022,11.18,11.29,10.73,10.94,5230443,TPB
11/18/2022,10.81,10.97,10.58,10.81,2041765,TPB
11/21/2022,10.87,10.87,10.5,10.81,3200388,TPB
11/22/2022,10.76,11.13,10.58,10.84,5490108,TPB
11/23/2022,10.68,10.92,10.45,10.5,2889847,TPB
11/24/2022,10.55,10.63,10.08,10.5,4812983,TPB
11/25/2022,10.6,10.68,10.37,10.66,3035692,TPB
11/28/2022,10.76,11.18,10.52,11.02,12704595,TPB
11/29/2022,11.18,11.34,10.87,11.29,9287703,TPB
11/30/2022,11.39,11.81,10.94,11.55,12994213,TPB
12/1/2022,11.73,11.94,11.34,11.44,15160792,TPB
12/2/2022,11.29,11.97,11.13,11.97,8250994,TPB
12/5/2022,12.18,12.6,12.05,12.15,16151858,TPB
12/6/2022,12.07,12.15,11.34,11.34,11607702,TPB
12/7/2022,11.29,11.44,10.89,11,8894207,TPB
12/8/2022,11.21,11.76,10.92,11.55,20800040,TPB
12/9/2022,11.65,12.07,11.44,11.81,13275657,TPB
12/12/2022,11.94,12.18,11.71,12.02,14482587,TPB
12/13/2022,11.86,12.07,11.81,12.07,9695859,TPB
12/14/2022,12.28,12.28,11.86,11.97,5662958,TPB
12/15/2022,11.89,12.39,11.81,12.07,13101154,TPB
12/16/2022,11.94,12.36,11.81,12.07,4769891,TPB
12/19/2022,12.05,12.23,11.81,11.81,7145498,TPB
12/20/2022,11.78,11.78,11.15,11.55,9975295,TPB
12/21/2022,11.68,11.76,11.26,11.34,3514365,TPB
12/22/2022,11.5,11.81,11.34,11.73,6223963,TPB
12/23/2022,11.76,11.76,11.47,11.55,2280883,TPB
12/26/2022,11.47,11.6,10.81,11.02,3118194,TPB
12/27/2022,10.79,11.18,10.79,11.05,2796949,TPB
12/28/2022,11.05,11.26,10.84,11.23,2828431,TPB
12/29/2022,11.29,11.31,11.13,11.23,3162508,TPB
12/30/2022,11.31,11.31,11.05,11.05,3246447,TPB
1/3/2023,11.05,11.5,11.05,11.5,2333350,TPB
1/4/2023,11.63,11.73,11.36,11.55,4383781,TPB
1/5/2023,11.55,11.97,11.47,11.84,7504260,TPB
1/6/2023,11.84,12.13,11.71,11.81,5806560,TPB
1/9/2023,11.84,12.05,11.71,11.81,4156802,TPB
1/10/2023,11.97,11.97,11.71,11.81,2905092,TPB
1/11/2023,11.76,11.99,11.73,11.78,5230431,TPB
1/12/2023,11.86,11.86,11.68,11.76,2067274,TPB
1/13/2023,11.81,11.84,11.65,11.76,4921044,TPB
1/16/2023,11.76,11.81,11.55,11.55,2963120,TPB
1/17/2023,11.65,12.07,11.6,12.07,13157017,TPB
1/18/2023,12.1,12.49,12.1,12.39,10093531,TPB
1/19/2023,12.28,12.68,12.2,12.6,13449205,TPB
1/27/2023,12.76,13.02,12.6,12.86,12822815,TPB
1/30/2023,12.86,12.86,12.49,12.55,8373452,TPB
1/31/2023,12.57,13.12,12.31,13.12,16662021,TPB
2/1/2023,13.12,13.33,12.23,12.44,14497938,TPB
2/2/2023,12.49,12.65,12.34,12.55,8034481,TPB
2/3/2023,12.6,12.6,12.36,12.6,5938923,TPB
2/6/2023,12.49,12.7,12.47,12.65,4564035,TPB
2/7/2023,12.7,13.1,12.62,12.81,17626114,TPB
2/8/2023,13.07,13.07,12.81,12.91,6008968,TPB
2/9/2023,12.86,13.2,12.73,12.73,10388630,TPB
2/10/2023,12.73,12.86,12.36,12.36,4093777,TPB
2/13/2023,12.36,12.44,11.94,12.07,4327415,TPB
2/14/2023,12.28,12.39,12.23,12.34,2690267,TPB
2/15/2023,12.36,12.78,12.31,12.49,6781877,TPB
2/16/2023,12.55,12.6,12.41,12.6,3655695,TPB
2/17/2023,12.65,12.65,12.44,12.52,4452854,TPB
2/20/2023,12.52,12.91,12.49,12.91,8702102,TPB
2/21/2023,12.97,13.18,12.76,13.02,11405901,TPB
2/22/2023,12.86,12.91,12.36,12.36,4054871,TPB
2/23/2023,12.44,12.6,12.23,12.6,4540521,TPB
2/24/2023,12.6,12.7,12.34,12.34,2353336,TPB
2/27/2023,12.23,12.39,12.1,12.2,3120503,TPB
2/28/2023,12.28,12.39,12.23,12.23,2093625,TPB
3/1/2023,12.2,12.65,12.13,12.6,4259498,TPB
3/2/2023,12.6,12.7,12.49,12.49,2697318,TPB
3/3/2023,12.49,12.62,12.28,12.28,2869690,TPB
3/6/2023,12.39,12.57,12.31,12.31,2322691,TPB
3/7/2023,12.44,12.49,12.28,12.34,1779033,TPB
3/8/2023,12.28,12.6,12.23,12.57,5406304,TPB
3/9/2023,12.6,12.89,12.55,12.86,7713211,TPB
3/10/2023,12.7,12.83,12.55,12.6,2711834,TPB
3/13/2023,12.44,12.91,12.41,12.76,6635979,TPB
3/14/2023,12.83,12.83,12.52,12.7,6715992,TPB
3/15/2023,12.91,13.18,12.76,12.94,9041560,TPB
3/16/2023,12.89,13.07,12.78,12.94,3008474,TPB
3/17/2023,12.94,13.39,12.94,13.28,10698140,TPB
3/20/2023,13.28,13.28,12.58,12.58,3895355,TPB
3/21/2023,12.7,12.79,12.49,12.58,2205946,TPB
3/22/2023,12.64,12.9,12.64,12.7,3282085,TPB
3/23/2023,12.7,12.9,12.64,12.84,2587221,TPB
3/24/2023,12.84,12.93,12.76,12.81,2493617,TPB
3/27/2023,12.84,12.96,12.76,12.76,2417223,TPB
3/28/2023,12.81,12.93,12.73,12.73,2008291,TPB
3/29/2023,12.81,12.81,12.67,12.76,1441375,TPB
3/30/2023,12.81,12.93,12.76,12.9,2721464,TPB
3/31/2023,12.87,12.99,12.87,12.93,2387138,TPB
4/3/2023,13.11,13.28,12.96,13.25,8218357,TPB
4/4/2023,13.34,13.34,13.08,13.16,3620230,TPB
4/5/2023,13.19,13.25,12.99,13.22,5449287,TPB
4/6/2023,13.22,13.6,13.16,13.46,10311195,TPB
4/7/2023,13.34,13.57,13.31,13.46,4469745,TPB
4/10/2023,13.57,13.69,13.28,13.46,7617514,TPB
4/11/2023,13.37,13.54,13.19,13.46,2704196,TPB
4/12/2023,13.46,13.57,13.34,13.46,3844800,TPB
4/13/2023,13.63,13.63,13.46,13.51,2531229,TPB
4/14/2023,13.51,13.86,13.51,13.51,7235840,TPB
4/17/2023,13.51,13.51,13.28,13.4,1630746,TPB
4/18/2023,13.28,13.57,13.16,13.28,1700541,TPB
4/19/2023,13.28,13.4,13.02,13.02,1858990,TPB
4/20/2023,13.02,13.16,12.96,13.05,952156,TPB
4/21/2023,13.05,13.43,13.05,13.13,2605357,TPB
4/24/2023,13.11,13.43,13.11,13.31,4773916,TPB
4/25/2023,13.31,13.34,13.16,13.25,1385612,TPB
4/26/2023,13.19,13.48,13.11,13.4,4375876,TPB
4/27/2023,13.46,13.54,13.37,13.43,1875119,TPB
4/28/2023,13.43,13.86,13.4,13.86,8038300,TPB
5/4/2023,13.86,13.86,13.66,13.75,1874368,TPB
5/5/2023,13.69,13.8,13.43,13.6,2077234,TPB
5/8/2023,13.57,13.72,13.43,13.54,2834392,TPB
5/9/2023,13.54,13.8,13.54,13.72,3221528,TPB
5/10/2023,13.75,13.92,13.57,13.83,4226138,TPB
5/11/2023,13.86,13.89,13.63,13.75,1383896,TPB
5/12/2023,13.78,13.78,13.6,13.72,1785435,TPB
5/15/2023,13.75,14.1,13.69,13.92,10105598,TPB
5/16/2023,13.92,13.95,13.75,13.89,1727269,TPB
5/17/2023,13.92,13.95,13.54,13.54,1959863,TPB
5/18/2023,13.57,13.8,13.57,13.63,1266222,TPB
5/19/2023,13.75,13.75,13.51,13.66,1117353,TPB
5/22/2023,13.89,13.98,13.69,13.86,4991543,TPB
5/23/2023,13.8,14.04,13.8,13.8,4101523,TPB
5/24/2023,13.92,13.95,13.69,13.69,1902828,TPB
5/25/2023,13.75,13.8,13.57,13.63,987937,TPB
5/26/2023,13.8,13.8,13.63,13.78,1359868,TPB
5/29/2023,13.95,14.24,13.8,14.15,6815461,TPB
5/30/2023,14.3,14.3,13.92,14.04,2891753,TPB
5/31/2023,14.24,14.68,14.13,14.56,11087140,TPB
6/1/2023,14.74,15.23,14.56,15.23,13566630,TPB
6/2/2023,15,15.64,15,15.32,12080730,TPB
6/5/2023,16.02,16.02,15.14,15.2,9603592,TPB
6/6/2023,15.2,15.35,14.88,15.03,10017781,TPB
6/7/2023,15.14,15.35,15,15.29,9306637,TPB
6/8/2023,15.35,15.35,14.91,14.91,7733193,TPB
6/9/2023,15.16,15.41,15,15.12,7733809,TPB
6/12/2023,15.2,15.2,14.8,14.92,2669072,TPB
6/13/2023,15,15,14.72,14.72,3061892,TPB
6/14/2023,14.76,14.96,14.72,14.72,3722910,TPB
6/15/2023,14.76,14.76,14.63,14.72,2762507,TPB
6/16/2023,14.72,14.92,14.72,14.76,4861584,TPB
6/19/2023,14.8,14.84,14.68,14.84,1546332,TPB
6/20/2023,14.84,14.88,14.72,14.8,2287320,TPB
6/21/2023,14.84,14.92,14.8,14.92,4234535,TPB
6/22/2023,15.08,15.2,14.92,14.92,5295375,TPB
6/23/2023,14.96,15.12,14.88,15,6150470,TPB
6/26/2023,15.04,15.12,14.8,14.96,3353412,TPB
6/27/2023,14.96,15,14.8,14.92,2755396,TPB
6/28/2023,14.92,14.96,14.84,14.96,3334307,TPB
6/29/2023,15,15,14.68,14.68,3937347,TPB
6/30/2023,14.68,14.72,14.59,14.59,2646567,TPB
7/3/2023,14.8,14.8,14.63,14.72,2904706,TPB
7/4/2023,14.76,14.8,14.68,14.72,1809105,TPB
7/5/2023,14.76,14.8,14.68,14.68,3936273,TPB
7/6/2023,14.68,14.76,14.59,14.76,4456046,TPB
7/7/2023,14.63,14.76,14.55,14.63,4773277,TPB
7/10/2023,14.68,14.8,14.59,14.76,5910499,TPB
7/11/2023,14.84,15.08,14.76,14.84,8870114,TPB
7/12/2023,14.92,14.92,14.72,14.72,3911153,TPB
7/13/2023,14.76,14.84,14.68,14.8,4697336,TPB
7/14/2023,14.8,14.84,14.63,14.72,3864302,TPB
7/17/2023,14.72,14.8,14.68,14.8,4233459,TPB
7/18/2023,14.8,15.36,14.76,15.36,24821321,TPB
7/19/2023,15.41,15.49,15.12,15.16,9355940,TPB
7/20/2023,15.16,15.24,14.92,15.24,11174363,TPB
7/21/2023,15.16,15.36,15.08,15.2,9112052,TPB
7/24/2023,15.16,15.24,14.96,15.12,7045839,TPB
7/25/2023,15.12,15.61,15.08,15.41,13361374,TPB
7/26/2023,15.41,15.41,15.16,15.24,6636529,TPB
7/27/2023,15.24,15.28,14.92,15.04,6664965,TPB
7/28/2023,15,15.24,14.96,15.16,7182079,TPB
7/31/2023,15.12,15.28,15.08,15.2,5201548,TPB
8/1/2023,15.24,15.61,15.2,15.24,14484569,TPB
8/2/2023,15.2,15.41,15.16,15.32,6637422,TPB
8/3/2023,15.32,15.41,14.92,14.96,6911097,TPB
8/4/2023,15.08,15.41,14.96,15.36,12271753,TPB
8/7/2023,15.41,15.77,15.36,15.65,17755159,TPB
8/8/2023,15.73,15.73,15.36,15.41,6318090,TPB
8/9/2023,15.45,15.49,15.2,15.28,5499014,TPB
8/10/2023,15.28,15.32,14.96,15,5801849,TPB
8/11/2023,15.04,15.12,14.8,15.12,5342544,TPB
8/14/2023,15.12,15.16,15,15.12,5489663,TPB
8/15/2023,15.16,15.53,15.04,15.41,12077448,TPB
8/16/2023,15.41,15.53,15.24,15.49,8498716,TPB
8/17/2023,15.49,15.53,15.24,15.28,5852301,TPB
8/18/2023,15.2,15.24,14.59,14.68,11569243,TPB
8/21/2023,14.84,15.08,14.63,15,8200962,TPB
8/22/2023,14.92,15.08,14.76,15.04,4105984,TPB
8/23/2023,15.12,15.12,14.88,15,5562659,TPB
8/24/2023,15,15.32,14.88,15.24,10071220,TPB
8/25/2023,15.16,15.28,15.08,15.28,3739298,TPB
8/28/2023,15.36,15.45,15.24,15.41,7209299,TPB
8/29/2023,15.41,15.49,15.28,15.41,6938674,TPB
8/30/2023,15.41,15.85,15.41,15.85,22004414,TPB
8/31/2023,15.93,15.97,15.69,15.89,5943375,TPB
9/5/2023,15.97,16.09,15.89,15.93,9233621,TPB
9/6/2023,15.93,16.01,15.53,16.01,11953366,TPB
9/7/2023,16.05,16.3,15.85,15.93,16385746,TPB
9/8/2023,15.93,15.97,15.73,15.73,6027774,TPB
9/11/2023,15.81,15.89,15.32,15.36,10193226,TPB
9/12/2023,15.36,15.57,15.24,15.57,9028399,TPB
9/13/2023,15.61,15.69,15.36,15.61,5527774,TPB
9/14/2023,15.61,15.81,15.41,15.41,5654954,TPB
9/15/2023,15.57,15.65,15.45,15.57,4834829,TPB
9/18/2023,15.57,15.57,15.24,15.36,5315824,TPB
9/19/2023,15.24,15.49,15.2,15.45,6067311,TPB
9/20/2023,15.36,15.89,15.28,15.81,14288894,TPB
9/21/2023,15.81,15.85,15.45,15.45,5546570,TPB
9/22/2023,15.28,15.36,14.88,15.04,8919499,TPB
9/25/2023,15.04,15.16,14.59,14.59,6151606,TPB
9/26/2023,14.59,14.8,14.35,14.35,7205172,TPB
9/27/2023,14.35,14.47,14.11,14.43,5753983,TPB
9/28/2023,14.43,14.68,13.99,14.63,6391686,TPB
9/29/2023,14.63,14.68,14.43,14.47,3985833,TPB
10/2/2023,14.47,14.51,14.19,14.19,4169925,TPB
10/3/2023,14.11,14.11,13.54,13.54,7815486,TPB
10/4/2023,13.38,13.78,13.38,13.46,3544218,TPB
10/5/2023,13.7,13.7,13.38,13.42,3338911,TPB
10/6/2023,13.42,13.66,13.38,13.62,4443068,TPB
10/9/2023,13.62,13.82,13.54,13.66,4909438,TPB
10/10/2023,13.78,13.78,13.58,13.58,4295187,TPB
10/11/2023,13.62,13.66,13.5,13.58,3219715,TPB
10/12/2023,13.66,13.95,13.58,13.95,5225264,TPB
10/13/2023,13.78,14.07,13.74,13.99,7510640,TPB
10/16/2023,13.95,13.95,13.58,13.62,4727722,TPB
10/17/2023,13.62,13.74,13.38,13.38,3430612,TPB
10/18/2023,13.42,13.46,12.93,13.18,5441532,TPB
10/19/2023,13.18,13.22,13.01,13.09,2474668,TPB
10/20/2023,13.05,13.42,13.05,13.38,2687532,TPB
10/23/2023,13.38,13.58,13.26,13.34,4556885,TPB
10/24/2023,13.38,13.66,13.34,13.62,4262188,TPB
10/25/2023,13.62,13.7,13.46,13.58,4186043,TPB
10/26/2023,13.3,13.46,12.69,12.97,6942761,TPB
10/27/2023,12.97,13.22,12.89,13.13,2255518,TPB
10/30/2023,13.13,13.26,12.97,12.97,4289663,TPB
10/31/2023,13.05,13.05,12.81,12.81,2936880,TPB
11/1/2023,12.93,12.93,12.65,12.81,3184883,TPB
11/2/2023,13.01,13.54,13.01,13.3,7606127,TPB
11/3/2023,13.46,13.5,13.01,13.01,5737264,TPB
11/6/2023,13.34,13.58,13.13,13.46,4382632,TPB
11/7/2023,13.38,13.58,13.34,13.42,3708947,TPB
11/8/2023,13.42,14.19,13.38,13.99,8612907,TPB
11/9/2023,14.07,14.15,13.82,13.86,5485926,TPB
11/10/2023,13.78,14.03,13.7,13.78,5917888,TPB
11/13/2023,13.78,13.99,13.7,13.99,4234952,TPB
11/14/2023,14.19,14.47,13.99,14.11,12506923,TPB
11/15/2023,14.15,14.51,14.11,14.35,9716888,TPB
11/16/2023,14.27,14.27,13.99,14.19,5220788,TPB
11/17/2023,14.19,14.31,13.7,13.78,7433829,TPB
11/20/2023,13.54,14.11,13.5,13.95,4723035,TPB
11/21/2023,13.95,14.11,13.78,13.82,2617136,TPB
11/22/2023,13.82,13.95,13.78,13.86,2305512,TPB
11/23/2023,13.95,14.11,13.78,13.78,6956587,TPB
11/24/2023,13.82,13.82,13.58,13.78,3550391,TPB
11/27/2023,13.74,13.78,13.5,13.5,3115183,TPB
11/28/2023,13.5,13.66,13.38,13.58,2506689,TPB
11/29/2023,13.58,13.74,13.54,13.66,2468113,TPB
11/30/2023,13.58,13.86,13.58,13.78,8678015,TPB
12/1/2023,13.82,13.91,13.66,13.86,9187846,TPB
12/4/2023,13.91,14.15,13.86,13.95,11161978,TPB
12/5/2023,13.99,13.99,13.82,13.82,4491908,TPB
12/6/2023,13.86,14.27,13.82,14.15,14005355,TPB
12/7/2023,14.19,14.27,13.99,14.23,15079464,TPB
12/8/2023,14.19,14.35,14.11,14.15,4737848,TPB
12/11/2023,14.15,14.23,14.07,14.07,4331665,TPB
12/12/2023,14.11,14.15,13.99,14.07,2416307,TPB
12/13/2023,14.11,14.11,13.78,13.78,3335319,TPB
12/14/2023,13.86,13.95,13.66,13.7,3330261,TPB
12/15/2023,13.78,13.82,13.66,13.74,3380612,TPB
12/18/2023,13.7,13.78,13.58,13.7,3077529,TPB
12/19/2023,13.62,13.78,13.58,13.78,2429238,TPB
12/20/2023,13.7,13.78,13.66,13.7,2825458,TPB
12/21/2023,13.7,13.7,13.54,13.7,2097571,TPB
12/22/2023,13.7,13.74,13.58,13.7,2374078,TPB
12/25/2023,13.7,13.86,13.7,13.82,2548254,TPB
12/26/2023,13.86,13.86,13.74,13.78,2030227,TPB
12/27/2023,13.78,14.07,13.78,14.07,5357747,TPB
12/28/2023,14.03,14.07,13.91,14.03,3899546,TPB
12/29/2023,14.11,14.15,13.99,14.11,3048145,TPB
1/2/2024,14.15,14.19,13.99,14.03,6972007,TPB
1/3/2024,13.99,14.15,13.86,14.15,7156654,TPB
1/4/2024,14.19,14.76,14.11,14.51,30604262,TPB
1/5/2024,14.51,14.72,14.39,14.59,11027926,TPB
1/8/2024,14.76,14.76,14.43,14.55,10135587,TPB
1/9/2024,14.59,14.63,14.35,14.39,10505693,TPB
1/10/2024,14.43,15.08,14.39,15,24221574,TPB
1/11/2024,15,15.41,14.88,15,18119563,TPB
1/12/2024,14.88,15.24,14.72,15.04,18903546,TPB
1/15/2024,15.2,15.24,14.84,14.84,6965814,TPB
1/16/2024,14.76,15.08,14.76,15.08,9335413,TPB
1/17/2024,15.04,15.16,14.88,14.88,7455094,TPB
1/18/2024,14.88,14.96,14.76,14.96,5370589,TPB
1/19/2024,14.96,15.12,14.92,15.08,5652900,TPB
1/22/2024,15.08,15.16,14.96,15.12,8799064,TPB
1/23/2024,15.12,15.24,15,15.08,9422714,TPB
1/24/2024,15.04,15.04,14.8,14.84,9179066,TPB
1/25/2024,14.84,14.84,14.72,14.72,5631807,TPB
1/26/2024,14.76,15,14.72,14.84,3899828,TPB
1/29/2024,14.84,14.92,14.72,14.72,2948966,TPB
1/30/2024,14.72,14.96,14.72,14.84,7023878,TPB
1/31/2024,14.96,14.96,14.43,14.47,8858005,TPB
2/1/2024,14.47,14.63,14.43,14.47,5057592,TPB
2/2/2024,14.51,14.55,14.19,14.19,9175641,TPB
2/5/2024,14.19,14.8,14.19,14.72,18714346,TPB
2/6/2024,14.8,14.88,14.68,14.68,9957893,TPB
2/7/2024,14.68,15.08,14.68,15,14678695,TPB
2/15/2024,15.12,15.53,15.08,15.28,25902501,TPB
2/16/2024,15.32,15.45,15.24,15.32,14364194,TPB
2/19/2024,15.32,15.36,15.12,15.24,8782998,TPB
2/20/2024,15.2,15.28,15.12,15.2,9315850,TPB
2/21/2024,15.2,15.81,15.04,15.81,31800025,TPB
2/22/2024,15.81,16.01,15.57,15.85,15647874,TPB
2/23/2024,15.89,16.3,15.49,15.49,43609529,TPB
2/26/2024,15.45,15.65,15.36,15.53,8203673,TPB
2/27/2024,15.53,15.65,15.28,15.53,15272359,TPB
2/28/2024,15.61,16.22,15.49,16.22,25604492,TPB
2/29/2024,16.22,16.42,15.97,16.09,30163480,TPB
3/1/2024,16.09,16.18,15.85,16.09,14285287,TPB
3/4/2024,16.13,16.18,15.81,15.89,15044312,TPB
3/5/2024,15.89,15.89,15.65,15.73,12297029,TPB
3/6/2024,15.73,15.93,15.49,15.57,10019615,TPB
3/7/2024,15.69,15.69,15.53,15.61,9138978,TPB
3/8/2024,15.61,15.65,15.08,15.08,22069265,TPB
3/11/2024,15.04,15.24,14.92,15,11039443,TPB
3/12/2024,15,15.16,14.96,15,7981563,TPB
3/13/2024,15,15.41,14.96,15.41,7645139,TPB
3/14/2024,15.41,15.45,15.08,15.2,7678563,TPB
3/15/2024,15.16,15.41,14.96,15.24,9001479,TPB
3/18/2024,15.41,15.41,14.35,14.84,13706020,TPB
3/19/2024,14.84,14.92,14.76,14.76,4383580,TPB
3/20/2024,14.76,15.2,14.55,15.08,15981272,TPB
3/21/2024,15.24,15.28,15,15.2,9185199,TPB
3/22/2024,15.24,15.61,15.12,15.2,17972329,TPB
3/25/2024,15.24,15.61,15.16,15.41,17585868,TPB
3/26/2024,15.41,15.57,15.32,15.53,10845104,TPB
3/27/2024,15.57,15.61,15.41,15.57,6032387,TPB
3/28/2024,15.73,15.81,15.41,15.49,10136151,TPB
3/29/2024,15.57,15.57,15.41,15.49,5777111,TPB
4/1/2024,15.41,15.45,15.12,15.2,10022082,TPB
4/2/2024,15.12,15.28,14.84,15.28,10361316,TPB
4/3/2024,15.24,15.24,14.96,15,8205356,TPB
4/4/2024,15,15.04,14.84,14.92,11409380,TPB
4/5/2024,14.76,14.88,14.68,14.76,9631727,TPB
4/8/2024,14.76,15.08,14.68,14.8,11669502,TPB
4/9/2024,14.88,15.08,14.72,15.08,4447989,TPB
4/10/2024,15.12,15.12,14.88,14.88,4269718,TPB
4/11/2024,14.68,14.88,14.68,14.88,6872629,TPB
4/12/2024,14.88,15.16,14.8,15.16,10983193,TPB
4/15/2024,14.96,15.12,14.19,14.19,12294528,TPB
4/16/2024,14.19,14.39,13.78,14.27,16800367,TPB
4/17/2024,14.35,14.35,13.78,13.78,6202546,TPB
4/19/2024,13.74,13.86,13.3,13.46,8466392,TPB
4/22/2024,13.78,14.23,13.62,14.19,12636955,TPB
4/23/2024,14.11,14.27,13.91,13.99,6326477,TPB
4/24/2024,14.23,14.59,14.19,14.59,11891874,TPB
4/25/2024,14.55,14.59,14.35,14.55,4945753,TPB
4/26/2024,14.31,14.55,14.31,14.51,3092380,TPB
5/2/2024,14.51,14.55,14.31,14.31,1668427,TPB
5/3/2024,14.39,14.51,14.19,14.19,7857085,TPB
5/6/2024,14.35,14.51,14.27,14.43,4038552,TPB
5/7/2024,14.47,14.47,14.27,14.39,2575038,TPB
5/8/2024,14.35,14.43,14.23,14.39,4168883,TPB
5/9/2024,14.43,14.92,14.35,14.72,15538786,TPB
5/10/2024,14.76,14.84,14.59,14.68,8321349,TPB
5/13/2024,14.68,14.88,14.51,14.59,5844574,TPB
5/14/2024,14.63,14.76,14.51,14.59,4387329,TPB
5/15/2024,14.76,14.76,14.51,14.55,9488725,TPB
5/16/2024,14.76,14.92,14.59,14.88,9640850,TPB
5/17/2024,14.92,15.12,14.8,14.92,12136290,TPB
5/20/2024,14.92,15.08,14.92,14.96,13765827,TPB
5/21/2024,15,15,14.76,14.88,4451104,TPB
5/22/2024,14.92,14.96,14.68,14.72,6157747,TPB
5/23/2024,14.72,14.84,14.63,14.84,5062723,TPB
5/24/2024,14.59,14.88,14.27,14.39,15603862,TPB
5/27/2024,14.39,14.51,14.23,14.35,5793453,TPB
5/28/2024,14.43,14.51,14.35,14.47,4458316,TPB
5/29/2024,14.51,14.51,14.35,14.35,4683211,TPB
5/30/2024,14.35,14.39,14.19,14.35,6362308,TPB
5/31/2024,14.35,14.43,14.23,14.31,3888474,TPB
6/3/2024,14.39,14.88,14.35,14.63,12045228,TPB
6/4/2024,14.72,14.76,14.59,14.63,4465731,TPB
6/5/2024,14.63,14.72,14.55,14.59,4057482,TPB
6/6/2024,14.59,14.88,14.55,14.8,8350356,TPB
6/7/2024,14.84,14.92,14.68,14.68,3481908,TPB
6/10/2024,14.8,15.08,14.76,14.88,13101015,TPB
6/11/2024,14.92,15,14.72,14.76,4549487,TPB
6/12/2024,14.76,15,14.72,14.96,6748117,TPB
6/13/2024,15,15.49,14.96,15.41,44008939,TPB
6/14/2024,15.41,15.49,15.12,15.12,11914278,TPB
6/17/2024,15.16,15.16,14.92,15.04,9227155,TPB
6/18/2024,15.2,15.2,15,15.08,7925120,TPB
6/19/2024,15.16,15.2,14.92,15.04,8455930,TPB
6/20/2024,15.25,15.25,15,15.21,8933153,TPB
6/21/2024,15.12,15.29,15.04,15.08,7478006,TPB
6/24/2024,15.04,15.08,14.5,14.5,9998726,TPB
6/25/2024,14.62,14.67,14.5,14.62,4195120,TPB
6/26/2024,14.58,14.62,14.42,14.62,4414757,TPB
6/27/2024,14.54,14.62,14.46,14.54,2870324,TPB
6/28/2024,14.37,14.58,14.25,14.33,5437684,TPB
7/1/2024,14.33,14.46,14.29,14.46,2304798,TPB
7/2/2024,14.46,14.67,14.46,14.54,2732397,TPB
7/3/2024,14.58,14.75,14.54,14.62,3470501,TPB
7/4/2024,14.67,14.83,14.62,14.71,4745748,TPB
7/5/2024,14.71,14.75,14.54,14.75,2533797,TPB
7/8/2024,14.75,15.04,14.75,14.79,12786282,TPB
7/9/2024,14.79,15,14.75,14.92,7759602,TPB
7/10/2024,15,15,14.67,14.87,4930100,TPB
7/11/2024,14.92,15.04,14.79,14.92,9298029,TPB
7/12/2024,14.92,15,14.83,14.96,4263833,TPB
7/15/2024,14.96,15,14.67,14.71,2941273,TPB
7/16/2024,14.75,15.04,14.75,14.87,4742215,TPB
7/17/2024,14.87,15.25,14.75,14.87,10970541,TPB
7/18/2024,14.96,15,14.75,15,3673666,TPB
7/19/2024,15,15.46,14.92,15.33,42893806,TPB
7/22/2024,15.33,15.75,15.25,15.5,32705162,TPB
7/23/2024,15.54,15.58,14.42,14.79,14193128,TPB
7/24/2024,14.71,15.08,14.58,14.96,16213404,TPB
7/25/2024,14.75,15,14.75,14.83,7532966,TPB
7/26/2024,14.92,15,14.83,14.87,5558371,TPB
7/29/2024,15,15.25,14.96,15.08,13239463,TPB
7/30/2024,15.08,15.17,14.83,15,5121957,TPB
7/31/2024,15.04,15.46,15,15.12,21622214,TPB
8/1/2024,15.17,15.21,14.58,14.75,14232788,TPB
8/2/2024,14.58,14.79,14.46,14.79,12011577,TPB
8/5/2024,14.42,14.62,14,14,17831543,TPB
8/6/2024,14.21,14.58,14.04,14.46,9816351,TPB
8/7/2024,14.46,14.67,14.17,14.21,13941183,TPB
8/8/2024,14.21,14.33,14.04,14.08,6128688,TPB
8/9/2024,14.33,14.46,14.17,14.25,13230777,TPB
8/12/2024,14.25,14.42,14.17,14.37,4133334,TPB
8/13/2024,14.37,14.58,14.29,14.37,7204284,TPB
8/14/2024,14.46,14.46,14.33,14.33,2721711,TPB
8/15/2024,14.33,14.42,14.25,14.25,3773838,TPB
8/16/2024,14.29,14.62,14.29,14.58,8175982,TPB
8/19/2024,14.58,14.71,14.46,14.58,8332879,TPB
8/20/2024,14.58,14.75,14.58,14.62,8888684,TPB
8/21/2024,14.62,14.92,14.58,14.92,16731142,TPB
8/22/2024,15,15.17,14.92,15,7987928,TPB
8/23/2024,15,15,14.75,14.92,8050463,TPB
8/26/2024,14.92,15.17,14.83,14.83,11812943,TPB
8/27/2024,14.83,14.92,14.75,14.79,4465669,TPB
8/28/2024,14.83,15,14.75,14.79,8035333,TPB
8/29/2024,14.79,15.04,14.79,14.87,7341604,TPB
8/30/2024,14.87,15,14.83,14.92,6998759,TPB
9/4/2024,14.67,14.79,14.58,14.71,7588693,TPB
9/5/2024,14.79,14.83,14.62,14.67,4866650,TPB
9/6/2024,14.71,14.92,14.62,14.75,7409422,TPB
9/9/2024,14.71,14.79,14.62,14.67,3034364,TPB
9/10/2024,14.75,15.04,14.75,14.83,16888810,TPB
9/11/2024,14.92,14.96,14.75,14.87,3937481,TPB
9/12/2024,15,15.29,14.92,15.12,28884459,TPB
9/13/2024,15.17,15.21,15.04,15.12,6115159,TPB
9/16/2024,15.12,15.29,14.92,15,14300838,TPB
9/17/2024,15,15.12,14.92,15.12,4891183,TPB
9/18/2024,15.21,15.33,15.04,15.21,15986465,TPB
9/19/2024,15.25,15.42,15.21,15.21,15198847,TPB
9/20/2024,15.29,15.42,15.04,15.08,24879440,TPB
9/23/2024,15.3,15.6,15.25,15.25,11937319,TPB
9/24/2024,15.3,15.4,15.15,15.4,5345342,TPB
9/25/2024,15.5,15.65,15.45,15.6,11743747,TPB
9/26/2024,15.7,16.65,15.55,16.65,60835591,TPB
9/27/2024,17,17.2,16.6,16.9,60292572,TPB
9/30/2024,16.9,17.45,16.85,17.2,37870846,TPB
10/1/2024,17.2,17.4,16.95,17.1,30055170,TPB
10/2/2024,17.25,17.6,17.05,17.5,33126116,TPB
10/3/2024,17.6,18.1,17.35,17.5,51544738,TPB
10/4/2024,17.7,17.7,17.2,17.25,20462400,TPB
10/7/2024,17.45,17.6,17.25,17.5,16722300,TPB
10/8/2024,17.7,18.1,17.55,17.55,32029800,TPB
10/9/2024,17.6,17.7,17.4,17.6,15086300,TPB
10/10/2024,17.8,18.05,17.4,17.45,34471200,TPB
10/11/2024,17.45,17.5,17.25,17.5,13142400,TPB
10/14/2024,17.6,17.7,17.35,17.45,13859900,TPB
10/15/2024,17.6,17.8,17.4,17.45,14881000,TPB
10/16/2024,17.4,17.55,17.35,17.5,8606300,TPB
10/17/2024,17.55,17.95,17.3,17.9,22478600,TPB
10/18/2024,18,18.1,17.75,17.8,29518000,TPB
10/21/2024,17.65,17.8,17.5,17.5,12873600,TPB
10/22/2024,17.4,17.8,17.15,17.3,31041200,TPB
10/23/2024,17.35,17.75,17.2,17.65,18002200,TPB
10/24/2024,17.75,17.85,17.05,17.05,18317600,TPB
10/25/2024,17.15,17.3,17,17.05,16901500,TPB
10/28/2024,17.05,17.2,17.05,17.2,7919600,TPB
10/29/2024,17.25,17.35,17.1,17.1,9762400,TPB
10/30/2024,17.15,17.25,17,17.25,11117800,TPB
10/31/2024,17.15,17.55,17.05,17.3,19905800,TPB
11/1/2024,17.2,17.3,17.05,17.05,13064000,TPB
11/4/2024,17.05,17.1,16.5,16.55,27011700,TPB
11/5/2024,16.55,16.7,16.5,16.55,9258300,TPB
11/6/2024,16.7,17.05,16.55,16.95,12037400,TPB
11/7/2024,17.05,17.05,16.75,16.8,6837000,TPB
11/8/2024,16.9,16.9,16.55,16.65,8665200,TPB
11/11/2024,16.6,16.65,16,16.2,30694100,TPB
11/12/2024,16.3,16.3,16.05,16.1,9278100,TPB
11/13/2024,16.05,16.2,15.7,16.15,17328900,TPB
11/14/2024,16.05,16.3,15.75,15.75,10651400,TPB
11/15/2024,15.6,15.75,15.5,15.6,16220400,TPB
11/18/2024,15.6,16.1,15.55,16,16208300,TPB
11/19/2024,15.95,16.05,15.8,15.8,9959400,TPB
11/20/2024,15.7,16.35,15.7,16.05,11375300,TPB
11/21/2024,16.15,16.25,16.05,16.25,6027200,TPB
11/22/2024,16.2,16.3,16.1,16.1,6826400,TPB
11/25/2024,16.15,16.25,16.05,16.15,5428500,TPB
11/26/2024,16.15,16.4,16.15,16.15,7393100,TPB
11/27/2024,16.15,16.3,16.1,16.15,4886900,TPB
11/28/2024,16.25,16.5,16.2,16.25,11221300,TPB
11/29/2024,16.25,16.35,16.2,16.2,4912000,TPB
12/2/2024,16.35,16.45,16.1,16.1,6793000,TPB
12/3/2024,16.15,16.2,16,16,6553700,TPB
12/4/2024,16.05,16.05,15.8,15.8,8010900,TPB
12/5/2024,15.85,16.45,15.75,16.45,11737500,TPB
12/6/2024,16.5,16.5,16.25,16.25,9727100,TPB
12/9/2024,16.35,16.5,16.25,16.4,8418500,TPB
12/10/2024,16.4,16.5,16.35,16.35,4978800,TPB
12/11/2024,16.4,16.5,16.2,16.3,6312900,TPB
12/12/2024,16.35,16.65,16.25,16.35,17357400,TPB
12/13/2024,16.35,16.45,16.25,16.25,4585600,TPB
12/16/2024,16.25,16.4,16.15,16.2,9848600,TPB
12/17/2024,16.2,16.3,16.15,16.2,4265400,TPB
12/18/2024,16.2,16.3,16.1,16.25,5405700,TPB
12/19/2024,16.05,16.15,15.95,16,10785400,TPB
12/20/2024,16.05,16.05,15.9,15.9,5572800,TPB
12/23/2024,16.15,16.2,16,16.05,6272100,TPB
12/24/2024,16.05,16.15,16,16.05,5949200,TPB
12/25/2024,16.1,16.85,16.05,16.4,14525600,TPB
12/26/2024,16.35,16.6,16.35,16.55,6862500,TPB
12/27/2024,16.6,17.05,16.55,16.75,27796400,TPB
12/30/2024,16.8,16.9,16.5,16.65,6732600,TPB
12/31/2024,16.65,16.8,16.5,16.65,7930000,TPB
