Date,AGR,BID,VCB,TPB
2018-04-19,4.3,20.97,25.96,8.06
2018-04-20,4.44,21.77,27.24,8.07
2018-04-23,4.3,20.25,25.37,7.65
2018-04-24,4.24,20.97,25.54,7.65
2018-04-26,3.94,20.14,24.77,7.38
2018-04-27,3.99,19.92,25.54,7.5
2018-05-02,3.92,18.54,24.77,7.4
2018-05-03,3.65,18.6,25.37,7.4
2018-05-04,3.7,17.93,25.11,7.4
2018-05-07,3.7,19.17,26.43,7.45
2018-05-08,3.7,19.59,25.96,7.48
2018-05-09,3.66,19.31,25.32,7.45
2018-05-10,3.57,18.04,24.05,7.33
2018-05-11,3.66,18.76,24.64,7.4
2018-05-14,3.66,18.93,24.81,7.33
2018-05-15,3.66,19.09,24.98,7.4
2018-05-16,3.64,18.32,24.26,7.33
2018-05-17,3.57,18.21,24.18,7.33
2018-05-18,3.62,18.18,24.05,7.38
2018-05-21,3.57,17.38,23.71,7.34
2018-05-22,3.32,16.17,22.73,7.28
2018-05-23,3.32,16.8,23.2,7.3
2018-05-24,3.25,16.36,22.69,7.28
2018-05-25,3.18,15.28,21.28,7.2
2018-05-28,2.96,14.24,19.92,6.73
2018-05-29,3.0,15.23,21.28,7.15
2018-05-30,2.88,15.23,22.13,7.13
2018-05-31,2.97,16.14,23.03,6.96
2018-06-01,2.98,16.39,24.26,6.96
2018-06-04,3.18,16.83,25.24,7.33
2018-06-05,3.34,16.77,24.94,7.3
2018-06-06,3.36,17.55,25.15,7.18
2018-06-07,3.38,17.22,24.98,7.18
2018-06-08,3.31,17.38,25.41,7.12
2018-06-11,3.28,17.11,25.11,7.08
2018-06-12,3.2,16.33,24.69,7.01
2018-06-13,3.24,16.36,25.49,7.01
2018-06-14,3.11,15.62,24.73,6.96
2018-06-15,3.2,16.0,25.11,6.91
2018-06-18,3.25,15.06,24.05,6.71
2018-06-19,3.04,14.79,24.05,6.73
2018-06-20,3.19,15.45,24.73,6.81
2018-06-21,3.2,14.79,24.26,6.81
2018-06-22,3.2,15.17,24.98,6.83
2018-06-25,3.23,15.56,25.28,6.91
2018-06-26,3.2,15.34,25.24,6.91
2018-06-27,3.19,14.79,24.69,6.87
2018-06-28,3.16,14.29,24.64,6.71
2018-06-29,3.16,14.35,24.69,6.83
2018-07-02,3.11,13.66,24.73,6.71
2018-07-03,2.9,12.72,23.83,6.48
2018-07-04,3.0,12.64,23.66,6.32
2018-07-05,2.9,11.92,22.13,6.29
2018-07-06,3.0,12.75,23.41,6.63
2018-07-09,3.0,12.86,22.98,6.71
2018-07-10,3.01,13.05,22.6,6.76
2018-07-11,2.93,12.19,21.79,6.66
2018-07-12,2.88,12.69,22.3,6.65
2018-07-13,2.91,12.97,23.32,6.73
2018-07-16,3.11,13.33,23.37,6.71
2018-07-17,3.16,13.74,23.75,6.66
2018-07-18,3.29,14.43,24.47,6.71
2018-07-19,3.28,14.24,24.18,6.68
2018-07-20,3.29,14.02,24.18,6.68
2018-07-23,3.06,13.68,24.09,6.67
2018-07-24,3.24,13.68,24.26,6.63
2018-07-25,3.46,13.02,23.54,6.56
2018-07-26,3.49,13.3,24.13,6.58
2018-07-27,3.5,13.68,24.05,6.61
2018-07-30,3.61,14.51,24.39,6.36
2018-07-31,3.55,14.51,24.9,6.33
2018-08-01,3.48,14.51,24.94,6.21
2018-08-02,3.42,14.46,25.11,6.14
2018-08-03,3.46,14.65,24.9,6.12
2018-08-06,3.57,14.82,25.11,5.94
2018-08-07,3.49,15.15,26.18,5.97
2018-08-08,3.52,16.11,26.43,6.06
2018-08-09,3.64,15.92,26.09,6.31
2018-08-10,3.64,16.5,27.03,6.35
2018-08-13,3.63,16.83,27.15,6.46
2018-08-14,3.59,16.55,26.73,6.46
2018-08-15,3.47,16.17,25.79,6.4
2018-08-16,3.46,16.55,25.79,6.47
2018-08-17,3.48,17.16,26.39,6.52
2018-08-20,3.42,17.33,26.13,6.46
2018-08-21,3.48,18.21,26.69,6.52
2018-08-22,3.44,17.93,26.35,6.55
2018-08-23,3.41,18.24,26.64,6.58
2018-08-24,3.41,18.43,26.39,6.6
2018-08-27,3.38,18.76,26.86,6.63
2018-08-28,3.39,18.6,27.24,6.68
2018-08-29,3.38,18.57,26.86,6.72
2018-08-30,3.41,19.26,27.15,6.72
2018-08-31,3.41,18.98,26.6,6.68
2018-09-04,3.38,17.93,25.96,6.66
2018-09-05,3.32,18.26,25.79,6.58
2018-09-06,3.3,18.07,25.66,6.12
2018-09-07,3.26,18.71,26.39,6.55
2018-09-10,3.29,18.76,26.39,6.55
2018-09-11,3.31,19.48,26.81,6.48
2018-09-12,3.32,19.17,26.64,6.48
2018-09-13,3.35,19.31,26.77,6.51
2018-09-14,3.29,19.23,27.24,6.51
2018-09-17,3.27,18.87,26.77,6.48
2018-09-18,3.27,19.45,26.94,6.48
2018-09-19,3.27,19.48,26.94,6.51
2018-09-20,3.28,19.59,27.41,6.52
2018-09-21,3.48,19.48,27.5,6.52
2018-09-24,3.52,19.26,27.75,6.52
2018-09-25,3.59,19.31,27.41,6.45
2018-09-26,3.52,19.26,27.15,6.46
2018-09-27,3.51,19.12,26.98,6.46
2018-09-28,3.62,19.42,26.81,6.51
2018-10-01,3.66,19.17,26.6,6.51
2018-10-02,3.61,19.97,26.81,6.5
2018-10-03,3.57,20.22,26.81,6.53
2018-10-04,3.52,20.28,26.81,6.71
2018-10-05,3.48,19.59,26.77,6.71
2018-10-08,3.44,19.86,26.56,6.62
2018-10-09,3.39,19.92,26.6,6.63
2018-10-10,3.38,19.51,26.6,6.63
2018-10-11,3.16,18.15,24.87,6.19
2018-10-12,3.2,18.65,25.82,6.25
2018-10-15,3.24,17.99,25.48,5.96
2018-10-16,3.32,18.48,25.52,6.0
2018-10-17,3.34,19.09,25.52,6.09
2018-10-18,3.28,19.09,25.0,6.07
2018-10-19,3.25,19.09,24.87,6.07
2018-10-22,3.25,19.31,24.62,6.11
2018-10-23,3.15,19.26,24.06,6.06
2018-10-24,3.1,17.99,23.93,6.1
2018-10-25,3.01,17.22,23.62,6.09
2018-10-26,3.0,16.88,23.06,6.17
2018-10-29,3.0,15.95,22.8,6.17
2018-10-30,2.99,15.23,23.37,6.21
2018-10-31,3.05,16.28,23.97,6.42
2018-11-01,3.02,16.75,23.71,6.4
2018-11-02,3.08,17.91,24.23,5.96
2018-11-05,3.02,18.1,24.36,6.15
2018-11-06,3.06,17.66,24.06,6.15
2018-11-07,3.06,17.91,23.93,6.21
2018-11-08,3.05,17.91,24.01,6.29
2018-11-09,3.06,17.49,23.41,6.24
2018-11-12,3.05,17.77,23.54,6.35
2018-11-13,3.02,17.11,23.11,6.32
2018-11-14,3.01,16.55,22.93,6.33
2018-11-15,2.95,17.11,23.02,6.35
2018-11-16,2.98,17.77,22.93,6.45
2018-11-19,2.98,17.77,23.28,6.51
2018-11-20,2.98,17.49,23.19,6.51
2018-11-21,3.0,17.66,23.88,6.68
2018-11-22,2.97,17.57,23.62,6.98
2018-11-23,3.0,17.49,23.28,6.83
2018-11-26,3.02,17.46,23.28,6.57
2018-11-27,3.02,17.35,23.02,6.43
2018-11-28,3.04,17.41,23.75,6.31
2018-11-29,3.05,17.24,23.71,6.31
2018-11-30,3.06,17.33,23.88,6.25
2018-12-03,3.11,18.51,25.0,6.57
2018-12-04,3.11,18.43,24.83,6.46
2018-12-05,3.13,18.68,24.92,6.56
2018-12-06,3.1,18.6,24.53,6.58
2018-12-07,3.15,18.6,24.66,6.99
2018-12-10,3.14,18.6,24.53,6.84
2018-12-11,3.12,18.51,24.49,6.73
2018-12-12,3.12,19.12,25.0,6.76
2018-12-13,3.1,18.93,24.83,6.76
2018-12-14,3.06,18.71,24.36,6.73
2018-12-17,3.06,18.32,23.62,6.6
2018-12-18,3.0,18.57,23.75,6.4
2018-12-19,3.0,18.37,23.45,6.36
2018-12-20,3.05,18.73,23.54,6.46
2018-12-21,3.02,18.76,23.49,6.4
2018-12-24,2.95,18.76,22.89,6.38
2018-12-25,2.85,18.07,22.72,6.14
2018-12-26,3.04,17.99,22.76,6.24
2018-12-27,3.14,18.76,23.06,6.35
2018-12-28,3.13,18.98,23.06,6.35
2019-01-02,3.09,18.48,23.11,6.35
2019-01-03,3.06,17.66,23.11,6.21
2019-01-04,3.02,17.41,23.45,6.19
2019-01-07,3.11,17.82,23.54,6.25
2019-01-08,3.11,17.66,23.71,6.27
2019-01-09,3.06,18.21,24.06,6.56
2019-01-10,3.13,17.93,23.71,6.64
2019-01-11,3.12,17.6,23.8,6.65
2019-01-14,3.14,17.6,23.84,7.02
2019-01-15,3.17,17.93,24.1,6.71
2019-01-16,3.2,17.77,23.88,6.62
2019-01-17,3.16,17.63,23.8,6.59
2019-01-18,3.09,17.49,23.62,6.62
2019-01-21,3.15,18.13,24.06,6.68
2019-01-22,3.11,18.07,23.8,6.68
2019-01-23,3.11,18.04,23.88,6.94
2019-01-24,3.06,17.93,23.88,6.76
2019-01-25,3.1,17.68,24.06,6.73
2019-01-28,3.15,17.6,23.93,6.7
2019-01-29,3.16,17.49,24.44,6.59
2019-01-30,3.11,17.49,24.44,6.65
2019-01-31,3.16,17.38,24.49,6.62
2019-02-01,3.17,17.44,24.36,6.67
2019-02-11,3.2,17.63,25.05,6.76
2019-02-12,3.21,17.91,25.26,6.78
2019-02-13,3.2,17.93,25.78,6.79
2019-02-14,3.21,17.88,25.95,6.78
2019-02-15,3.2,18.29,25.56,6.75
2019-02-18,3.21,18.48,25.87,6.76
2019-02-19,3.21,18.15,25.43,6.71
2019-02-20,3.21,18.76,25.48,6.71
2019-02-21,3.2,18.9,25.91,6.62
2019-02-22,3.19,18.76,26.73,6.68
2019-02-25,3.16,18.76,27.33,6.76
2019-02-26,3.18,18.54,27.16,6.68
2019-02-27,3.2,18.54,26.68,6.67
2019-02-28,3.16,17.93,26.08,6.6
2019-03-01,3.2,18.13,26.81,6.67
2019-03-04,3.19,18.54,27.07,6.75
2019-03-05,3.23,19.09,27.16,6.65
2019-03-06,3.26,19.17,27.03,6.65
2019-03-07,3.33,19.26,27.2,6.68
2019-03-08,3.27,18.76,27.07,6.64
2019-03-11,3.27,18.57,26.99,6.62
2019-03-12,3.27,19.59,27.93,6.75
2019-03-13,3.27,19.64,28.11,6.78
2019-03-14,3.28,19.97,28.84,6.78
2019-03-15,3.25,20.53,28.45,6.68
2019-03-18,3.47,20.58,29.14,6.76
2019-03-19,3.7,20.2,28.8,6.76
2019-03-20,3.86,19.92,28.75,6.75
2019-03-21,3.62,19.2,28.71,6.73
2019-03-22,3.65,19.37,28.84,6.75
2019-03-25,3.84,19.04,28.24,6.65
2019-03-26,3.81,18.93,28.24,6.65
2019-03-27,3.75,19.26,28.24,6.68
2019-03-28,3.73,19.64,28.75,6.75
2019-03-29,3.75,19.75,29.01,6.76
2019-04-01,3.68,19.59,29.23,7.19
2019-04-02,3.66,19.2,29.1,7.08
2019-04-03,3.57,19.7,28.97,7.19
2019-04-04,3.61,19.48,29.19,7.24
2019-04-05,3.6,19.34,29.36,7.22
2019-04-08,3.61,19.59,30.05,7.26
2019-04-09,3.61,19.73,30.09,7.19
2019-04-10,3.6,19.42,29.7,7.05
2019-04-11,3.6,19.4,29.53,7.16
2019-04-12,3.85,19.17,29.31,7.14
2019-04-16,3.75,19.59,29.06,7.07
2019-04-17,3.76,19.2,29.31,7.03
2019-04-18,3.67,19.2,29.27,6.95
2019-04-19,3.73,19.23,29.31,7.03
2019-04-22,3.64,18.87,29.27,6.92
2019-04-23,3.64,18.87,29.1,6.91
2019-04-24,3.62,19.09,29.53,6.83
2019-04-25,3.6,19.04,29.19,6.75
2019-04-26,3.57,19.2,29.27,6.79
2019-05-02,3.48,19.04,28.84,6.79
2019-05-03,3.47,18.87,28.75,6.78
2019-05-06,3.38,18.26,28.58,6.78
2019-05-07,3.3,18.26,28.28,6.84
2019-05-08,3.36,17.85,28.06,6.81
2019-05-09,3.26,17.16,28.24,6.84
2019-05-10,3.38,17.66,28.28,7.16
2019-05-13,3.35,18.04,28.41,7.29
2019-05-14,3.38,17.88,28.71,7.32
2019-05-15,3.38,18.15,28.8,7.37
2019-05-16,3.36,17.99,28.8,7.42
2019-05-17,3.32,17.74,28.8,7.57
2019-05-20,3.46,18.04,29.23,7.59
2019-05-21,3.39,18.24,29.19,7.61
2019-05-22,3.39,18.32,28.97,7.61
2019-05-23,3.41,18.43,29.14,7.51
2019-05-24,3.37,17.93,28.67,7.51
2019-05-27,3.34,17.99,29.06,7.57
2019-05-28,3.33,17.82,29.06,7.56
2019-05-29,3.31,17.66,29.1,7.65
2019-05-30,3.28,17.55,29.19,7.65
2019-05-31,3.28,17.38,28.97,7.61
2019-06-03,3.27,16.88,28.67,7.57
2019-06-04,3.24,17.66,28.97,7.57
2019-06-05,3.28,17.33,28.75,7.61
2019-06-06,3.28,17.27,28.41,7.61
2019-06-07,3.3,17.49,28.28,7.67
2019-06-10,3.29,17.49,28.75,7.75
2019-06-11,3.33,17.6,29.06,8.12
2019-06-12,3.56,17.38,28.88,8.02
2019-06-13,3.47,17.38,29.01,8.08
2019-06-14,3.49,17.74,29.83,7.92
2019-06-17,3.49,17.71,29.83,7.8
2019-06-18,3.55,17.66,30.31,7.49
2019-06-19,3.57,17.66,30.09,7.45
2019-06-20,3.6,18.02,30.82,7.51
2019-06-21,3.62,17.93,30.61,7.51
2019-06-24,3.48,17.99,31.47,7.3
2019-06-25,3.47,17.71,31.21,7.29
2019-06-26,3.52,17.93,30.39,7.22
2019-06-27,3.55,17.66,29.96,7.22
2019-06-28,3.56,17.49,30.39,7.27
2019-07-01,3.66,17.85,30.74,7.29
2019-07-02,3.7,17.68,30.39,7.32
2019-07-03,3.66,17.71,30.0,7.35
2019-07-04,3.75,18.1,31.25,7.38
2019-07-05,3.76,18.1,31.3,7.35
2019-07-08,3.76,17.96,30.74,7.32
2019-07-09,3.79,17.99,31.0,7.32
2019-07-10,3.74,17.88,31.25,7.32
2019-07-11,3.77,18.46,31.9,7.3
2019-07-12,3.91,18.43,31.77,7.29
2019-07-15,3.93,18.37,32.33,7.34
2019-07-16,3.84,19.06,33.28,7.42
2019-07-17,3.77,19.06,32.85,7.45
2019-07-18,3.73,19.15,32.94,7.38
2019-07-19,3.8,19.26,34.06,7.26
2019-07-22,3.81,19.73,34.06,7.32
2019-07-23,3.91,19.45,34.01,7.35
2019-07-24,3.94,19.01,33.15,7.34
2019-07-25,3.99,19.42,33.5,7.32
2019-07-26,3.96,19.75,33.84,7.3
2019-07-29,3.89,19.75,34.92,7.29
2019-07-30,3.81,19.31,34.75,7.26
2019-07-31,3.87,19.59,34.57,7.26
2019-08-01,3.89,19.56,34.7,7.16
2019-08-02,3.79,19.75,34.1,7.05
2019-08-05,3.83,19.75,33.37,7.16
2019-08-06,3.75,19.42,32.89,7.16
2019-08-07,3.84,19.15,33.8,7.16
2019-08-08,3.83,19.15,33.84,7.18
2019-08-09,3.83,19.15,33.84,7.19
2019-08-12,3.81,19.51,33.5,7.19
2019-08-13,3.8,19.26,32.89,7.19
2019-08-14,3.95,19.37,32.89,7.14
2019-08-15,3.93,19.37,34.06,7.13
2019-08-16,4.02,19.86,33.58,7.14
2019-08-19,4.3,20.25,33.11,7.13
2019-08-20,4.46,20.31,33.15,7.11
2019-08-21,4.46,20.89,34.49,7.13
2019-08-22,4.42,20.75,34.49,7.14
2019-08-23,4.39,20.72,34.14,7.19
2019-08-26,4.57,20.89,33.54,7.18
2019-08-27,4.71,20.69,32.98,7.21
2019-08-28,4.75,20.75,33.19,7.24
2019-08-29,4.54,20.91,33.11,7.32
2019-08-30,4.57,21.38,33.5,7.4
2019-09-03,4.38,21.35,33.54,7.22
2019-09-04,4.51,21.3,33.32,7.22
2019-09-05,4.49,21.24,33.45,7.13
2019-09-06,4.48,20.97,33.32,7.13
2019-09-09,4.48,21.02,33.28,7.05
2019-09-10,4.48,21.13,33.5,6.99
2019-09-11,4.37,21.08,33.71,7.03
2019-09-12,4.37,21.33,34.27,7.07
2019-09-13,4.42,21.99,35.31,7.16
2019-09-16,4.29,22.07,34.92,7.16
2019-09-17,4.21,22.62,34.96,7.16
2019-09-18,4.14,22.71,34.75,7.16
2019-09-19,4.2,22.51,35.13,7.22
2019-09-20,4.11,22.07,34.92,7.11
2019-09-23,3.91,21.88,34.06,7.07
2019-09-24,3.89,21.77,34.75,7.1
2019-09-25,3.85,22.02,34.79,7.1
2019-09-26,4.04,22.15,34.92,7.16
2019-09-27,4.05,22.21,35.74,7.13
2019-09-30,4.16,21.74,35.39,7.13
2019-10-01,4.12,22.07,35.95,7.16
2019-10-02,4.05,22.18,35.35,7.16
2019-10-03,4.02,22.76,35.35,7.13
2019-10-04,4.01,22.35,35.78,7.13
2019-10-07,4.02,22.29,35.69,7.1
2019-10-08,3.98,22.68,36.69,7.1
2019-10-09,3.98,22.76,36.43,7.13
2019-10-10,3.96,22.62,36.47,7.13
2019-10-11,3.92,22.51,36.77,7.13
2019-10-14,3.91,22.71,36.64,7.14
2019-10-15,3.91,22.84,36.73,7.13
2019-10-16,3.91,22.71,37.12,7.13
2019-10-17,3.89,22.51,36.73,7.22
2019-10-18,3.92,22.13,36.64,7.22
2019-10-21,3.85,21.69,36.3,7.22
2019-10-22,3.87,22.07,36.82,7.11
2019-10-23,3.87,22.13,36.77,7.13
2019-10-24,3.87,22.24,37.46,7.16
2019-10-25,3.97,22.18,37.94,7.13
2019-10-28,3.93,22.4,37.68,7.08
2019-10-29,3.87,22.4,37.25,7.11
2019-10-30,3.86,22.18,37.85,7.16
2019-10-31,3.85,22.4,37.81,7.14
2019-11-01,3.85,22.62,38.28,7.14
2019-11-04,3.86,23.29,39.66,7.13
2019-11-05,3.84,23.45,39.14,7.18
2019-11-06,3.84,23.29,39.23,7.16
2019-11-07,3.78,23.74,39.36,7.16
2019-11-08,3.78,23.57,39.45,7.19
2019-11-11,3.8,23.57,39.36,7.19
2019-11-12,3.81,24.03,39.53,7.19
2019-11-13,3.76,24.48,39.01,7.18
2019-11-14,3.78,24.26,39.19,7.14
2019-11-15,3.73,23.97,38.67,7.08
2019-11-18,3.74,23.57,37.76,7.07
2019-11-19,3.75,23.77,39.23,7.11
2019-11-20,3.77,23.71,38.58,7.1
2019-11-21,3.75,23.51,37.72,7.1
2019-11-22,3.66,22.94,36.86,6.94
2019-11-25,3.57,22.66,36.43,6.94
2019-11-26,3.65,22.83,36.51,6.97
2019-11-27,3.51,23.29,37.2,6.97
2019-11-28,3.46,23.2,36.77,6.94
2019-11-29,3.44,23.11,36.77,6.97
2019-12-02,3.38,22.49,36.0,6.95
2019-12-03,3.33,22.66,35.35,6.92
2019-12-04,3.25,23.03,36.51,6.97
2019-12-05,3.27,22.83,36.56,6.94
2019-12-06,3.27,22.63,36.6,6.91
2019-12-09,3.27,22.83,36.73,6.84
2019-12-10,3.2,22.77,36.82,6.75
2019-12-11,3.18,22.89,37.03,6.68
2019-12-12,3.13,23.4,37.72,6.68
2019-12-13,3.11,23.91,38.11,6.68
2019-12-16,3.09,23.91,37.07,6.68
2019-12-17,3.11,23.66,36.77,6.68
2019-12-18,3.11,23.97,37.38,6.62
2019-12-19,3.17,24.09,37.94,6.62
2019-12-20,3.14,24.4,38.07,6.68
2019-12-23,3.11,25.54,39.19,6.68
2019-12-24,3.12,25.63,38.8,6.7
2019-12-25,3.14,25.8,38.76,6.68
2019-12-26,3.13,25.23,38.54,6.73
2019-12-27,3.12,26.37,39.01,6.71
2019-12-30,3.07,26.31,39.58,6.71
2019-12-31,3.28,26.34,39.23,6.7
2020-01-02,3.21,26.77,39.49,6.78
2020-01-03,3.27,26.65,39.1,6.84
2020-01-06,3.18,26.14,38.06,6.73
2020-01-07,3.17,26.65,38.19,6.75
2020-01-08,3.13,26.88,37.84,6.65
2020-01-09,3.15,28.34,38.58,6.71
2020-01-10,3.16,29.28,38.93,6.84
2020-01-13,2.97,28.59,38.88,6.86
2020-01-14,3.1,28.59,38.88,6.91
2020-01-15,3.11,29.11,38.84,6.92
2020-01-16,3.12,30.82,38.93,6.97
2020-01-17,3.12,30.53,41.1,6.86
2020-01-20,3.12,30.42,40.88,6.84
2020-01-21,3.11,30.82,40.88,6.84
2020-01-22,3.29,31.68,40.62,6.84
2020-01-30,3.12,30.08,38.66,6.81
2020-01-31,3.11,29.39,38.58,6.65
2020-02-03,3.02,30.53,38.58,6.6
2020-02-04,3.06,31.05,39.06,6.68
2020-02-05,3.08,30.53,38.66,6.71
2020-02-06,3.08,30.36,38.88,6.81
2020-02-07,3.11,29.51,39.14,6.62
2020-02-10,3.06,28.02,38.66,6.65
2020-02-11,3.03,28.99,38.8,6.68
2020-02-12,3.03,28.99,38.88,6.7
2020-02-13,3.02,28.77,38.84,6.7
2020-02-14,3.01,28.54,38.84,6.94
2020-02-17,3.06,29.39,38.88,6.94
2020-02-18,3.02,29.68,38.88,6.94
2020-02-19,3.03,29.28,38.93,6.78
2020-02-20,3.19,29.28,38.93,6.81
2020-02-21,3.12,28.25,38.71,6.78
2020-02-24,3.03,26.43,37.93,6.44
2020-02-25,3.04,27.85,37.49,6.67
2020-02-26,3.02,26.82,36.97,6.6
2020-02-27,3.03,26.88,36.53,6.83
2020-02-28,2.97,25.97,35.84,6.81
2020-03-02,3.02,25.77,35.58,6.79
2020-03-03,3.05,26.77,35.75,6.81
2020-03-04,3.11,26.34,35.53,6.97
2020-03-05,3.09,26.62,36.14,7.0
2020-03-06,3.08,26.74,36.75,7.0
2020-03-09,2.87,24.88,34.18,6.52
2020-03-10,2.9,24.2,34.75,6.68
2020-03-11,2.81,22.52,33.49,6.68
2020-03-12,2.62,20.95,31.18,6.46
2020-03-13,2.63,19.98,30.88,6.25
2020-03-16,2.61,18.72,29.18,6.51
2020-03-17,2.62,19.29,29.36,6.68
2020-03-18,2.69,19.72,30.14,6.78
2020-03-19,2.63,19.06,28.7,6.78
2020-03-20,2.59,18.89,26.75,6.97
2020-03-23,2.41,17.58,24.88,6.78
2020-03-24,2.38,18.04,25.23,6.99
2020-03-25,2.47,18.95,26.97,6.97
2020-03-26,2.31,19.01,27.49,6.52
2020-03-27,2.3,18.83,27.88,6.29
2020-03-30,2.14,17.64,26.53,5.86
2020-03-31,2.01,17.61,26.97,5.46
2020-04-01,2.14,18.32,28.27,5.16
2020-04-03,2.2,19.58,28.49,5.33
2020-04-06,2.35,20.95,29.57,5.55
2020-04-07,2.34,21.12,29.66,5.57
2020-04-08,2.29,21.66,29.36,5.44
2020-04-09,2.33,21.52,30.88,5.54
2020-04-10,2.38,21.06,30.71,5.47
2020-04-13,2.54,21.2,30.79,5.54
2020-04-14,2.63,20.83,30.4,5.52
2020-04-15,2.63,21.29,30.84,5.82
2020-04-16,2.56,21.29,30.97,5.78
2020-04-17,2.64,21.35,31.05,5.89
2020-04-20,2.65,21.17,31.27,5.82
2020-04-21,2.55,19.8,31.1,5.47
2020-04-22,2.6,20.66,30.14,5.63
2020-04-23,2.58,20.66,30.1,5.63
2020-04-24,2.63,20.55,29.97,5.63
2020-04-27,2.59,20.03,29.05,5.57
2020-04-28,2.59,20.06,29.14,5.57
2020-04-29,2.56,20.32,29.57,5.54
2020-05-04,2.53,20.15,29.31,5.54
2020-05-05,2.56,20.15,29.05,5.6
2020-05-06,2.63,20.55,29.4,5.71
2020-05-07,2.64,21.43,30.31,5.76
2020-05-08,2.75,21.69,31.97,5.76
2020-05-11,2.88,21.97,32.4,5.97
2020-05-12,2.95,22.0,32.88,6.38
2020-05-13,3.02,22.6,32.88,6.83
2020-05-14,3.2,22.66,33.05,6.95
2020-05-15,2.99,22.03,33.05,6.95
2020-05-18,3.16,22.2,34.14,6.84
2020-05-19,3.14,22.32,34.36,7.0
2020-05-20,3.07,22.34,34.62,6.99
2020-05-21,3.03,22.66,35.32,6.94
2020-05-22,3.03,22.43,35.23,6.68
2020-05-25,3.02,22.63,35.27,6.68
2020-05-26,3.09,23.97,35.88,6.71
2020-05-27,3.05,22.72,36.06,6.65
2020-05-28,3.02,23.23,36.75,6.57
2020-05-29,3.11,22.89,37.06,6.57
2020-06-01,3.25,23.66,37.62,6.78
2020-06-02,3.16,23.14,37.66,6.68
2020-06-03,3.18,23.4,38.23,6.99
2020-06-04,3.24,23.86,38.71,7.0
2020-06-05,3.24,24.03,38.71,6.99
2020-06-08,3.46,25.11,38.88,6.94
2020-06-09,3.7,24.74,38.93,6.89
2020-06-10,3.88,24.83,38.97,7.0
2020-06-11,3.61,23.11,38.27,6.56
2020-06-12,3.37,24.26,37.23,6.68
2020-06-15,3.34,22.77,35.66,6.46
2020-06-16,3.43,23.23,36.4,6.68
2020-06-17,3.38,23.0,36.62,6.54
2020-06-18,3.29,23.11,36.97,6.57
2020-06-19,3.4,23.66,37.14,6.68
2020-06-22,3.37,23.57,37.19,6.67
2020-06-23,3.49,23.23,37.4,6.78
2020-06-24,3.5,23.0,36.84,6.76
2020-06-25,3.4,22.83,36.4,6.68
2020-06-26,3.38,22.77,36.23,6.73
2020-06-29,3.16,21.97,35.45,6.64
2020-06-30,3.18,21.63,34.92,6.56
2020-07-01,3.3,22.37,35.97,6.64
2020-07-02,3.27,22.26,35.92,6.62
2020-07-03,3.23,22.32,36.1,6.56
2020-07-06,3.29,22.89,36.06,6.65
2020-07-07,3.21,23.17,36.27,6.67
2020-07-08,3.26,23.14,36.1,6.81
2020-07-09,3.29,23.74,36.36,6.99
2020-07-10,3.27,23.69,35.97,6.91
2020-07-13,3.27,23.57,36.06,6.94
2020-07-14,3.26,23.54,36.1,6.91
2020-07-15,3.26,23.6,36.32,6.89
2020-07-16,3.27,23.6,36.32,7.03
2020-07-17,3.27,23.74,36.01,7.0
2020-07-20,3.32,23.29,35.75,6.95
2020-07-21,3.36,23.29,35.88,6.84
2020-07-22,3.33,22.83,35.88,6.84
2020-07-23,3.23,22.74,35.88,6.81
2020-07-24,3.02,21.8,35.23,6.59
2020-07-27,2.81,20.29,33.49,6.21
2020-07-28,2.9,21.6,34.14,6.64
2020-07-29,2.74,21.09,33.71,6.46
2020-07-30,2.84,21.23,33.66,6.52
2020-07-31,2.81,20.92,33.23,6.56
2020-08-03,2.9,21.23,34.27,6.57
2020-08-04,2.9,21.63,35.62,6.65
2020-08-05,2.95,22.12,35.97,6.68
2020-08-06,3.16,21.83,36.01,6.68
2020-08-07,3.18,21.75,36.06,6.65
2020-08-10,3.16,21.75,35.62,6.68
2020-08-11,3.12,21.97,35.71,6.71
2020-08-12,3.12,22.37,35.71,6.71
2020-08-13,3.16,22.63,36.1,6.79
2020-08-14,3.14,22.26,35.66,6.7
2020-08-17,3.14,22.09,35.79,6.7
2020-08-18,3.14,21.92,35.79,6.71
2020-08-19,3.18,22.03,36.1,6.73
2020-08-20,3.29,21.83,36.1,6.81
2020-08-21,3.34,22.23,36.06,7.0
2020-08-24,3.35,22.63,36.49,7.13
2020-08-25,3.37,22.54,36.49,7.14
2020-08-26,3.49,22.46,36.32,7.1
2020-08-27,3.49,22.32,36.32,7.1
2020-08-28,3.61,23.14,36.27,7.1
2020-08-31,3.48,23.37,36.1,7.16
2020-09-01,3.48,23.63,36.1,7.45
2020-09-03,3.59,24.09,37.49,7.49
2020-09-04,3.7,24.03,36.92,7.37
2020-09-07,3.75,23.17,36.36,7.26
2020-09-08,3.75,23.31,35.88,7.3
2020-09-09,3.81,23.29,35.75,7.32
2020-09-10,4.04,23.11,35.71,7.4
2020-09-11,4.24,23.09,35.79,7.37
2020-09-14,4.32,23.11,36.1,7.34
2020-09-15,4.25,23.26,35.88,7.3
2020-09-16,4.27,23.14,36.06,7.3
2020-09-17,4.5,23.11,35.88,7.3
2020-09-18,4.59,23.4,36.06,7.56
2020-09-21,4.53,23.29,36.1,7.54
2020-09-22,4.44,23.23,36.53,7.61
2020-09-23,4.45,23.63,37.14,7.54
2020-09-24,4.4,23.34,37.45,7.57
2020-09-25,4.4,23.29,37.4,7.48
2020-09-28,4.66,23.57,37.4,7.54
2020-09-29,4.65,23.2,36.79,7.42
2020-09-30,4.67,23.29,36.58,7.46
2020-10-01,4.76,23.37,36.88,7.86
2020-10-02,4.67,23.2,36.53,7.91
2020-10-05,4.77,23.06,36.32,8.0
2020-10-06,4.72,23.09,36.49,7.99
2020-10-07,4.68,23.09,36.97,7.88
2020-10-08,4.67,23.06,36.88,7.83
2020-10-09,4.75,23.03,36.88,7.92
2020-10-12,4.67,23.37,37.36,7.89
2020-10-13,4.67,23.54,37.62,7.91
2020-10-14,4.59,24.48,38.36,7.96
2020-10-15,4.65,24.11,38.53,7.89
2020-10-16,4.61,24.09,38.36,7.94
2020-10-19,4.65,23.91,38.06,8.12
2020-10-20,4.59,23.97,38.14,8.16
2020-10-21,4.59,24.17,37.49,7.96
2020-10-22,4.54,24.51,37.66,8.02
2020-10-23,4.53,24.43,38.06,7.84
2020-10-26,4.44,23.4,37.4,7.64
2020-10-27,4.25,23.23,37.4,7.56
2020-10-28,4.07,22.43,36.62,7.03
2020-10-29,4.11,22.06,36.36,7.24
2020-10-30,4.11,21.97,36.1,7.26
2020-11-02,4.11,22.2,37.32,7.35
2020-11-03,4.13,22.49,36.97,7.42
2020-11-04,4.32,22.69,36.97,7.53
2020-11-05,4.26,22.29,36.97,7.45
2020-11-06,4.2,22.29,36.97,7.46
2020-11-09,4.29,22.4,37.19,7.8
2020-11-10,4.45,22.49,37.01,7.64
2020-11-11,4.45,22.49,36.92,7.69
2020-11-12,4.46,22.6,37.58,7.7
2020-11-13,4.46,23.0,37.79,7.73
2020-11-16,4.77,22.77,37.32,7.7
2020-11-17,4.99,23.0,38.1,7.77
2020-11-18,4.93,22.86,38.1,7.88
2020-11-19,4.81,23.06,39.23,7.86
2020-11-20,4.73,23.51,40.23,7.84
2020-11-23,4.83,23.46,39.84,7.81
2020-11-24,4.8,23.23,40.19,8.05
2020-11-25,4.76,23.57,40.67,8.0
2020-11-26,4.77,24.31,40.88,7.89
2020-11-27,5.1,24.23,41.1,8.12
2020-11-30,5.17,23.8,40.45,8.67
2020-12-01,5.52,23.8,40.01,8.69
2020-12-02,5.67,23.69,40.67,8.52
2020-12-03,5.58,23.74,40.67,8.44
2020-12-04,5.58,23.77,39.62,8.52
2020-12-07,5.96,24.54,40.49,8.55
2020-12-08,6.38,24.37,40.49,8.57
2020-12-09,6.81,25.0,41.97,8.73
2020-12-10,7.13,25.08,42.27,8.63
2020-12-11,7.15,26.14,42.27,8.67
2020-12-14,7.65,26.54,43.45,8.73
2020-12-15,7.68,26.31,42.54,8.63
2020-12-16,7.59,27.05,43.45,8.83
2020-12-17,7.48,26.48,41.75,9.14
2020-12-18,7.63,26.82,43.01,9.68
2020-12-21,8.15,27.08,43.37,10.34
2020-12-22,8.29,26.74,42.93,10.73
2020-12-23,7.93,26.6,42.75,10.3
2020-12-24,7.59,25.97,42.66,10.11
2020-12-25,7.96,26.6,42.8,10.56
2020-12-28,7.96,27.08,42.97,10.46
2020-12-29,7.82,27.6,43.5,10.3
2020-12-30,7.67,27.42,42.93,10.32
2020-12-31,7.87,27.8,42.93,10.42
2021-01-04,8.12,28.0,43.41,10.81
2021-01-05,8.69,27.8,43.54,10.79
2021-01-06,9.28,28.32,46.04,10.89
2021-01-07,9.92,28.38,46.92,11.02
2021-01-08,10.56,28.15,45.95,11.08
2021-01-11,10.52,28.0,45.82,10.96
2021-01-12,10.29,28.29,46.3,10.89
2021-01-13,10.11,28.12,45.95,10.73
2021-01-14,10.79,28.35,45.56,10.75
2021-01-15,11.53,28.35,45.25,11.16
2021-01-18,12.3,28.24,45.29,11.2
2021-01-19,11.48,26.26,43.41,10.87
2021-01-20,10.7,26.41,43.45,10.85
2021-01-21,11.43,26.99,45.16,11.08
2021-01-22,11.3,26.26,45.16,10.77
2021-01-25,10.98,25.88,44.94,10.61
2021-01-26,10.29,24.69,44.24,10.38
2021-01-27,9.6,23.97,42.71,9.76
2021-01-28,8.94,22.32,39.73,9.08
2021-01-29,9.03,23.16,40.78,9.7
2021-02-01,8.4,22.69,39.94,9.47
2021-02-02,8.23,22.84,42.31,9.84
2021-02-03,8.81,24.0,43.37,10.42
2021-02-04,9.42,24.09,43.37,10.3
2021-02-05,10.06,24.26,43.85,10.38
2021-02-08,10.52,23.27,41.26,10.19
2021-02-09,10.66,23.68,42.62,10.44
2021-02-17,10.89,24.43,43.85,10.77
2021-02-18,10.52,25.19,44.72,10.83
2021-02-19,10.38,25.59,44.42,10.77
2021-02-22,10.43,25.39,44.11,10.85
2021-02-23,10.38,25.54,43.85,10.87
2021-02-24,10.38,24.98,43.01,10.65
2021-02-25,10.38,24.93,43.06,10.63
2021-02-26,10.34,25.3,43.06,10.71
2021-03-01,10.84,25.59,43.5,10.89
2021-03-02,10.75,25.57,43.54,11.57
2021-03-03,10.75,25.42,43.15,11.57
2021-03-04,11.16,24.81,42.66,11.14
2021-03-05,11.16,24.61,42.27,11.08
2021-03-08,11.3,24.64,41.74,11.08
2021-03-09,11.07,24.29,41.66,11.04
2021-03-10,11.16,24.38,41.87,11.06
2021-03-11,11.89,25.13,42.23,11.12
2021-03-12,11.71,25.16,42.01,11.12
2021-03-15,11.48,24.96,42.23,11.16
2021-03-16,11.21,24.61,41.96,11.08
2021-03-17,11.25,25.13,41.92,11.16
2021-03-18,11.39,26.12,42.75,11.28
2021-03-19,11.43,26.12,41.3,11.24
2021-03-22,11.25,25.91,42.53,11.2
2021-03-23,10.98,25.36,42.01,11.0
2021-03-24,10.61,24.46,41.52,10.48
2021-03-25,10.43,24.52,41.7,10.46
2021-03-26,10.29,24.43,41.61,10.38
2021-03-29,10.75,24.69,41.79,10.65
2021-03-30,10.79,24.87,41.57,10.81
2021-03-31,10.75,24.93,41.57,10.83
2021-04-01,11.43,25.51,42.49,10.89
2021-04-02,11.25,26.12,42.88,11.0
2021-04-05,11.34,26.44,44.72,11.04
2021-04-06,11.11,26.55,44.68,10.95
2021-04-07,11.3,26.44,44.68,11.2
2021-04-08,11.25,26.0,43.85,11.24
2021-04-09,11.21,25.71,42.75,11.2
2021-04-12,11.53,25.97,43.37,11.33
2021-04-13,11.43,25.33,42.75,11.51
2021-04-14,11.53,25.54,43.28,11.53
2021-04-15,11.16,24.98,42.75,11.2
2021-04-16,10.75,24.38,42.23,10.77
2021-04-19,10.98,24.96,43.19,11.0
2021-04-20,10.66,25.07,45.16,10.81
2021-04-22,10.15,23.8,45.16,10.5
2021-04-23,10.52,24.38,45.6,10.89
2021-04-26,10.2,23.51,43.23,10.56
2021-04-27,9.97,23.42,43.41,10.54
2021-04-28,10.06,23.56,43.41,10.6
2021-04-29,9.88,23.8,43.85,10.65
2021-05-04,9.6,23.97,43.45,10.89
2021-05-05,10.24,24.32,44.37,11.14
2021-05-06,10.06,23.94,43.54,10.95
2021-05-07,9.83,23.59,42.53,11.31
2021-05-10,10.15,24.03,43.01,12.09
2021-05-11,10.11,24.43,42.93,12.05
2021-05-12,10.11,24.75,42.66,12.42
2021-05-13,10.06,24.72,42.44,12.25
2021-05-14,10.06,24.58,42.49,12.42
2021-05-17,9.97,24.26,42.09,12.68
2021-05-18,9.92,23.74,41.48,12.48
2021-05-19,9.83,23.74,41.26,12.79
2021-05-20,10.34,24.29,43.41,12.83
2021-05-21,10.43,25.97,42.44,12.83
2021-05-24,10.34,26.7,42.71,12.97
2021-05-25,10.56,27.1,43.76,13.65
2021-05-26,10.7,27.07,44.02,13.98
2021-05-27,10.47,26.35,43.28,13.65
2021-05-28,10.89,27.36,43.67,14.04
2021-05-31,11.62,28.26,43.23,14.56
2021-06-01,12.35,27.86,45.47,14.7
2021-06-02,12.39,27.51,46.48,14.46
2021-06-03,13.22,28.32,46.79,14.87
2021-06-04,13.72,28.44,46.0,15.16
2021-06-07,12.81,27.16,45.16,14.46
2021-06-08,11.94,26.0,43.85,13.61
2021-06-09,12.39,26.38,44.72,13.96
2021-06-10,11.98,25.48,44.64,13.71
2021-06-11,12.12,26.23,45.08,14.23
2021-06-14,12.76,26.06,44.72,14.11
2021-06-15,12.71,26.06,45.08,14.0
2021-06-16,12.35,26.29,45.6,13.84
2021-06-17,12.35,26.64,45.69,13.76
2021-06-18,12.39,26.78,47.57,13.8
2021-06-21,12.12,26.12,46.74,13.71
2021-06-22,12.17,26.12,47.18,13.78
2021-06-23,12.3,26.35,48.1,13.9
2021-06-24,12.3,26.23,48.54,13.86
2021-06-25,12.99,26.44,49.37,13.96
2021-06-28,12.81,27.22,49.37,14.64
2021-06-29,12.94,27.22,49.99,14.5
2021-06-30,12.62,27.42,51.04,14.29
2021-07-01,13.49,27.45,51.04,14.46
2021-07-02,14.41,27.31,50.38,14.68
2021-07-05,14.82,27.07,49.81,15.28
2021-07-06,13.81,25.54,49.11,14.21
2021-07-07,13.49,26.41,49.72,14.58
2021-07-08,13.26,26.58,48.67,14.68
2021-07-09,12.35,26.06,48.14,14.39
2021-07-12,11.53,24.38,46.96,13.63
2021-07-13,11.71,24.61,45.34,13.53
2021-07-14,11.25,24.72,44.64,12.83
2021-07-15,11.98,24.78,44.94,13.1
2021-07-16,11.66,24.67,44.94,13.18
2021-07-19,10.89,23.01,42.53,12.27
2021-07-20,11.62,23.8,43.94,12.83
2021-07-21,11.34,23.62,43.41,12.87
2021-07-22,11.43,23.8,43.98,13.16
2021-07-23,11.16,23.33,42.53,12.83
2021-07-26,11.11,23.21,42.09,12.79
2021-07-27,11.25,23.33,41.66,13.26
2021-07-28,11.25,23.51,42.53,13.3
2021-07-29,12.03,23.8,42.93,13.49
2021-07-30,12.17,23.85,42.97,13.61
2021-08-02,12.17,24.69,42.53,13.39
2021-08-03,12.81,25.16,43.32,13.43
2021-08-04,12.99,24.96,43.19,13.65
2021-08-05,13.17,24.93,43.58,13.96
2021-08-06,12.85,24.9,43.01,13.8
2021-08-09,13.17,25.04,43.1,13.96
2021-08-10,13.17,25.13,43.41,14.0
2021-08-11,12.99,25.01,44.07,14.39
2021-08-12,12.81,24.84,43.8,14.15
2021-08-13,13.08,24.69,43.67,14.15
2021-08-16,14.0,25.13,44.11,14.43
2021-08-17,13.63,24.93,44.29,14.52
2021-08-18,13.72,24.75,44.29,14.48
2021-08-19,14.59,24.67,45.08,14.27
2021-08-20,14.73,23.51,43.89,13.61
2021-08-23,15.73,22.81,42.66,13.14
2021-08-24,14.91,22.87,42.53,13.24
2021-08-25,15.09,22.9,42.75,13.57
2021-08-26,14.77,22.4,42.44,13.26
2021-08-27,15.18,22.46,42.88,13.22
2021-08-30,15.37,22.9,43.54,13.47
2021-08-31,15.09,22.61,43.58,13.26
2021-09-01,15.32,22.63,43.58,13.3
2021-09-06,16.37,22.69,43.85,13.53
2021-09-07,15.96,23.04,43.85,14.15
2021-09-08,15.69,22.98,43.72,14.04
2021-09-09,15.82,23.1,43.54,14.7
2021-09-10,15.69,23.01,43.5,14.54
2021-09-13,15.32,22.72,43.01,14.81
2021-09-14,14.86,22.46,43.1,14.62
2021-09-15,15.09,22.52,42.58,14.87
2021-09-16,15.05,22.87,43.01,15.03
2021-09-17,15.64,23.21,42.62,15.86
2021-09-20,15.55,23.16,43.67,15.59
2021-09-21,15.23,23.01,42.97,15.55
2021-09-22,15.55,22.98,43.63,15.59
2021-09-23,15.55,22.9,43.63,16.16
2021-09-24,15.37,23.04,43.63,16.17
2021-09-27,14.64,22.87,42.97,15.55
2021-09-28,15.05,23.27,43.5,15.82
2021-09-29,14.91,23.16,43.19,16.1
2021-09-30,14.82,22.9,42.62,16.17
2021-10-01,14.68,22.52,42.05,16.56
2021-10-04,14.5,22.58,41.48,16.33
2021-10-05,15.46,22.81,41.92,16.52
2021-10-06,15.32,22.87,41.92,16.45
2021-10-07,15.37,22.72,42.44,16.33
2021-10-08,15.28,22.75,42.53,16.39
2021-10-11,15.6,23.21,42.75,16.76
2021-10-12,15.96,23.36,42.53,16.6
2021-10-13,15.73,23.16,42.53,16.49
2021-10-14,16.01,22.95,42.4,16.45
2021-10-15,16.01,22.92,42.31,16.93
2021-10-18,15.64,22.81,42.09,17.11
2021-10-19,15.5,23.24,42.27,17.07
2021-10-20,15.46,23.07,41.66,17.15
2021-10-21,15.46,22.92,41.22,16.99
2021-10-22,15.28,22.81,41.35,16.8
2021-10-25,15.37,22.75,41.26,16.33
2021-10-26,15.41,22.75,41.22,16.52
2021-10-27,15.73,23.16,42.14,16.84
2021-10-28,15.96,23.13,42.93,17.26
2021-10-29,16.01,24.09,42.97,17.44
2021-11-01,16.92,24.26,42.53,16.87
2021-11-02,17.43,24.35,42.93,17.03
2021-11-03,16.65,24.98,43.28,17.19
2021-11-04,17.65,25.54,43.15,17.01
2021-11-05,17.56,25.3,42.75,16.91
2021-11-08,18.07,25.48,43.06,17.03
2021-11-09,17.7,24.96,42.58,16.87
2021-11-10,17.75,24.96,42.8,17.11
2021-11-11,17.75,24.84,43.1,16.72
2021-11-12,18.98,25.07,43.06,16.91
2021-11-15,20.31,24.84,42.84,17.09
2021-11-16,21.08,24.84,42.62,16.99
2021-11-17,22.04,25.3,42.97,16.82
2021-11-18,23.55,25.83,42.53,16.7
2021-11-19,22.87,25.77,42.58,16.91
2021-11-22,21.95,26.44,43.32,18.08
2021-11-23,23.46,25.94,43.45,18.94
2021-11-24,24.06,26.73,45.95,19.09
2021-11-25,24.51,26.32,46.96,19.13
2021-11-26,23.83,26.38,46.04,18.47
2021-11-29,24.65,25.83,44.33,18.35
2021-11-30,25.34,25.77,43.37,17.54
2021-12-01,25.34,25.71,43.41,18.76
2021-12-02,24.79,25.65,43.45,18.82
2021-12-03,23.1,24.38,42.97,18.27
2021-12-06,21.5,24.35,41.83,18.27
2021-12-07,22.41,25.3,43.06,18.59
2021-12-08,22.46,25.54,43.28,19.87
2021-12-09,22.87,25.54,43.5,19.91
2021-12-10,22.32,25.88,43.85,20.22
2021-12-13,22.59,26.41,43.67,19.64
2021-12-14,22.32,26.29,43.54,19.64
2021-12-15,21.86,26.06,43.8,20.22
2021-12-16,21.4,26.06,43.45,19.91
2021-12-17,22.5,26.06,42.31,19.95
2021-12-20,22.87,25.88,43.63,20.89
2021-12-21,22.32,25.42,43.37,20.37
2021-12-22,21.95,25.13,43.55,19.95
2021-12-23,20.95,25.3,43.33,19.26
2021-12-24,21.31,25.67,44.46,20.6
2021-12-27,21.22,25.89,45.2,21.39
2021-12-28,21.04,25.81,45.31,22.07
2021-12-29,21.95,25.81,45.03,21.71
2021-12-30,23.46,25.96,44.4,21.39
2021-12-31,23.33,27.21,44.63,21.55
2022-01-04,23.33,27.43,44.74,22.44
2022-01-05,23.05,27.17,44.18,22.05
2022-01-06,22.73,27.87,44.8,22.05
2022-01-07,22.96,28.75,45.2,21.52
2022-01-10,21.95,28.49,45.03,21.23
2022-01-11,21.59,28.89,44.97,21.1
2022-01-12,22.41,30.91,45.31,22.57
2022-01-13,21.63,32.27,46.38,22.13
2022-01-14,21.5,32.45,47.23,21.99
2022-01-17,20.03,32.01,48.82,21.1
2022-01-18,18.66,32.93,49.61,20.42
2022-01-19,19.21,32.01,49.16,20.63
2022-01-20,19.67,34.25,49.33,20.79
2022-01-21,19.35,34.72,50.52,21.0
2022-01-24,18.02,34.39,52.67,19.82
2022-01-25,17.56,35.93,54.26,20.87
2022-01-26,17.24,35.27,53.52,20.58
2022-01-27,17.38,34.91,51.54,21.1
2022-01-28,17.47,35.16,50.41,22.02
2022-02-07,18.48,34.76,52.33,21.89
2022-02-08,18.52,34.72,52.1,22.05
2022-02-09,18.93,35.49,51.43,21.78
2022-02-10,18.84,35.49,51.71,21.63
2022-02-11,18.84,35.13,50.97,22.49
2022-02-14,18.11,32.82,48.71,21.0
2022-02-15,18.2,33.88,49.27,21.39
2022-02-16,18.39,33.11,49.27,21.21
2022-02-17,18.61,33.73,49.56,21.6
2022-02-18,18.93,32.78,49.39,21.42
2022-02-21,19.62,33.18,49.5,21.47
2022-02-22,19.07,33.73,49.16,21.78
2022-02-23,19.35,33.44,49.22,22.36
2022-02-24,18.84,32.71,48.31,21.65
2022-02-25,19.48,32.67,48.2,22.02
2022-02-28,19.3,32.05,47.86,22.18
2022-03-01,19.48,32.34,48.14,22.47
2022-03-02,19.25,31.13,48.14,21.76
2022-03-03,19.62,31.39,48.42,21.78
2022-03-04,19.99,31.75,48.08,21.39
2022-03-07,19.67,30.98,48.08,20.47
2022-03-08,19.44,30.51,46.16,20.37
2022-03-09,19.39,29.7,47.01,20.37
2022-03-10,19.48,30.03,47.29,20.47
2022-03-11,18.93,30.69,47.46,20.29
2022-03-14,18.16,30.29,47.69,20.58
2022-03-15,18.25,30.87,45.93,20.94
2022-03-16,18.34,30.51,46.72,20.87
2022-03-17,18.57,31.9,47.01,20.79
2022-03-18,18.57,32.19,47.69,20.73
2022-03-21,18.75,32.12,48.08,20.94
2022-03-22,18.89,31.9,48.08,21.26
2022-03-23,18.93,31.83,48.08,21.02
2022-03-24,18.75,31.61,47.29,21.05
2022-03-25,18.61,31.86,46.72,20.94
2022-03-28,18.29,30.51,46.67,20.71
2022-03-29,18.39,31.09,46.38,21.15
2022-03-30,18.2,31.94,46.44,21.0
2022-03-31,18.16,31.9,46.5,21.08
2022-04-01,18.29,32.52,46.89,21.65
2022-04-04,19.57,32.45,46.78,21.65
2022-04-05,19.03,31.75,47.01,21.42
2022-04-06,18.98,31.9,47.91,21.6
2022-04-07,18.48,31.57,47.01,21.52
2022-04-08,18.07,30.73,47.01,21.1
2022-04-12,16.92,29.66,46.67,19.97
2022-04-13,17.38,29.99,46.67,21.0
2022-04-14,17.11,29.7,45.87,20.5
2022-04-15,16.42,28.82,45.42,19.61
2022-04-18,15.28,27.83,44.01,19.89
2022-04-19,14.32,27.83,44.01,19.0
2022-04-20,14.27,27.83,44.4,18.64
2022-04-21,14.27,28.23,44.4,18.27
2022-04-22,14.18,28.23,46.55,18.48
2022-04-25,13.22,26.29,46.33,18.11
2022-04-26,13.54,27.06,45.59,18.35
2022-04-27,13.81,27.28,46.16,18.27
2022-04-28,13.9,26.91,46.16,17.64
2022-04-29,14.0,27.32,45.82,17.64
2022-05-04,13.67,27.32,45.25,16.8
2022-05-05,13.54,28.01,45.87,17.95
2022-05-06,12.62,27.13,44.97,17.64
2022-05-09,11.75,25.26,44.12,16.59
2022-05-10,12.35,26.25,45.31,17.48
2022-05-11,12.21,26.47,45.31,17.56
2022-05-12,11.39,24.64,43.61,16.59
2022-05-13,10.61,23.32,41.34,15.75
2022-05-16,10.7,23.61,42.02,16.27
2022-05-17,11.43,25.26,43.04,17.32
2022-05-18,11.57,25.59,42.7,16.9
2022-05-19,11.57,25.41,43.04,16.35
2022-05-20,11.62,25.3,42.65,16.48
2022-05-23,11.16,24.46,42.14,15.75
2022-05-24,11.25,24.75,42.82,16.22
2022-05-25,11.71,25.59,43.61,16.75
2022-05-26,12.03,25.74,43.44,16.59
2022-05-27,11.98,25.89,43.84,16.96
2022-05-30,12.17,26.22,44.18,17.32
2022-05-31,11.94,25.89,44.69,16.98
2022-06-01,11.85,25.78,45.59,16.8
2022-06-02,11.62,25.45,44.74,16.8
2022-06-03,11.34,25.19,43.89,16.72
2022-06-06,11.25,25.08,45.14,16.12
2022-06-07,10.98,24.64,45.87,15.54
2022-06-08,11.34,25.15,44.86,15.88
2022-06-09,11.71,25.3,44.06,15.77
2022-06-10,11.25,24.79,44.01,15.59
2022-06-13,10.47,23.43,43.27,14.51
2022-06-14,10.02,23.69,43.61,13.91
2022-06-15,9.33,23.47,43.33,13.94
2022-06-16,9.33,23.69,44.8,14.07
2022-06-17,8.68,23.17,43.1,13.39
2022-06-20,8.08,21.63,43.04,13.15
2022-06-21,7.87,22.22,44.01,13.46
2022-06-22,8.34,22.37,43.04,13.75
2022-06-23,8.42,22.73,42.99,13.91
2022-06-24,8.73,22.88,42.48,13.65
2022-06-27,9.15,23.28,42.42,14.02
2022-06-28,9.1,24.68,43.21,14.49
2022-06-29,9.13,25.59,42.76,14.38
2022-06-30,8.61,24.57,42.36,14.25
2022-07-01,8.96,25.7,41.91,14.33
2022-07-04,9.51,25.7,41.97,14.33
2022-07-05,9.28,26.62,41.91,14.44
2022-07-06,8.96,26.11,41.23,14.15
2022-07-07,8.83,26.62,42.76,14.41
2022-07-08,9.15,25.67,41.91,14.23
2022-07-11,9.06,25.3,40.78,13.65
2022-07-12,9.33,26.69,40.72,14.02
2022-07-13,9.33,26.44,40.66,13.99
2022-07-14,9.97,26.51,41.0,14.12
2022-07-15,9.92,26.25,40.95,14.23
2022-07-18,9.97,26.03,40.78,14.3
2022-07-19,9.74,26.14,40.38,14.25
2022-07-20,9.97,26.69,41.06,14.93
2022-07-21,9.92,26.77,41.06,14.86
2022-07-22,9.79,26.03,41.06,14.72
2022-07-25,9.79,25.96,41.29,14.38
2022-07-26,9.6,26.07,41.85,14.17
2022-07-27,9.92,26.07,42.48,14.15
2022-07-28,10.24,26.77,42.65,14.28
2022-07-29,10.24,27.35,42.31,13.96
2022-08-01,10.89,28.6,43.61,14.3
2022-08-02,10.89,28.23,44.69,14.51
2022-08-03,10.98,28.82,45.03,14.7
2022-08-04,10.98,28.82,46.72,15.12
2022-08-05,11.34,28.6,46.44,15.12
2022-08-08,11.16,28.45,46.44,14.99
2022-08-09,11.16,28.34,45.76,15.01
2022-08-10,11.07,28.16,45.59,14.86
2022-08-11,10.93,28.09,46.16,14.96
2022-08-12,11.07,28.75,46.21,15.01
2022-08-15,11.25,30.07,46.33,15.2
2022-08-16,11.21,29.7,46.16,15.14
2022-08-17,11.16,29.33,46.16,15.07
2022-08-18,11.25,29.04,46.16,15.07
2022-08-19,11.39,28.86,45.82,14.91
2022-08-22,11.8,28.2,45.31,14.65
2022-08-23,12.35,28.97,45.42,14.7
2022-08-24,12.26,28.82,46.44,14.75
2022-08-25,12.35,28.82,46.44,15.12
2022-08-26,12.03,28.89,46.72,14.91
2022-08-29,11.66,28.6,46.72,14.54
2022-08-30,11.48,29.19,48.71,14.65
2022-08-31,11.62,29.33,47.57,14.7
2022-09-05,11.48,28.97,46.78,14.7
2022-09-06,11.48,29.37,46.84,14.7
2022-09-07,10.79,27.72,45.31,14.33
2022-09-08,10.61,26.91,44.18,14.12
2022-09-09,10.61,27.13,44.63,14.17
2022-09-12,10.66,27.06,44.8,14.15
2022-09-13,10.7,26.99,44.52,14.09
2022-09-14,10.98,26.77,44.35,13.94
2022-09-15,10.84,26.22,44.86,13.94
2022-09-16,10.43,26.03,45.31,13.81
2022-09-19,9.74,25.08,44.63,13.12
2022-09-20,9.92,25.78,44.86,13.33
2022-09-21,9.97,25.48,44.69,13.25
2022-09-22,10.15,25.78,44.18,13.31
2022-09-23,9.97,25.48,42.99,13.15
2022-09-26,9.33,24.49,42.48,13.07
2022-09-27,9.33,24.71,42.08,13.07
2022-09-28,9.33,24.57,42.48,12.94
2022-09-29,8.96,24.57,41.91,12.97
2022-09-30,8.96,24.86,41.46,13.12
2022-10-03,8.34,23.14,39.98,12.52
2022-10-04,7.96,22.73,40.38,12.49
2022-10-05,8.42,23.32,40.49,12.6
2022-10-06,8.07,22.73,39.7,12.6
2022-10-07,7.51,21.41,37.78,11.73
2022-10-10,7.68,22.0,36.87,10.92
2022-10-11,7.15,20.9,35.11,10.16
2022-10-12,7.32,22.33,36.25,10.76
2022-10-13,7.34,23.8,37.66,10.81
2022-10-14,7.51,24.2,38.57,10.81
2022-10-17,7.63,23.98,37.55,10.81
2022-10-18,7.78,24.05,38.34,10.81
2022-10-19,7.68,24.2,38.46,10.79
2022-10-20,7.55,24.31,39.19,10.81
2022-10-21,7.04,23.91,38.51,10.55
2022-10-24,6.56,22.26,38.51,10.58
2022-10-25,6.42,22.95,39.59,10.58
2022-10-26,6.42,23.25,39.65,10.5
2022-10-27,6.87,24.86,40.61,11.02
2022-10-28,6.95,24.79,40.55,10.94
2022-10-31,6.98,25.34,41.63,10.87
2022-11-01,7.24,24.97,42.48,11.44
2022-11-02,7.23,24.71,41.68,11.31
2022-11-03,6.93,24.2,41.34,11.15
2022-11-04,6.59,24.42,40.66,11.18
2022-11-07,6.33,24.42,40.66,10.55
2022-11-08,6.45,25.59,41.12,10.76
2022-11-09,6.41,26.51,41.91,10.6
2022-11-10,5.96,25.45,41.23,10.45
2022-11-11,5.98,26.4,42.76,10.45
2022-11-14,5.66,26.33,42.53,10.34
2022-11-15,5.27,24.49,42.48,10.45
2022-11-16,5.63,26.18,42.53,10.94
2022-11-17,5.96,26.14,43.33,10.94
2022-11-18,6.21,26.36,43.33,10.81
2022-11-21,6.25,26.03,42.48,10.81
2022-11-22,6.38,26.73,41.63,10.84
2022-11-23,6.27,27.43,41.63,10.5
2022-11-24,6.16,27.87,41.34,10.5
2022-11-25,6.59,29.33,41.4,10.66
2022-11-28,7.04,28.97,43.44,11.02
2022-11-29,7.32,30.07,45.2,11.29
2022-11-30,7.41,30.14,45.87,11.55
2022-12-01,7.45,28.6,45.31,11.44
2022-12-02,7.94,30.21,48.14,11.97
2022-12-05,8.28,30.25,48.14,12.15
2022-12-06,7.7,28.67,45.31,11.34
2022-12-07,7.18,28.6,44.46,11.0
2022-12-08,7.67,28.6,43.61,11.55
2022-12-09,7.68,28.75,43.78,11.81
2022-12-12,7.48,27.94,43.84,12.02
2022-12-13,7.82,28.38,44.29,12.07
2022-12-14,7.78,28.45,44.63,11.97
2022-12-15,7.8,28.6,45.03,12.07
2022-12-16,7.83,28.53,45.14,12.07
2022-12-19,7.87,28.45,44.86,11.81
2022-12-20,7.48,28.23,44.74,11.55
2022-12-21,7.04,28.31,44.57,11.34
2022-12-22,7.09,28.6,44.91,11.73
2022-12-23,7.13,28.6,44.8,11.55
2022-12-26,6.68,28.45,44.69,11.02
2022-12-27,7.02,29.33,44.8,11.05
2022-12-28,7.04,30.73,45.31,11.23
2022-12-29,6.97,29.33,45.71,11.23
2022-12-30,6.97,28.31,45.31,11.05
2023-01-03,7.44,30.21,46.78,11.5
2023-01-04,7.44,29.92,46.89,11.55
2023-01-05,7.44,29.88,47.57,11.84
2023-01-06,7.44,30.54,47.57,11.81
2023-01-09,7.37,30.07,49.22,11.81
2023-01-10,7.25,30.29,49.44,11.81
2023-01-11,7.47,30.25,48.2,11.78
2023-01-12,7.43,30.4,48.03,11.76
2023-01-13,7.48,30.65,48.59,11.76
2023-01-16,7.44,32.78,49.44,11.55
2023-01-17,7.66,32.96,50.63,12.07
2023-01-18,7.66,33.07,50.97,12.39
2023-01-19,7.8,33.7,52.67,12.6
2023-01-27,7.85,32.67,52.67,12.86
2023-01-30,7.86,32.63,50.92,12.55
2023-01-31,7.9,33.07,52.05,13.12
2023-02-01,7.63,31.39,50.46,12.44
2023-02-02,7.52,31.64,51.31,12.55
2023-02-03,7.49,31.79,52.67,12.6
2023-02-06,7.51,33.0,54.37,12.65
2023-02-07,7.43,32.12,52.1,12.81
2023-02-08,7.48,32.63,53.35,12.91
2023-02-09,7.44,32.27,52.67,12.73
2023-02-10,7.31,31.5,53.52,12.36
2023-02-13,6.83,32.56,52.95,12.07
2023-02-14,7.0,31.83,52.39,12.34
2023-02-15,7.16,32.27,52.67,12.49
2023-02-16,7.26,33.0,52.33,12.6
2023-02-17,7.25,33.59,52.67,12.52
2023-02-20,7.7,34.61,53.12,12.91
2023-02-21,7.62,33.92,53.35,13.02
2023-02-22,7.34,33.0,52.67,12.36
2023-02-23,7.34,33.4,52.84,12.6
2023-02-24,7.2,32.71,52.95,12.34
2023-02-27,7.16,32.45,52.56,12.2
2023-02-28,7.17,32.34,52.95,12.23
2023-03-01,7.34,33.48,52.67,12.6
2023-03-02,7.3,34.03,52.78,12.49
2023-03-03,7.17,33.66,51.48,12.28
2023-03-06,7.25,33.59,51.54,12.31
2023-03-07,7.25,34.39,52.05,12.34
2023-03-08,7.31,35.2,52.22,12.57
2023-03-09,7.39,34.94,52.67,12.86
2023-03-10,7.31,34.58,52.16,12.6
2023-03-13,7.21,33.92,51.82,12.76
2023-03-14,7.06,33.04,51.54,12.7
2023-03-15,7.56,34.32,51.77,12.94
2023-03-16,7.53,33.92,51.54,12.94
2023-03-17,7.52,33.95,50.41,13.28
2023-03-20,7.34,33.26,48.2,12.58
2023-03-21,7.46,33.26,48.99,12.58
2023-03-22,7.44,33.81,50.41,12.7
2023-03-23,7.56,33.66,51.37,12.84
2023-03-24,7.62,33.4,50.41,12.81
2023-03-27,7.96,33.73,51.54,12.76
2023-03-28,7.9,33.73,51.99,12.73
2023-03-29,8.08,33.88,52.27,12.76
2023-03-30,8.27,33.88,52.5,12.9
2023-03-31,8.73,33.88,51.77,12.93
2023-04-03,9.04,33.66,52.56,13.25
2023-04-04,9.2,33.73,52.1,13.16
2023-04-05,9.39,33.37,52.16,13.22
2023-04-06,8.92,33.73,51.65,13.46
2023-04-07,9.34,33.48,50.97,13.46
2023-04-10,9.39,32.78,50.41,13.46
2023-04-11,9.39,32.56,49.95,13.46
2023-04-12,9.11,32.56,50.01,13.46
2023-04-13,8.9,32.96,49.95,13.51
2023-04-14,8.83,32.6,50.07,13.51
2023-04-17,9.09,33.0,50.07,13.4
2023-04-18,9.39,32.71,49.84,13.28
2023-04-19,10.04,32.56,50.12,13.02
2023-04-20,10.18,32.71,50.01,13.05
2023-04-21,10.87,32.41,49.56,13.13
2023-04-24,11.25,32.05,49.78,13.31
2023-04-25,10.5,31.94,50.01,13.25
2023-04-26,10.97,32.34,50.63,13.4
2023-04-27,10.73,32.19,50.97,13.43
2023-04-28,10.69,31.9,51.26,13.86
2023-05-04,11.43,32.08,50.12,13.75
2023-05-05,11.29,31.86,50.86,13.6
2023-05-08,11.34,32.78,52.67,13.54
2023-05-09,11.34,33.07,52.27,13.72
2023-05-10,11.29,33.0,52.1,13.83
2023-05-11,11.25,33.0,51.54,13.75
2023-05-12,11.57,33.0,52.56,13.72
2023-05-15,11.43,32.93,51.93,13.92
2023-05-16,11.39,33.0,52.44,13.89
2023-05-17,11.29,32.85,52.56,13.54
2023-05-18,11.52,32.74,53.8,13.63
2023-05-19,11.62,32.56,53.35,13.66
2023-05-22,11.66,32.56,52.73,13.86
2023-05-23,11.57,32.16,52.56,13.8
2023-05-24,12.13,31.9,52.44,13.69
2023-05-25,11.8,32.08,52.78,13.63
2023-05-26,11.8,31.83,52.1,13.78
2023-05-29,12.08,32.19,52.73,14.15
2023-05-30,12.22,32.12,53.52,14.04
2023-05-31,12.08,32.27,53.24,14.56
2023-06-01,12.08,32.19,53.18,15.23
2023-06-02,12.18,32.78,53.75,15.32
2023-06-05,12.18,32.78,55.5,15.2
2023-06-06,12.41,32.85,56.07,15.03
2023-06-07,12.31,32.52,54.94,15.29
2023-06-08,11.66,32.05,56.64,14.91
2023-06-09,11.9,31.86,56.92,15.12
2023-06-12,11.71,32.01,57.2,14.92
2023-06-13,11.9,32.52,58.05,14.72
2023-06-14,11.8,32.27,58.11,14.72
2023-06-15,11.71,32.16,58.62,14.72
2023-06-16,11.94,32.05,59.47,14.76
2023-06-19,11.99,31.75,57.6,14.84
2023-06-20,12.18,31.9,56.58,14.8
2023-06-21,13.01,31.83,56.64,14.92
2023-06-22,13.29,32.23,56.86,14.92
2023-06-23,13.89,32.49,56.58,15.0
2023-06-26,13.94,32.49,56.64,14.96
2023-06-27,13.85,32.49,56.64,14.92
2023-06-28,13.71,33.26,57.26,14.96
2023-06-29,13.01,32.63,57.71,14.68
2023-06-30,13.15,31.79,56.64,14.59
2023-07-03,13.2,32.63,56.64,14.72
2023-07-04,13.94,32.27,56.64,14.72
2023-07-05,13.62,32.52,57.77,14.68
2023-07-06,13.62,32.23,57.03,14.76
2023-07-07,13.76,32.49,59.47,14.63
2023-07-10,13.99,34.43,58.16,14.76
2023-07-11,13.89,34.14,58.33,14.84
2023-07-12,14.08,34.25,58.9,14.72
2023-07-13,14.13,34.39,59.41,14.8
2023-07-14,14.13,34.28,59.47,14.72
2023-07-17,14.22,33.88,59.35,14.8
2023-07-18,14.03,34.25,59.07,15.36
2023-07-19,13.89,33.92,60.32,15.16
2023-07-20,13.94,33.92,59.47,15.24
2023-07-21,14.5,34.28,59.47,15.2
2023-07-24,14.54,34.32,59.24,15.12
2023-07-25,14.31,34.58,61.34,15.41
2023-07-26,14.22,34.72,62.48,15.24
2023-07-27,14.08,34.25,62.01,15.04
2023-07-28,14.45,34.25,62.21,15.16
2023-07-31,14.5,34.61,61.27,15.2
2023-08-01,14.13,35.35,61.0,15.24
2023-08-02,14.17,36.01,61.2,15.32
2023-08-03,14.31,35.6,60.6,14.96
2023-08-04,14.54,35.49,60.27,15.36
2023-08-07,15.01,35.82,60.74,15.65
2023-08-08,14.82,35.68,60.67,15.41
2023-08-09,14.54,35.35,60.33,15.28
2023-08-10,14.45,34.1,59.2,15.0
2023-08-11,14.87,34.25,60.47,15.12
2023-08-14,15.33,34.91,59.53,15.12
2023-08-15,15.1,34.47,59.47,15.41
2023-08-16,15.06,34.83,59.67,15.49
2023-08-17,15.24,34.54,59.8,15.28
2023-08-18,14.22,32.41,59.87,14.68
2023-08-21,13.94,33.44,60.07,15.0
2023-08-22,14.13,33.59,59.13,15.04
2023-08-23,13.94,33.51,57.73,15.0
2023-08-24,14.36,33.59,58.19,15.24
2023-08-25,14.59,33.15,57.66,15.28
2023-08-28,14.92,33.29,58.19,15.41
2023-08-29,15.33,33.59,59.13,15.41
2023-08-30,16.08,33.88,59.6,15.85
2023-08-31,16.12,34.43,59.6,15.89
2023-09-05,16.12,34.83,60.27,15.93
2023-09-06,16.5,34.69,60.33,16.01
2023-09-07,16.54,34.72,59.87,15.93
2023-09-08,16.45,34.47,59.87,15.73
2023-09-11,16.64,34.1,59.2,15.36
2023-09-12,17.8,34.47,60.13,15.57
2023-09-13,17.84,34.47,59.6,15.61
2023-09-14,18.31,34.28,59.6,15.41
2023-09-15,17.89,34.32,60.07,15.57
2023-09-18,18.03,33.55,59.4,15.36
2023-09-19,18.03,33.15,58.93,15.45
2023-09-20,18.87,33.51,58.86,15.81
2023-09-21,17.98,33.15,58.19,15.45
2023-09-22,16.73,33.77,59.73,15.04
2023-09-25,15.57,33.07,59.73,14.59
2023-09-26,15.06,32.52,58.19,14.35
2023-09-27,16.08,32.56,58.73,14.43
2023-09-28,16.36,32.52,58.86,14.63
2023-09-29,16.12,32.52,58.53,14.47
2023-10-02,16.5,32.23,57.86,14.19
2023-10-03,15.38,30.47,57.73,13.54
2023-10-04,15.91,31.17,57.73,13.46
2023-10-05,15.24,30.51,56.52,13.42
2023-10-06,15.53,30.95,57.12,13.62
2023-10-09,15.72,30.76,56.59,13.66
2023-10-10,15.96,30.84,57.59,13.58
2023-10-11,16.88,30.8,57.86,13.58
2023-10-12,16.68,30.91,57.53,13.95
2023-10-13,16.35,31.17,57.93,13.99
2023-10-16,16.11,30.54,57.59,13.62
2023-10-17,15.0,30.29,57.46,13.38
2023-10-18,14.42,29.33,57.46,13.18
2023-10-19,13.45,29.48,56.52,13.09
2023-10-20,14.08,29.7,56.72,13.38
2023-10-23,13.5,29.55,56.52,13.34
2023-10-24,13.79,30.29,57.53,13.62
2023-10-25,13.6,29.88,57.39,13.58
2023-10-26,12.68,29.74,56.52,12.97
2023-10-27,12.63,30.8,56.86,13.13
2023-10-30,12.06,30.07,57.46,12.97
2023-10-31,11.33,29.48,58.06,12.81
2023-11-01,12.1,29.33,58.73,12.81
2023-11-02,12.92,30.54,59.53,13.3
2023-11-03,12.97,30.43,59.47,13.01
2023-11-06,13.21,30.65,59.87,13.46
2023-11-07,13.07,30.65,59.06,13.42
2023-11-08,13.94,31.46,59.87,13.99
2023-11-09,14.42,31.42,58.8,13.86
2023-11-10,14.37,30.95,57.53,13.78
2023-11-13,14.27,30.87,57.19,13.99
2023-11-14,14.42,31.53,57.53,14.11
2023-11-15,14.47,32.38,58.66,14.35
2023-11-16,14.9,32.08,58.86,14.19
2023-11-17,14.47,31.46,57.26,13.78
2023-11-20,14.95,31.64,57.59,13.95
2023-11-21,15.09,32.23,57.93,13.82
2023-11-22,15.33,31.97,57.99,13.86
2023-11-23,14.27,31.53,57.19,13.78
2023-11-24,14.95,32.01,57.53,13.78
2023-11-27,14.61,31.53,57.39,13.5
2023-11-28,14.85,32.11,57.39,13.58
2023-11-29,15.04,32.48,56.92,13.66
2023-11-30,14.85,32.11,56.66,13.78
2023-12-01,15.09,32.56,56.86,13.86
2023-12-04,16.06,32.89,57.53,13.95
2023-12-05,16.01,32.77,57.12,13.82
2023-12-06,16.2,33.06,57.46,14.15
2023-12-07,15.77,33.55,56.99,14.23
2023-12-08,15.48,34.63,56.86,14.15
2023-12-11,15.48,34.21,56.32,14.07
2023-12-12,15.38,34.63,56.32,14.07
2023-12-13,15.24,34.38,55.99,13.78
2023-12-14,15.29,34.38,56.46,13.7
2023-12-15,15.33,34.3,54.98,13.74
2023-12-18,15.14,33.88,54.52,13.7
2023-12-19,15.38,34.05,54.31,13.78
2023-12-20,15.53,34.13,54.25,13.7
2023-12-21,15.48,34.54,54.11,13.7
2023-12-22,15.38,35.08,54.11,13.7
2023-12-25,15.33,35.7,54.72,13.82
2023-12-26,15.43,35.54,55.38,13.78
2023-12-27,15.62,35.54,55.32,14.07
2023-12-28,15.53,35.29,55.38,14.03
2023-12-29,15.48,35.87,53.71,14.11
2024-01-02,15.33,35.54,55.85,14.03
2024-01-03,15.48,36.2,56.52,14.15
2024-01-04,15.72,36.07,57.46,14.51
2024-01-05,15.82,36.77,57.66,14.59
2024-01-08,16.39,38.34,58.06,14.55
2024-01-09,16.25,38.06,58.73,14.39
2024-01-10,15.96,39.17,59.87,15.0
2024-01-11,16.2,38.43,59.73,15.0
2024-01-12,16.01,38.01,59.33,15.04
2024-01-15,15.62,38.51,60.2,14.84
2024-01-16,15.91,38.76,60.2,15.08
2024-01-17,16.01,38.72,60.8,14.88
2024-01-18,15.91,39.25,60.94,14.96
2024-01-19,15.86,41.2,61.94,15.08
2024-01-22,16.11,41.15,61.54,15.12
2024-01-23,16.01,40.82,61.2,15.08
2024-01-24,16.01,40.41,60.94,14.84
2024-01-25,16.01,40.0,60.87,14.72
2024-01-26,16.01,40.45,61.54,14.84
2024-01-29,15.91,40.25,61.0,14.72
2024-01-30,15.96,40.04,60.87,14.84
2024-01-31,15.82,39.42,59.2,14.47
2024-02-01,16.25,39.05,60.07,14.47
2024-02-02,16.59,38.76,60.4,14.19
2024-02-05,16.64,40.2,60.2,14.72
2024-02-06,16.73,40.33,59.87,14.68
2024-02-07,16.73,40.45,60.2,15.0
2024-02-15,16.68,40.45,60.13,15.28
2024-02-16,16.68,40.12,59.93,15.32
2024-02-19,16.59,40.74,60.33,15.24
2024-02-20,16.88,40.82,61.07,15.2
2024-02-21,16.78,41.11,61.0,15.81
2024-02-22,16.54,41.11,59.87,15.85
2024-02-23,15.96,42.97,59.47,15.49
2024-02-26,16.68,44.3,59.87,15.53
2024-02-27,16.78,43.8,60.94,15.53
2024-02-28,16.68,44.54,65.15,16.22
2024-02-29,16.83,43.8,65.08,16.09
2024-03-01,17.46,44.21,65.08,16.09
2024-03-04,17.46,44.21,64.21,15.89
2024-03-05,18.13,44.96,63.88,15.73
2024-03-06,18.42,44.96,63.95,15.57
2024-03-07,19.67,44.05,64.08,15.61
2024-03-08,20.25,42.23,63.61,15.08
2024-03-11,20.45,41.73,62.94,15.0
2024-03-12,20.16,42.97,63.14,15.0
2024-03-13,21.02,43.47,64.21,15.41
2024-03-14,20.59,42.72,63.55,15.2
2024-03-15,20.73,43.14,62.88,15.24
2024-03-18,19.43,42.97,62.21,14.84
2024-03-19,19.53,42.64,61.87,14.76
2024-03-20,20.01,43.8,62.34,15.08
2024-03-21,20.06,43.8,63.68,15.2
2024-03-22,20.35,44.79,64.48,15.2
2024-03-25,20.01,43.8,64.01,15.41
2024-03-26,20.35,43.8,64.42,15.53
2024-03-27,20.45,43.39,64.08,15.57
2024-03-28,21.84,43.47,64.01,15.49
2024-03-29,21.51,43.06,63.48,15.49
2024-04-01,21.36,43.06,63.68,15.2
2024-04-02,21.51,42.89,63.21,15.28
2024-04-03,21.02,42.15,62.74,15.0
2024-04-04,20.54,42.15,64.21,14.92
2024-04-05,19.77,41.49,63.48,14.76
2024-04-08,19.53,41.98,63.48,14.8
2024-04-09,20.3,43.55,63.08,15.08
2024-04-10,19.96,42.97,63.21,14.88
2024-04-11,20.2,43.8,62.88,14.88
2024-04-12,20.88,44.13,63.28,15.16
2024-04-15,19.43,41.07,61.54,14.19
2024-04-16,19.77,41.57,60.87,14.27
2024-04-17,18.95,39.75,60.54,13.78
2024-04-19,17.65,39.96,60.54,13.46
2024-04-22,18.32,41.4,60.6,14.19
2024-04-23,17.07,40.82,60.27,13.99
2024-04-24,17.84,41.32,60.6,14.59
2024-04-25,17.55,40.99,60.87,14.55
2024-04-26,17.36,40.66,61.0,14.51
2024-05-02,16.93,40.66,61.47,14.31
2024-05-03,17.17,40.66,61.87,14.19
2024-05-06,17.99,41.73,62.21,14.43
2024-05-07,17.89,41.32,62.14,14.39
2024-05-08,18.18,41.15,62.21,14.39
2024-05-09,17.99,40.91,61.87,14.72
2024-05-10,18.23,40.53,61.54,14.68
2024-05-13,18.42,40.16,60.87,14.59
2024-05-14,18.37,39.75,60.6,14.59
2024-05-15,18.95,40.16,60.87,14.55
2024-05-16,19.0,40.99,61.94,14.88
2024-05-17,19.38,40.78,61.41,14.92
2024-05-20,19.38,40.99,61.47,14.96
2024-05-21,19.48,41.32,60.94,14.88
2024-05-22,19.72,41.15,60.67,14.72
2024-05-23,19.82,40.91,60.87,14.84
2024-05-24,18.95,40.66,60.33,14.39
2024-05-27,18.81,40.41,60.33,14.35
2024-05-28,19.53,40.58,60.67,14.47
2024-05-29,19.91,40.16,60.07,14.35
2024-05-30,21.02,39.42,59.26,14.35
2024-05-31,20.54,38.92,58.33,14.31
2024-06-03,20.78,39.09,59.0,14.63
2024-06-04,20.73,39.34,59.33,14.63
2024-06-05,20.78,39.38,59.4,14.59
2024-06-06,20.64,39.58,59.53,14.8
2024-06-07,21.02,39.46,59.2,14.68
2024-06-10,21.51,39.38,58.86,14.88
2024-06-11,22.13,39.13,58.33,14.76
2024-06-12,22.04,39.58,59.33,14.96
2024-06-13,21.7,39.96,59.13,15.41
2024-06-14,20.2,39.25,58.53,15.12
2024-06-17,20.45,38.43,58.26,15.04
2024-06-18,20.16,38.43,58.26,15.08
2024-06-19,20.45,38.1,57.93,15.04
2024-06-20,20.11,37.6,57.53,15.21
2024-06-21,19.82,37.68,57.53,15.08
2024-06-24,18.52,37.19,57.19,14.5
2024-06-25,18.76,36.53,57.19,14.62
2024-06-26,18.71,36.77,56.99,14.62
2024-06-27,18.47,36.44,56.99,14.54
2024-06-28,17.84,35.74,56.99,14.33
2024-07-01,18.42,36.28,57.59,14.46
2024-07-02,18.61,37.81,59.0,14.54
2024-07-03,18.56,39.01,59.2,14.62
2024-07-04,18.42,39.09,58.86,14.71
2024-07-05,18.42,39.09,58.86,14.75
2024-07-08,18.61,38.84,58.33,14.79
2024-07-09,19.1,39.25,58.93,14.92
2024-07-10,18.85,38.76,59.26,14.87
2024-07-11,19.0,38.68,58.93,14.92
2024-07-12,18.9,38.51,58.6,14.96
2024-07-15,18.9,38.47,58.53,14.71
2024-07-16,18.95,38.96,58.8,14.87
2024-07-17,18.28,39.67,58.86,14.87
2024-07-18,18.32,40.08,58.86,15.0
2024-07-19,17.74,39.42,58.53,15.33
2024-07-22,16.88,39.42,58.66,15.5
2024-07-23,16.68,38.01,58.53,14.79
2024-07-24,16.97,38.1,58.53,14.96
2024-07-25,16.88,38.01,58.39,14.83
2024-07-26,16.97,38.22,58.39,14.87
2024-07-29,17.07,38.92,58.39,15.08
2024-07-30,16.78,38.68,58.53,15.0
2024-07-31,16.68,39.34,59.67,15.12
2024-08-01,15.62,38.68,60.67,14.75
2024-08-02,16.39,39.46,59.33,14.79
2024-08-05,15.72,38.1,58.13,14.0
2024-08-06,16.3,38.63,58.39,14.46
2024-08-07,16.2,38.34,58.66,14.21
2024-08-08,16.01,38.01,58.39,14.08
2024-08-09,16.73,38.59,58.66,14.25
2024-08-12,16.78,38.68,58.73,14.37
2024-08-13,16.54,38.55,59.87,14.37
2024-08-14,16.2,38.88,58.86,14.33
2024-08-15,16.01,38.55,58.6,14.25
2024-08-16,17.12,39.25,58.93,14.58
2024-08-19,17.65,39.58,59.4,14.58
2024-08-20,17.89,40.62,60.74,14.62
2024-08-21,17.84,41.82,62.07,14.92
2024-08-22,17.79,41.57,61.81,15.0
2024-08-23,18.28,41.73,61.81,14.92
2024-08-26,18.13,41.49,61.54,14.83
2024-08-27,17.84,40.99,61.2,14.79
2024-08-28,17.89,40.99,60.94,14.79
2024-08-29,17.7,40.74,61.2,14.87
2024-08-30,17.79,40.41,61.34,14.92
2024-09-04,17.46,40.45,60.87,14.71
2024-09-05,17.41,40.25,60.27,14.67
2024-09-06,17.41,40.74,60.33,14.75
2024-09-09,17.36,40.53,60.33,14.67
2024-09-10,17.12,40.08,59.53,14.83
2024-09-11,16.97,39.92,59.13,14.87
2024-09-12,16.93,39.96,59.87,15.12
2024-09-13,17.12,39.83,60.13,15.12
2024-09-16,17.02,39.46,59.47,15.0
2024-09-17,17.55,40.25,60.54,15.12
2024-09-18,17.7,40.53,60.87,15.21
2024-09-19,17.74,40.7,61.2,15.21
2024-09-20,17.84,40.53,60.6,15.08
2024-09-23,17.65,40.25,60.8,15.25
2024-09-24,17.84,40.7,61.0,15.4
2024-09-25,18.18,41.32,62.07,15.6
2024-09-26,18.13,41.32,61.87,16.65
2024-09-27,18.32,41.4,61.87,16.9
2024-09-30,18.61,41.07,61.54,17.2
2024-10-01,18.95,41.07,61.54,17.1
2024-10-02,18.6,41.15,62.01,17.5
2024-10-03,18.15,40.91,61.94,17.5
2024-10-04,18.1,40.66,61.74,17.25
2024-10-07,18.4,40.53,61.54,17.5
2024-10-08,18.35,40.41,61.2,17.55
2024-10-09,18.55,40.87,60.87,17.6
2024-10-10,18.35,41.11,61.47,17.45
2024-10-11,18.6,40.82,61.2,17.5
2024-10-14,18.55,40.82,61.14,17.45
2024-10-15,18.15,41.32,61.14,17.45
2024-10-16,18.15,41.2,61.2,17.5
2024-10-17,18.25,41.57,61.67,17.9
2024-10-18,18.15,41.57,61.81,17.8
2024-10-21,17.95,41.03,61.54,17.5
2024-10-22,17.6,40.29,61.14,17.3
2024-10-23,17.7,40.0,61.2,17.65
2024-10-24,17.5,39.67,61.34,17.05
2024-10-25,17.6,39.25,61.41,17.05
2024-10-28,17.85,39.25,61.54,17.2
2024-10-29,17.85,39.3,61.54,17.1
2024-10-30,17.75,39.42,61.34,17.25
2024-10-31,17.8,39.46,62.61,17.3
2024-11-01,17.7,39.46,62.54,17.05
2024-11-04,17.7,39.42,61.87,16.55
2024-11-05,17.7,39.17,61.94,16.55
2024-11-06,18.35,39.71,62.14,16.95
2024-11-07,18.2,39.34,62.34,16.8
2024-11-08,18.2,39.17,61.67,16.65
2024-11-11,18.0,38.43,61.54,16.2
2024-11-12,18.0,38.26,61.47,16.1
2024-11-13,17.8,38.14,61.87,16.15
2024-11-14,17.05,37.6,61.54,15.75
2024-11-15,16.35,36.94,61.34,15.6
2024-11-18,16.9,36.73,60.87,16.0
2024-11-19,16.55,36.86,60.2,15.8
2024-11-20,16.7,37.19,60.4,16.05
2024-11-21,17.05,37.48,60.54,16.25
2024-11-22,16.9,37.77,60.6,16.1
2024-11-25,16.95,37.64,61.07,16.15
2024-11-26,17.25,38.22,61.81,16.15
2024-11-27,17.0,38.3,62.01,16.15
2024-11-28,17.05,38.1,61.94,16.25
2024-11-29,17.1,38.63,62.41,16.2
2024-12-02,17.05,38.43,63.01,16.1
2024-12-03,16.95,38.06,62.21,16.0
2024-12-04,16.7,37.31,62.54,15.8
2024-12-05,17.8,38.01,62.88,16.45
2024-12-06,17.7,38.51,63.01,16.25
2024-12-09,17.75,38.59,63.75,16.4
2024-12-10,17.7,38.63,63.21,16.35
2024-12-11,17.6,38.51,62.41,16.3
2024-12-12,17.5,38.51,62.54,16.35
2024-12-13,17.15,38.34,62.27,16.25
2024-12-16,17.05,38.63,62.27,16.2
2024-12-17,17.1,38.51,62.21,16.2
2024-12-18,17.25,38.72,62.27,16.25
2024-12-19,17.1,38.39,61.81,16.0
2024-12-20,17.0,38.39,61.87,15.9
2024-12-23,17.0,38.6,61.81,16.05
2024-12-24,16.95,38.1,61.61,16.05
2024-12-25,17.1,38.65,61.81,16.4
2024-12-26,17.1,39.0,61.61,16.55
2024-12-27,17.1,39.15,61.67,16.75
2024-12-30,17.1,38.25,61.54,16.65
2024-12-31,16.95,37.55,61.0,16.65
2025-01-02,17.1,38.2,61.47,16.55
2025-01-03,16.8,38.2,61.54,16.2
2025-01-06,16.5,38.8,62.14,16.05
2025-01-07,16.3,40.4,61.74,16.1
2025-01-08,16.55,40.35,61.81,16.2
2025-01-09,16.4,39.95,61.47,16.1
2025-01-10,16.0,39.1,61.14,15.9
2025-01-13,16.25,39.3,61.47,15.9
2025-01-14,16.2,39.0,61.34,15.9
2025-01-15,16.3,39.2,61.14,16.0
2025-01-16,16.5,39.4,62.01,16.05
2025-01-17,16.4,39.5,61.87,16.15
2025-01-20,16.35,39.9,61.34,16.4
2025-01-21,16.25,39.8,61.14,16.2
2025-01-22,16.15,39.5,61.0,16.1
2025-01-23,16.4,39.9,61.87,16.35
2025-01-24,16.35,40.0,61.94,16.45
2025-02-03,16.4,39.4,61.27,16.15
2025-02-04,16.85,39.65,61.54,16.55
2025-02-05,16.8,39.6,61.94,16.6
2025-02-06,16.8,39.8,62.14,16.55
2025-02-07,16.75,40.5,62.21,16.55
2025-02-10,16.5,40.35,61.67,16.75
2025-02-11,16.65,40.45,61.47,17.0
2025-02-12,16.65,40.0,61.2,16.85
2025-02-13,16.6,40.0,61.27,16.9
2025-02-14,16.8,40.65,61.27,16.9
2025-02-17,17.1,40.2,61.27,16.85
2025-02-18,17.0,40.5,61.27,16.9
2025-02-19,17.15,40.85,61.34,17.0
2025-02-20,17.1,40.9,61.34,17.1
2025-02-21,17.05,40.9,62.27,17.0
2025-02-24,17.55,41.1,62.54,17.05
2025-02-25,17.65,41.25,61.94,16.95
2025-02-26,17.9,41.2,61.74,16.95
2025-02-27,17.9,40.95,62.88,16.9
2025-02-28,18.0,40.95,62.41,16.7
2025-03-03,18.25,40.95,62.41,16.2
2025-03-04,18.0,40.8,62.21,16.2
2025-03-05,18.0,40.65,62.21,16.1
2025-03-06,18.6,40.8,62.54,16.2
2025-03-07,18.6,41.15,63.61,16.35
2025-03-10,18.35,41.4,64.75,16.2
2025-03-11,18.6,41.4,64.75,16.25
2025-03-12,18.65,40.9,66.7,16.15
2025-03-13,18.35,40.2,65.5,16.05
2025-03-14,18.25,40.4,66.0,16.1
2025-03-17,18.4,40.35,67.3,16.35
2025-03-18,18.25,40.0,66.8,16.25
2025-03-19,18.35,39.8,66.5,16.05
2025-03-20,18.6,39.8,66.8,15.2
2025-03-21,18.5,39.45,66.0,14.75
